active,address_1,address_2,unit_id,unit_type_id,property_id,photos_count
0,1 University Ct - 1,,e3e8619b-822d-11f0-8b4b-02814898e98b,0af65ecc-24e4-11ef-8b4b-02814898e98b,2d0cc10a-bed1-11ee-8b4b-02814898e98b,0
0,1 University Ct - 2,,e43e539d-822d-11f0-8b4b-02814898e98b,0af65ecc-24e4-11ef-8b4b-02814898e98b,2d0cc10a-bed1-11ee-8b4b-02814898e98b,0
0,1 University Ct - 3,,e49f0206-822d-11f0-8b4b-02814898e98b,0af65ecc-24e4-11ef-8b4b-02814898e98b,2d0cc10a-bed1-11ee-8b4b-02814898e98b,0
0,1 University Ct - 4,,e4f324b2-822d-11f0-8b4b-02814898e98b,0af65ecc-24e4-11ef-8b4b-02814898e98b,2d0cc10a-bed1-11ee-8b4b-02814898e98b,0
0,100 E. Cherry,Unit 3,3b3051c1-22ff-11eb-9ba0-024e14449321,b5465ac8-24e4-11ef-8b4b-02814898e98b,13eb8767-22ff-11eb-9ba0-024e14449321,0
0,100 E. Cherry,Unit 3,e59de326-822d-11f0-8b4b-02814898e98b,b5465ac8-24e4-11ef-8b4b-02814898e98b,13eb8767-22ff-11eb-9ba0-024e14449321,0
0,100 E. Cherry,Unit 3,e59ecc7b-822d-11f0-8b4b-02814898e98b,b5465ac8-24e4-11ef-8b4b-02814898e98b,13eb8767-22ff-11eb-9ba0-024e14449321,0
0,100 Nature Trail Lane ,Unit 227,9baf3fe3-7ade-11f1-b937-029b59f61d5d,179476b9-7adb-11f1-b937-029b59f61d5d,36cf4689-14f0-11f1-8b4b-02814898e98b,0
0,100 Nature Trail Lane ,Unit 228,ab3411c4-7ade-11f1-b937-029b59f61d5d,179476b9-7adb-11f1-b937-029b59f61d5d,36cf4689-14f0-11f1-8b4b-02814898e98b,0
0,100 Nature Trail Lane ,Unit 233,bcbc9037-7ade-11f1-b937-029b59f61d5d,179476b9-7adb-11f1-b937-029b59f61d5d,36cf4689-14f0-11f1-8b4b-02814898e98b,0
0,100 Nature Trail Lane ,Unit 234,cddfd797-7ade-11f1-b937-029b59f61d5d,179476b9-7adb-11f1-b937-029b59f61d5d,36cf4689-14f0-11f1-8b4b-02814898e98b,0
0,100 Nature Trail Lane ,Unit 235,dde2d441-7ade-11f1-b937-029b59f61d5d,179476b9-7adb-11f1-b937-029b59f61d5d,36cf4689-14f0-11f1-8b4b-02814898e98b,0
0,100 Nature Trail Lane ,Unit 236,eee04d06-7ade-11f1-b937-029b59f61d5d,179476b9-7adb-11f1-b937-029b59f61d5d,36cf4689-14f0-11f1-8b4b-02814898e98b,0
0,100 Nature Trail Lane ,Unit 237,fc6b6e3c-7ade-11f1-b937-029b59f61d5d,179476b9-7adb-11f1-b937-029b59f61d5d,36cf4689-14f0-11f1-8b4b-02814898e98b,0
0,100 Nature Trail Lane ,Unit 238,0d36ceee-7adf-11f1-b937-029b59f61d5d,179476b9-7adb-11f1-b937-029b59f61d5d,36cf4689-14f0-11f1-8b4b-02814898e98b,0
0,100 Nature Trail Lane,Unit 311,203546bb-7adf-11f1-b937-029b59f61d5d,179476b9-7adb-11f1-b937-029b59f61d5d,36cf4689-14f0-11f1-8b4b-02814898e98b,0
0,100 Nature Trail Lane ,Unit 317,413eee24-7adf-11f1-b937-029b59f61d5d,179476b9-7adb-11f1-b937-029b59f61d5d,36cf4689-14f0-11f1-8b4b-02814898e98b,0
0,100 Nature Trail Lane,Unit 318,4f42fbb2-7adf-11f1-b937-029b59f61d5d,179476b9-7adb-11f1-b937-029b59f61d5d,36cf4689-14f0-11f1-8b4b-02814898e98b,0
0,100 Nature Trail Lane ,Unit 321,5dd16d41-7adf-11f1-b937-029b59f61d5d,179476b9-7adb-11f1-b937-029b59f61d5d,36cf4689-14f0-11f1-8b4b-02814898e98b,0
0,100 Nature Trail Lane ,Unit 313,79996d35-7adf-11f1-b937-029b59f61d5d,\N,36cf4689-14f0-11f1-8b4b-02814898e98b,0
0,100 Nature Trail Lane ,Unit 314,484359e2-7ae0-11f1-b937-029b59f61d5d,\N,36cf4689-14f0-11f1-8b4b-02814898e98b,0
0,100 Nature Trail Lane,Unit 315,7ea7eece-7ae0-11f1-b937-029b59f61d5d,\N,36cf4689-14f0-11f1-8b4b-02814898e98b,0
0,100 Nature Trail Lane,Unit 316,c0ffc69b-7ae0-11f1-b937-029b59f61d5d,\N,36cf4689-14f0-11f1-8b4b-02814898e98b,0
0,100 Nature Trail Lane ,Unit 322,160f591a-7ae1-11f1-b937-029b59f61d5d,179476b9-7adb-11f1-b937-029b59f61d5d,36cf4689-14f0-11f1-8b4b-02814898e98b,0
0,100 Nature Trail Lane ,Unit 323,2e243e40-7ae1-11f1-b937-029b59f61d5d,\N,36cf4689-14f0-11f1-8b4b-02814898e98b,0
0,100 Nature Trail Lane ,Unit 324,4719c98e-7ae1-11f1-b937-029b59f61d5d,\N,36cf4689-14f0-11f1-8b4b-02814898e98b,0
0,100 Nature Trail Lane ,Unit 325,5b286f27-7ae1-11f1-b937-029b59f61d5d,\N,36cf4689-14f0-11f1-8b4b-02814898e98b,0
0,100 Nature Trail Lane,Unit 326,73ca7958-7ae1-11f1-b937-029b59f61d5d,\N,36cf4689-14f0-11f1-8b4b-02814898e98b,0
0,100 Nature Trail Lane ,Unit 327,85737a1d-7ae1-11f1-b937-029b59f61d5d,179476b9-7adb-11f1-b937-029b59f61d5d,36cf4689-14f0-11f1-8b4b-02814898e98b,0
0,100 Nature Trail Lane ,Unit 328,94d522c5-7ae1-11f1-b937-029b59f61d5d,179476b9-7adb-11f1-b937-029b59f61d5d,36cf4689-14f0-11f1-8b4b-02814898e98b,0
0,100 Nature Trail Lane ,Unit 331,aa2ed3ea-7ae1-11f1-b937-029b59f61d5d,179476b9-7adb-11f1-b937-029b59f61d5d,36cf4689-14f0-11f1-8b4b-02814898e98b,0
0,100 Nature Trail Lane ,Unit 332,eb6fb4f4-7ae1-11f1-b937-029b59f61d5d,179476b9-7adb-11f1-b937-029b59f61d5d,36cf4689-14f0-11f1-8b4b-02814898e98b,0
0,100 Nature Trail Lane,Unit 333,03e25363-7ae2-11f1-b937-029b59f61d5d,\N,36cf4689-14f0-11f1-8b4b-02814898e98b,0
0,100 Nature Trail Lane ,Unit 334,1b5b943d-7ae2-11f1-b937-029b59f61d5d,\N,36cf4689-14f0-11f1-8b4b-02814898e98b,0
0,100 Nature Trail Lane ,Unit 335,3223d575-7ae2-11f1-b937-029b59f61d5d,\N,36cf4689-14f0-11f1-8b4b-02814898e98b,0
0,100 Nature Trail Lane ,Unit 336,485d6ade-7ae2-11f1-b937-029b59f61d5d,\N,36cf4689-14f0-11f1-8b4b-02814898e98b,0
0,100 Nature Trail Lane ,Unit 338,655f5e46-7ae2-11f1-b937-029b59f61d5d,179476b9-7adb-11f1-b937-029b59f61d5d,36cf4689-14f0-11f1-8b4b-02814898e98b,0
0,100 Nature Trail Lane ,Unit 232,8a3211a9-7ae2-11f1-b937-029b59f61d5d,\N,36cf4689-14f0-11f1-8b4b-02814898e98b,0
0,100 Nature Trail Lane,Unit 231,a0fe645c-7ae2-11f1-b937-029b59f61d5d,6627c66f-8539-11f1-b937-029b59f61d5d,36cf4689-14f0-11f1-8b4b-02814898e98b,0
0,100 Nature Trail Lane,Unit 222,bbf1c1f0-7ae2-11f1-b937-029b59f61d5d,6627c66f-8539-11f1-b937-029b59f61d5d,36cf4689-14f0-11f1-8b4b-02814898e98b,0
0,100 Nature Trail Lane ,Unit 221,d39dc27f-7ae2-11f1-b937-029b59f61d5d,6627c66f-8539-11f1-b937-029b59f61d5d,36cf4689-14f0-11f1-8b4b-02814898e98b,0
0,100 Nature Trail Lane ,Unit 216,ca186e74-7adc-11f1-b937-029b59f61d5d,179476b9-7adb-11f1-b937-029b59f61d5d,36cf4689-14f0-11f1-8b4b-02814898e98b,0
0,100 Nature Trail Lane ,Unit 216,ca1a0126-7adc-11f1-b937-029b59f61d5d,179476b9-7adb-11f1-b937-029b59f61d5d,36cf4689-14f0-11f1-8b4b-02814898e98b,0
0,100 Nature Trail Lane ,Unit 217,13d32c45-7add-11f1-b937-029b59f61d5d,179476b9-7adb-11f1-b937-029b59f61d5d,36cf4689-14f0-11f1-8b4b-02814898e98b,0
0,100 Nature Trail Lane ,Unit 217,13d4a043-7add-11f1-b937-029b59f61d5d,179476b9-7adb-11f1-b937-029b59f61d5d,36cf4689-14f0-11f1-8b4b-02814898e98b,0
0,100 Nature Trail Lane ,Unit 218,2b5bb01e-7add-11f1-b937-029b59f61d5d,179476b9-7adb-11f1-b937-029b59f61d5d,36cf4689-14f0-11f1-8b4b-02814898e98b,0
0,100 Nature Trail Lane ,Unit 218,2b5d835a-7add-11f1-b937-029b59f61d5d,179476b9-7adb-11f1-b937-029b59f61d5d,36cf4689-14f0-11f1-8b4b-02814898e98b,0
0,100 Nature Trail Lane ,Unit 213,9147f08f-7add-11f1-b937-029b59f61d5d,179476b9-7adb-11f1-b937-029b59f61d5d,36cf4689-14f0-11f1-8b4b-02814898e98b,0
0,100 Nature Trail Lane ,Unit 213,91495c74-7add-11f1-b937-029b59f61d5d,179476b9-7adb-11f1-b937-029b59f61d5d,36cf4689-14f0-11f1-8b4b-02814898e98b,0
0,100 Nature Trail Lane ,Unit 214,b710c402-7add-11f1-b937-029b59f61d5d,179476b9-7adb-11f1-b937-029b59f61d5d,36cf4689-14f0-11f1-8b4b-02814898e98b,0
0,100 Nature Trail Lane ,Unit 214,b713809e-7add-11f1-b937-029b59f61d5d,179476b9-7adb-11f1-b937-029b59f61d5d,36cf4689-14f0-11f1-8b4b-02814898e98b,0
0,100 Nature Trail Lane ,Unit 215,c6d9d059-7add-11f1-b937-029b59f61d5d,179476b9-7adb-11f1-b937-029b59f61d5d,36cf4689-14f0-11f1-8b4b-02814898e98b,0
0,100 Nature Trail Lane ,Unit 215,c6daf1f4-7add-11f1-b937-029b59f61d5d,179476b9-7adb-11f1-b937-029b59f61d5d,36cf4689-14f0-11f1-8b4b-02814898e98b,0
0,100 Nature Trail Lane ,Unit 312,fd21e086-7add-11f1-b937-029b59f61d5d,179476b9-7adb-11f1-b937-029b59f61d5d,36cf4689-14f0-11f1-8b4b-02814898e98b,0
0,100 Nature Trail Lane ,Unit 312,fd232085-7add-11f1-b937-029b59f61d5d,179476b9-7adb-11f1-b937-029b59f61d5d,36cf4689-14f0-11f1-8b4b-02814898e98b,0
0,100 Nature Trail Lane ,Unit 223,56214218-7ade-11f1-b937-029b59f61d5d,179476b9-7adb-11f1-b937-029b59f61d5d,36cf4689-14f0-11f1-8b4b-02814898e98b,0
0,100 Nature Trail Lane ,Unit 223,5622c586-7ade-11f1-b937-029b59f61d5d,179476b9-7adb-11f1-b937-029b59f61d5d,36cf4689-14f0-11f1-8b4b-02814898e98b,0
0,100 Nature Trail Lane ,Unit 224,654c6bea-7ade-11f1-b937-029b59f61d5d,179476b9-7adb-11f1-b937-029b59f61d5d,36cf4689-14f0-11f1-8b4b-02814898e98b,0
0,100 Nature Trail Lane ,Unit 224,654da5cd-7ade-11f1-b937-029b59f61d5d,179476b9-7adb-11f1-b937-029b59f61d5d,36cf4689-14f0-11f1-8b4b-02814898e98b,0
0,100 Nature Trail Lane,Unit 225,7ae41cc3-7ade-11f1-b937-029b59f61d5d,179476b9-7adb-11f1-b937-029b59f61d5d,36cf4689-14f0-11f1-8b4b-02814898e98b,0
0,100 Nature Trail Lane,Unit 225,7ae54f61-7ade-11f1-b937-029b59f61d5d,179476b9-7adb-11f1-b937-029b59f61d5d,36cf4689-14f0-11f1-8b4b-02814898e98b,0
0,100 Nature Trail Lane ,Unit 226,8bbbb731-7ade-11f1-b937-029b59f61d5d,179476b9-7adb-11f1-b937-029b59f61d5d,36cf4689-14f0-11f1-8b4b-02814898e98b,0
0,100 Nature Trail Lane ,Unit 226,8bbcba18-7ade-11f1-b937-029b59f61d5d,179476b9-7adb-11f1-b937-029b59f61d5d,36cf4689-14f0-11f1-8b4b-02814898e98b,0
0,100 Nature Trail Lane ,Unit 227,9bd6c736-7ade-11f1-b937-029b59f61d5d,179476b9-7adb-11f1-b937-029b59f61d5d,36cf4689-14f0-11f1-8b4b-02814898e98b,0
0,100 Nature Trail Lane ,Unit 227,9bd7ffc2-7ade-11f1-b937-029b59f61d5d,179476b9-7adb-11f1-b937-029b59f61d5d,36cf4689-14f0-11f1-8b4b-02814898e98b,0
0,100 Nature Trail Lane ,Unit 228,ab578b1c-7ade-11f1-b937-029b59f61d5d,179476b9-7adb-11f1-b937-029b59f61d5d,36cf4689-14f0-11f1-8b4b-02814898e98b,0
0,100 Nature Trail Lane ,Unit 228,ab58b2f0-7ade-11f1-b937-029b59f61d5d,179476b9-7adb-11f1-b937-029b59f61d5d,36cf4689-14f0-11f1-8b4b-02814898e98b,0
0,100 Nature Trail Lane ,Unit 233,bce3533e-7ade-11f1-b937-029b59f61d5d,179476b9-7adb-11f1-b937-029b59f61d5d,36cf4689-14f0-11f1-8b4b-02814898e98b,0
0,100 Nature Trail Lane ,Unit 233,bce49699-7ade-11f1-b937-029b59f61d5d,179476b9-7adb-11f1-b937-029b59f61d5d,36cf4689-14f0-11f1-8b4b-02814898e98b,0
0,100 Nature Trail Lane ,Unit 234,ce04ae68-7ade-11f1-b937-029b59f61d5d,179476b9-7adb-11f1-b937-029b59f61d5d,36cf4689-14f0-11f1-8b4b-02814898e98b,0
0,100 Nature Trail Lane ,Unit 234,ce05fad3-7ade-11f1-b937-029b59f61d5d,179476b9-7adb-11f1-b937-029b59f61d5d,36cf4689-14f0-11f1-8b4b-02814898e98b,0
0,100 Nature Trail Lane ,Unit 235,de114feb-7ade-11f1-b937-029b59f61d5d,179476b9-7adb-11f1-b937-029b59f61d5d,36cf4689-14f0-11f1-8b4b-02814898e98b,0
0,100 Nature Trail Lane ,Unit 235,de12e88a-7ade-11f1-b937-029b59f61d5d,179476b9-7adb-11f1-b937-029b59f61d5d,36cf4689-14f0-11f1-8b4b-02814898e98b,0
0,100 Nature Trail Lane ,Unit 236,ef04438f-7ade-11f1-b937-029b59f61d5d,179476b9-7adb-11f1-b937-029b59f61d5d,36cf4689-14f0-11f1-8b4b-02814898e98b,0
0,100 Nature Trail Lane ,Unit 236,ef055672-7ade-11f1-b937-029b59f61d5d,179476b9-7adb-11f1-b937-029b59f61d5d,36cf4689-14f0-11f1-8b4b-02814898e98b,0
0,100 Nature Trail Lane ,Unit 237,fc9bfe39-7ade-11f1-b937-029b59f61d5d,179476b9-7adb-11f1-b937-029b59f61d5d,36cf4689-14f0-11f1-8b4b-02814898e98b,0
0,100 Nature Trail Lane ,Unit 237,fc9deb04-7ade-11f1-b937-029b59f61d5d,179476b9-7adb-11f1-b937-029b59f61d5d,36cf4689-14f0-11f1-8b4b-02814898e98b,0
0,100 Nature Trail Lane ,Unit 238,0d5fb668-7adf-11f1-b937-029b59f61d5d,179476b9-7adb-11f1-b937-029b59f61d5d,36cf4689-14f0-11f1-8b4b-02814898e98b,0
0,100 Nature Trail Lane ,Unit 238,0d60fa7a-7adf-11f1-b937-029b59f61d5d,179476b9-7adb-11f1-b937-029b59f61d5d,36cf4689-14f0-11f1-8b4b-02814898e98b,0
0,100 Nature Trail Lane,Unit 311,2062bae0-7adf-11f1-b937-029b59f61d5d,179476b9-7adb-11f1-b937-029b59f61d5d,36cf4689-14f0-11f1-8b4b-02814898e98b,0
0,100 Nature Trail Lane,Unit 311,206438c0-7adf-11f1-b937-029b59f61d5d,179476b9-7adb-11f1-b937-029b59f61d5d,36cf4689-14f0-11f1-8b4b-02814898e98b,0
0,100 Nature Trail Lane ,Unit 317,4166c75a-7adf-11f1-b937-029b59f61d5d,179476b9-7adb-11f1-b937-029b59f61d5d,36cf4689-14f0-11f1-8b4b-02814898e98b,0
0,100 Nature Trail Lane ,Unit 317,4167fd93-7adf-11f1-b937-029b59f61d5d,179476b9-7adb-11f1-b937-029b59f61d5d,36cf4689-14f0-11f1-8b4b-02814898e98b,0
0,100 Nature Trail Lane,Unit 318,4f848af1-7adf-11f1-b937-029b59f61d5d,179476b9-7adb-11f1-b937-029b59f61d5d,36cf4689-14f0-11f1-8b4b-02814898e98b,0
0,100 Nature Trail Lane,Unit 318,4f868ac6-7adf-11f1-b937-029b59f61d5d,179476b9-7adb-11f1-b937-029b59f61d5d,36cf4689-14f0-11f1-8b4b-02814898e98b,0
0,100 Nature Trail Lane ,Unit 321,5dfb8e56-7adf-11f1-b937-029b59f61d5d,179476b9-7adb-11f1-b937-029b59f61d5d,36cf4689-14f0-11f1-8b4b-02814898e98b,0
0,100 Nature Trail Lane ,Unit 321,5dfce1b2-7adf-11f1-b937-029b59f61d5d,179476b9-7adb-11f1-b937-029b59f61d5d,36cf4689-14f0-11f1-8b4b-02814898e98b,0
0,100 Nature Trail Lane ,Unit 313,79bd7d27-7adf-11f1-b937-029b59f61d5d,77eaeb21-8139-11f1-b937-029b59f61d5d,36cf4689-14f0-11f1-8b4b-02814898e98b,0
0,100 Nature Trail Lane ,Unit 313,79bed1a6-7adf-11f1-b937-029b59f61d5d,77eaeb21-8139-11f1-b937-029b59f61d5d,36cf4689-14f0-11f1-8b4b-02814898e98b,0
0,100 Nature Trail Lane ,Unit 313,79c03d7c-7adf-11f1-b937-029b59f61d5d,77eaeb21-8139-11f1-b937-029b59f61d5d,36cf4689-14f0-11f1-8b4b-02814898e98b,0
0,100 Nature Trail Lane ,Unit 313,79c19546-7adf-11f1-b937-029b59f61d5d,77eaeb21-8139-11f1-b937-029b59f61d5d,36cf4689-14f0-11f1-8b4b-02814898e98b,0
0,100 Nature Trail Lane ,Unit 314,486dd57e-7ae0-11f1-b937-029b59f61d5d,77eaeb21-8139-11f1-b937-029b59f61d5d,36cf4689-14f0-11f1-8b4b-02814898e98b,0
0,100 Nature Trail Lane ,Unit 314,486f976b-7ae0-11f1-b937-029b59f61d5d,77eaeb21-8139-11f1-b937-029b59f61d5d,36cf4689-14f0-11f1-8b4b-02814898e98b,0
0,100 Nature Trail Lane ,Unit 314,48718338-7ae0-11f1-b937-029b59f61d5d,77eaeb21-8139-11f1-b937-029b59f61d5d,36cf4689-14f0-11f1-8b4b-02814898e98b,0
0,100 Nature Trail Lane ,Unit 314,4873a699-7ae0-11f1-b937-029b59f61d5d,77eaeb21-8139-11f1-b937-029b59f61d5d,36cf4689-14f0-11f1-8b4b-02814898e98b,0
0,100 Nature Trail Lane,Unit 315,7f043627-7ae0-11f1-b937-029b59f61d5d,77eaeb21-8139-11f1-b937-029b59f61d5d,36cf4689-14f0-11f1-8b4b-02814898e98b,0
0,100 Nature Trail Lane,Unit 315,7f07db39-7ae0-11f1-b937-029b59f61d5d,77eaeb21-8139-11f1-b937-029b59f61d5d,36cf4689-14f0-11f1-8b4b-02814898e98b,0
0,100 Nature Trail Lane,Unit 315,7f0adb82-7ae0-11f1-b937-029b59f61d5d,77eaeb21-8139-11f1-b937-029b59f61d5d,36cf4689-14f0-11f1-8b4b-02814898e98b,0
0,100 Nature Trail Lane,Unit 315,7f0e1878-7ae0-11f1-b937-029b59f61d5d,77eaeb21-8139-11f1-b937-029b59f61d5d,36cf4689-14f0-11f1-8b4b-02814898e98b,0
0,100 Nature Trail Lane,Unit 316,c12b08f5-7ae0-11f1-b937-029b59f61d5d,77eaeb21-8139-11f1-b937-029b59f61d5d,36cf4689-14f0-11f1-8b4b-02814898e98b,0
0,100 Nature Trail Lane,Unit 316,c12d36a2-7ae0-11f1-b937-029b59f61d5d,77eaeb21-8139-11f1-b937-029b59f61d5d,36cf4689-14f0-11f1-8b4b-02814898e98b,0
0,100 Nature Trail Lane,Unit 316,c12f4aab-7ae0-11f1-b937-029b59f61d5d,77eaeb21-8139-11f1-b937-029b59f61d5d,36cf4689-14f0-11f1-8b4b-02814898e98b,0
0,100 Nature Trail Lane,Unit 316,c13173a1-7ae0-11f1-b937-029b59f61d5d,77eaeb21-8139-11f1-b937-029b59f61d5d,36cf4689-14f0-11f1-8b4b-02814898e98b,0
0,100 Nature Trail Lane ,Unit 322,16370b61-7ae1-11f1-b937-029b59f61d5d,179476b9-7adb-11f1-b937-029b59f61d5d,36cf4689-14f0-11f1-8b4b-02814898e98b,0
0,100 Nature Trail Lane ,Unit 322,16383cbf-7ae1-11f1-b937-029b59f61d5d,179476b9-7adb-11f1-b937-029b59f61d5d,36cf4689-14f0-11f1-8b4b-02814898e98b,0
0,100 Nature Trail Lane ,Unit 323,2e74ae45-7ae1-11f1-b937-029b59f61d5d,77eaeb21-8139-11f1-b937-029b59f61d5d,36cf4689-14f0-11f1-8b4b-02814898e98b,0
0,100 Nature Trail Lane ,Unit 323,2e76b430-7ae1-11f1-b937-029b59f61d5d,77eaeb21-8139-11f1-b937-029b59f61d5d,36cf4689-14f0-11f1-8b4b-02814898e98b,0
0,100 Nature Trail Lane ,Unit 323,2e794d57-7ae1-11f1-b937-029b59f61d5d,77eaeb21-8139-11f1-b937-029b59f61d5d,36cf4689-14f0-11f1-8b4b-02814898e98b,0
0,100 Nature Trail Lane ,Unit 323,2e7ba5a4-7ae1-11f1-b937-029b59f61d5d,77eaeb21-8139-11f1-b937-029b59f61d5d,36cf4689-14f0-11f1-8b4b-02814898e98b,0
0,100 Nature Trail Lane ,Unit 324,4744816f-7ae1-11f1-b937-029b59f61d5d,77eaeb21-8139-11f1-b937-029b59f61d5d,36cf4689-14f0-11f1-8b4b-02814898e98b,0
0,100 Nature Trail Lane ,Unit 324,47465c27-7ae1-11f1-b937-029b59f61d5d,77eaeb21-8139-11f1-b937-029b59f61d5d,36cf4689-14f0-11f1-8b4b-02814898e98b,0
0,100 Nature Trail Lane ,Unit 324,474874bd-7ae1-11f1-b937-029b59f61d5d,77eaeb21-8139-11f1-b937-029b59f61d5d,36cf4689-14f0-11f1-8b4b-02814898e98b,0
0,100 Nature Trail Lane ,Unit 324,474ab60b-7ae1-11f1-b937-029b59f61d5d,77eaeb21-8139-11f1-b937-029b59f61d5d,36cf4689-14f0-11f1-8b4b-02814898e98b,0
0,100 Nature Trail Lane ,Unit 325,5b4c8660-7ae1-11f1-b937-029b59f61d5d,77eaeb21-8139-11f1-b937-029b59f61d5d,36cf4689-14f0-11f1-8b4b-02814898e98b,0
0,100 Nature Trail Lane ,Unit 325,5b4e3e2d-7ae1-11f1-b937-029b59f61d5d,77eaeb21-8139-11f1-b937-029b59f61d5d,36cf4689-14f0-11f1-8b4b-02814898e98b,0
0,100 Nature Trail Lane ,Unit 325,5b4ffa38-7ae1-11f1-b937-029b59f61d5d,77eaeb21-8139-11f1-b937-029b59f61d5d,36cf4689-14f0-11f1-8b4b-02814898e98b,0
0,100 Nature Trail Lane ,Unit 325,5b51ab4e-7ae1-11f1-b937-029b59f61d5d,77eaeb21-8139-11f1-b937-029b59f61d5d,36cf4689-14f0-11f1-8b4b-02814898e98b,0
0,100 Nature Trail Lane,Unit 326,73ef1944-7ae1-11f1-b937-029b59f61d5d,\N,36cf4689-14f0-11f1-8b4b-02814898e98b,0
0,100 Nature Trail Lane,Unit 326,73f0c885-7ae1-11f1-b937-029b59f61d5d,\N,36cf4689-14f0-11f1-8b4b-02814898e98b,0
0,100 Nature Trail Lane,Unit 326,73f274a5-7ae1-11f1-b937-029b59f61d5d,\N,36cf4689-14f0-11f1-8b4b-02814898e98b,0
0,100 Nature Trail Lane,Unit 326,73f41fa9-7ae1-11f1-b937-029b59f61d5d,\N,36cf4689-14f0-11f1-8b4b-02814898e98b,0
0,100 Nature Trail Lane ,Unit 327,8597c066-7ae1-11f1-b937-029b59f61d5d,179476b9-7adb-11f1-b937-029b59f61d5d,36cf4689-14f0-11f1-8b4b-02814898e98b,0
0,100 Nature Trail Lane ,Unit 327,85991248-7ae1-11f1-b937-029b59f61d5d,179476b9-7adb-11f1-b937-029b59f61d5d,36cf4689-14f0-11f1-8b4b-02814898e98b,0
0,100 Nature Trail Lane ,Unit 328,94f9ad1c-7ae1-11f1-b937-029b59f61d5d,179476b9-7adb-11f1-b937-029b59f61d5d,36cf4689-14f0-11f1-8b4b-02814898e98b,0
0,100 Nature Trail Lane ,Unit 328,94fabd7c-7ae1-11f1-b937-029b59f61d5d,179476b9-7adb-11f1-b937-029b59f61d5d,36cf4689-14f0-11f1-8b4b-02814898e98b,0
0,100 Nature Trail Lane ,Unit 331,aa86194a-7ae1-11f1-b937-029b59f61d5d,179476b9-7adb-11f1-b937-029b59f61d5d,36cf4689-14f0-11f1-8b4b-02814898e98b,0
0,100 Nature Trail Lane ,Unit 331,aa88c10d-7ae1-11f1-b937-029b59f61d5d,179476b9-7adb-11f1-b937-029b59f61d5d,36cf4689-14f0-11f1-8b4b-02814898e98b,0
0,100 Nature Trail Lane ,Unit 332,eb9fc541-7ae1-11f1-b937-029b59f61d5d,179476b9-7adb-11f1-b937-029b59f61d5d,36cf4689-14f0-11f1-8b4b-02814898e98b,0
0,100 Nature Trail Lane ,Unit 332,eba186ac-7ae1-11f1-b937-029b59f61d5d,179476b9-7adb-11f1-b937-029b59f61d5d,36cf4689-14f0-11f1-8b4b-02814898e98b,0
0,100 Nature Trail Lane,Unit 333,03fdf329-7ae2-11f1-b937-029b59f61d5d,77eaeb21-8139-11f1-b937-029b59f61d5d,36cf4689-14f0-11f1-8b4b-02814898e98b,0
0,100 Nature Trail Lane,Unit 333,03ff3159-7ae2-11f1-b937-029b59f61d5d,77eaeb21-8139-11f1-b937-029b59f61d5d,36cf4689-14f0-11f1-8b4b-02814898e98b,0
0,100 Nature Trail Lane,Unit 333,04005d94-7ae2-11f1-b937-029b59f61d5d,77eaeb21-8139-11f1-b937-029b59f61d5d,36cf4689-14f0-11f1-8b4b-02814898e98b,0
0,100 Nature Trail Lane,Unit 333,04019369-7ae2-11f1-b937-029b59f61d5d,77eaeb21-8139-11f1-b937-029b59f61d5d,36cf4689-14f0-11f1-8b4b-02814898e98b,0
0,100 Nature Trail Lane ,Unit 334,1b7eb272-7ae2-11f1-b937-029b59f61d5d,77eaeb21-8139-11f1-b937-029b59f61d5d,36cf4689-14f0-11f1-8b4b-02814898e98b,0
0,100 Nature Trail Lane ,Unit 334,1b804187-7ae2-11f1-b937-029b59f61d5d,77eaeb21-8139-11f1-b937-029b59f61d5d,36cf4689-14f0-11f1-8b4b-02814898e98b,0
0,100 Nature Trail Lane ,Unit 334,1b81d699-7ae2-11f1-b937-029b59f61d5d,77eaeb21-8139-11f1-b937-029b59f61d5d,36cf4689-14f0-11f1-8b4b-02814898e98b,0
0,100 Nature Trail Lane ,Unit 334,1b835589-7ae2-11f1-b937-029b59f61d5d,77eaeb21-8139-11f1-b937-029b59f61d5d,36cf4689-14f0-11f1-8b4b-02814898e98b,0
0,100 Nature Trail Lane ,Unit 335,324a28dd-7ae2-11f1-b937-029b59f61d5d,77eaeb21-8139-11f1-b937-029b59f61d5d,36cf4689-14f0-11f1-8b4b-02814898e98b,0
0,100 Nature Trail Lane ,Unit 335,324bd772-7ae2-11f1-b937-029b59f61d5d,77eaeb21-8139-11f1-b937-029b59f61d5d,36cf4689-14f0-11f1-8b4b-02814898e98b,0
0,100 Nature Trail Lane ,Unit 335,324e2141-7ae2-11f1-b937-029b59f61d5d,77eaeb21-8139-11f1-b937-029b59f61d5d,36cf4689-14f0-11f1-8b4b-02814898e98b,0
0,100 Nature Trail Lane ,Unit 335,325017c3-7ae2-11f1-b937-029b59f61d5d,77eaeb21-8139-11f1-b937-029b59f61d5d,36cf4689-14f0-11f1-8b4b-02814898e98b,0
0,100 Nature Trail Lane ,Unit 336,4886d579-7ae2-11f1-b937-029b59f61d5d,77eaeb21-8139-11f1-b937-029b59f61d5d,36cf4689-14f0-11f1-8b4b-02814898e98b,0
0,100 Nature Trail Lane ,Unit 336,4888eb99-7ae2-11f1-b937-029b59f61d5d,77eaeb21-8139-11f1-b937-029b59f61d5d,36cf4689-14f0-11f1-8b4b-02814898e98b,0
0,100 Nature Trail Lane ,Unit 336,488ac368-7ae2-11f1-b937-029b59f61d5d,77eaeb21-8139-11f1-b937-029b59f61d5d,36cf4689-14f0-11f1-8b4b-02814898e98b,0
0,100 Nature Trail Lane ,Unit 336,488c65a8-7ae2-11f1-b937-029b59f61d5d,77eaeb21-8139-11f1-b937-029b59f61d5d,36cf4689-14f0-11f1-8b4b-02814898e98b,0
0,100 Nature Trail Lane ,Unit 338,65805150-7ae2-11f1-b937-029b59f61d5d,179476b9-7adb-11f1-b937-029b59f61d5d,36cf4689-14f0-11f1-8b4b-02814898e98b,0
0,100 Nature Trail Lane ,Unit 338,65814110-7ae2-11f1-b937-029b59f61d5d,179476b9-7adb-11f1-b937-029b59f61d5d,36cf4689-14f0-11f1-8b4b-02814898e98b,0
0,100 Nature Trail Lane,Unit 326,83407abb-8139-11f1-b937-029b59f61d5d,77eaeb21-8139-11f1-b937-029b59f61d5d,36cf4689-14f0-11f1-8b4b-02814898e98b,0
0,100 Nature Trail Lane,Unit 326,83446f03-8139-11f1-b937-029b59f61d5d,77eaeb21-8139-11f1-b937-029b59f61d5d,36cf4689-14f0-11f1-8b4b-02814898e98b,0
0,100 Nature Trail Lane,Unit 326,834810f2-8139-11f1-b937-029b59f61d5d,77eaeb21-8139-11f1-b937-029b59f61d5d,36cf4689-14f0-11f1-8b4b-02814898e98b,0
0,100 Nature Trail Lane,Unit 326,834bbdef-8139-11f1-b937-029b59f61d5d,77eaeb21-8139-11f1-b937-029b59f61d5d,36cf4689-14f0-11f1-8b4b-02814898e98b,0
0,100 Nature Trail Lane ,Unit 412,21d00b59-8139-11f1-b937-029b59f61d5d,\N,36cf4689-14f0-11f1-8b4b-02814898e98b,0
0,100 Nature Trail Lane ,Unit 413,3aec766f-8139-11f1-b937-029b59f61d5d,\N,36cf4689-14f0-11f1-8b4b-02814898e98b,0
0,100 Nature Trail Lane ,Unit 423,5727ddba-8139-11f1-b937-029b59f61d5d,77eaeb21-8139-11f1-b937-029b59f61d5d,36cf4689-14f0-11f1-8b4b-02814898e98b,0
0,100 Nature Trail Lane ,Unit 412,22031c45-8139-11f1-b937-029b59f61d5d,77eaeb21-8139-11f1-b937-029b59f61d5d,36cf4689-14f0-11f1-8b4b-02814898e98b,0
0,100 Nature Trail Lane ,Unit 412,22058a91-8139-11f1-b937-029b59f61d5d,77eaeb21-8139-11f1-b937-029b59f61d5d,36cf4689-14f0-11f1-8b4b-02814898e98b,0
0,100 Nature Trail Lane ,Unit 412,22077687-8139-11f1-b937-029b59f61d5d,77eaeb21-8139-11f1-b937-029b59f61d5d,36cf4689-14f0-11f1-8b4b-02814898e98b,0
0,100 Nature Trail Lane ,Unit 412,22094e46-8139-11f1-b937-029b59f61d5d,77eaeb21-8139-11f1-b937-029b59f61d5d,36cf4689-14f0-11f1-8b4b-02814898e98b,0
0,100 Nature Trail Lane ,Unit 413,3b0d4817-8139-11f1-b937-029b59f61d5d,77eaeb21-8139-11f1-b937-029b59f61d5d,36cf4689-14f0-11f1-8b4b-02814898e98b,0
0,100 Nature Trail Lane ,Unit 413,3b0ee8f4-8139-11f1-b937-029b59f61d5d,77eaeb21-8139-11f1-b937-029b59f61d5d,36cf4689-14f0-11f1-8b4b-02814898e98b,0
0,100 Nature Trail Lane ,Unit 413,3b107b9b-8139-11f1-b937-029b59f61d5d,77eaeb21-8139-11f1-b937-029b59f61d5d,36cf4689-14f0-11f1-8b4b-02814898e98b,0
0,100 Nature Trail Lane ,Unit 413,3b121e0e-8139-11f1-b937-029b59f61d5d,77eaeb21-8139-11f1-b937-029b59f61d5d,36cf4689-14f0-11f1-8b4b-02814898e98b,0
0,100 Nature Trail Lane ,Unit 423,576af614-8139-11f1-b937-029b59f61d5d,77eaeb21-8139-11f1-b937-029b59f61d5d,36cf4689-14f0-11f1-8b4b-02814898e98b,0
0,100 Nature Trail Lane ,Unit 423,576e8951-8139-11f1-b937-029b59f61d5d,77eaeb21-8139-11f1-b937-029b59f61d5d,36cf4689-14f0-11f1-8b4b-02814898e98b,0
0,100 Nature Trail Lane ,Unit 423,5771167f-8139-11f1-b937-029b59f61d5d,77eaeb21-8139-11f1-b937-029b59f61d5d,36cf4689-14f0-11f1-8b4b-02814898e98b,0
0,100 Nature Trail Lane ,Unit 423,5773dcad-8139-11f1-b937-029b59f61d5d,77eaeb21-8139-11f1-b937-029b59f61d5d,36cf4689-14f0-11f1-8b4b-02814898e98b,0
0,100 Nature Trail Lane ,Unit 232,8a59f628-7ae2-11f1-b937-029b59f61d5d,6627c66f-8539-11f1-b937-029b59f61d5d,36cf4689-14f0-11f1-8b4b-02814898e98b,0
0,100 Nature Trail Lane ,Unit 422,c685b325-853b-11f1-b937-029b59f61d5d,77eaeb21-8139-11f1-b937-029b59f61d5d,36cf4689-14f0-11f1-8b4b-02814898e98b,0
0,100 Nature Trail Lane ,Unit 422,c6874c9f-853b-11f1-b937-029b59f61d5d,77eaeb21-8139-11f1-b937-029b59f61d5d,36cf4689-14f0-11f1-8b4b-02814898e98b,0
0,100 Nature Trail Lane ,Unit 422,c688ab9e-853b-11f1-b937-029b59f61d5d,77eaeb21-8139-11f1-b937-029b59f61d5d,36cf4689-14f0-11f1-8b4b-02814898e98b,0
0,100 Nature Trail Lane ,Unit 422,c689ff42-853b-11f1-b937-029b59f61d5d,77eaeb21-8139-11f1-b937-029b59f61d5d,36cf4689-14f0-11f1-8b4b-02814898e98b,0
0,100 Nature Trail Lane ,Unit 424,e0c0f2d8-853b-11f1-b937-029b59f61d5d,77eaeb21-8139-11f1-b937-029b59f61d5d,36cf4689-14f0-11f1-8b4b-02814898e98b,0
0,100 Nature Trail Lane ,Unit 424,e0c2b2c9-853b-11f1-b937-029b59f61d5d,77eaeb21-8139-11f1-b937-029b59f61d5d,36cf4689-14f0-11f1-8b4b-02814898e98b,0
0,100 Nature Trail Lane ,Unit 424,e0c44c36-853b-11f1-b937-029b59f61d5d,77eaeb21-8139-11f1-b937-029b59f61d5d,36cf4689-14f0-11f1-8b4b-02814898e98b,0
0,100 Nature Trail Lane ,Unit 424,e0c5c7c2-853b-11f1-b937-029b59f61d5d,77eaeb21-8139-11f1-b937-029b59f61d5d,36cf4689-14f0-11f1-8b4b-02814898e98b,0
0,100 Nature Trail Lane ,Unit 414,fe0fe82f-853b-11f1-b937-029b59f61d5d,77eaeb21-8139-11f1-b937-029b59f61d5d,36cf4689-14f0-11f1-8b4b-02814898e98b,0
0,100 Nature Trail Lane ,Unit 414,fe11ad7a-853b-11f1-b937-029b59f61d5d,77eaeb21-8139-11f1-b937-029b59f61d5d,36cf4689-14f0-11f1-8b4b-02814898e98b,0
0,100 Nature Trail Lane ,Unit 414,fe1392cd-853b-11f1-b937-029b59f61d5d,77eaeb21-8139-11f1-b937-029b59f61d5d,36cf4689-14f0-11f1-8b4b-02814898e98b,0
0,100 Nature Trail Lane ,Unit 414,fe157925-853b-11f1-b937-029b59f61d5d,77eaeb21-8139-11f1-b937-029b59f61d5d,36cf4689-14f0-11f1-8b4b-02814898e98b,0
0,100 Nature Trail Lane ,Unit 421,1807be73-853c-11f1-b937-029b59f61d5d,77eaeb21-8139-11f1-b937-029b59f61d5d,36cf4689-14f0-11f1-8b4b-02814898e98b,0
0,100 Nature Trail Lane ,Unit 421,1809be3d-853c-11f1-b937-029b59f61d5d,77eaeb21-8139-11f1-b937-029b59f61d5d,36cf4689-14f0-11f1-8b4b-02814898e98b,0
0,100 Nature Trail Lane ,Unit 421,180bbc06-853c-11f1-b937-029b59f61d5d,77eaeb21-8139-11f1-b937-029b59f61d5d,36cf4689-14f0-11f1-8b4b-02814898e98b,0
0,100 Nature Trail Lane ,Unit 421,180dbbd9-853c-11f1-b937-029b59f61d5d,77eaeb21-8139-11f1-b937-029b59f61d5d,36cf4689-14f0-11f1-8b4b-02814898e98b,0
0,100 Nature Trail Lane ,Unit 433,56aad6fc-89c3-11f1-b937-029b59f61d5d,77eaeb21-8139-11f1-b937-029b59f61d5d,36cf4689-14f0-11f1-8b4b-02814898e98b,0
0,100 Nature Trail Lane ,Unit 433,56ae16a4-89c3-11f1-b937-029b59f61d5d,77eaeb21-8139-11f1-b937-029b59f61d5d,36cf4689-14f0-11f1-8b4b-02814898e98b,0
0,100 Nature Trail Lane ,Unit 433,56b1e9cc-89c3-11f1-b937-029b59f61d5d,77eaeb21-8139-11f1-b937-029b59f61d5d,36cf4689-14f0-11f1-8b4b-02814898e98b,0
0,100 Nature Trail Lane ,Unit 433,56b43436-89c3-11f1-b937-029b59f61d5d,77eaeb21-8139-11f1-b937-029b59f61d5d,36cf4689-14f0-11f1-8b4b-02814898e98b,0
0,100 Nature Trail Lane ,Unit 211,68591745-7ada-11f1-b937-029b59f61d5d,6627c66f-8539-11f1-b937-029b59f61d5d,36cf4689-14f0-11f1-8b4b-02814898e98b,0
0,100 Nature Trail Lane ,Unit 212,a5eaf338-7ada-11f1-b937-029b59f61d5d,6627c66f-8539-11f1-b937-029b59f61d5d,36cf4689-14f0-11f1-8b4b-02814898e98b,0
0,100 Nature Trail Lane ,Unit 216,c9ee04f4-7adc-11f1-b937-029b59f61d5d,179476b9-7adb-11f1-b937-029b59f61d5d,36cf4689-14f0-11f1-8b4b-02814898e98b,0
0,100 Nature Trail Lane ,Unit 217,13a9ab7c-7add-11f1-b937-029b59f61d5d,179476b9-7adb-11f1-b937-029b59f61d5d,36cf4689-14f0-11f1-8b4b-02814898e98b,0
0,100 Nature Trail Lane ,Unit 218,2b2d7833-7add-11f1-b937-029b59f61d5d,179476b9-7adb-11f1-b937-029b59f61d5d,36cf4689-14f0-11f1-8b4b-02814898e98b,0
0,100 Nature Trail Lane ,Unit 213,9119050c-7add-11f1-b937-029b59f61d5d,179476b9-7adb-11f1-b937-029b59f61d5d,36cf4689-14f0-11f1-8b4b-02814898e98b,0
0,100 Nature Trail Lane ,Unit 214,b6df7199-7add-11f1-b937-029b59f61d5d,179476b9-7adb-11f1-b937-029b59f61d5d,36cf4689-14f0-11f1-8b4b-02814898e98b,0
0,100 Nature Trail Lane ,Unit 215,c6ae53eb-7add-11f1-b937-029b59f61d5d,179476b9-7adb-11f1-b937-029b59f61d5d,36cf4689-14f0-11f1-8b4b-02814898e98b,0
0,100 Nature Trail Lane ,Unit 312,fcfc9aa3-7add-11f1-b937-029b59f61d5d,179476b9-7adb-11f1-b937-029b59f61d5d,36cf4689-14f0-11f1-8b4b-02814898e98b,0
0,100 Nature Trail Lane ,Unit 223,55f047df-7ade-11f1-b937-029b59f61d5d,179476b9-7adb-11f1-b937-029b59f61d5d,36cf4689-14f0-11f1-8b4b-02814898e98b,0
0,100 Nature Trail Lane ,Unit 224,65247b0e-7ade-11f1-b937-029b59f61d5d,179476b9-7adb-11f1-b937-029b59f61d5d,36cf4689-14f0-11f1-8b4b-02814898e98b,0
0,100 Nature Trail Lane,Unit 225,7abe2721-7ade-11f1-b937-029b59f61d5d,179476b9-7adb-11f1-b937-029b59f61d5d,36cf4689-14f0-11f1-8b4b-02814898e98b,0
0,100 Nature Trail Lane ,Unit 226,8b91d579-7ade-11f1-b937-029b59f61d5d,179476b9-7adb-11f1-b937-029b59f61d5d,36cf4689-14f0-11f1-8b4b-02814898e98b,0
0,100 Nature Trail Lane - 337,,552b0403-7ae2-11f1-b937-029b59f61d5d,179476b9-7adb-11f1-b937-029b59f61d5d,36cf4689-14f0-11f1-8b4b-02814898e98b,0
0,100 Nature Trail Lane - 337,,55561b95-7ae2-11f1-b937-029b59f61d5d,179476b9-7adb-11f1-b937-029b59f61d5d,36cf4689-14f0-11f1-8b4b-02814898e98b,0
0,100 Nature Trail Lane - 337,,55572c6c-7ae2-11f1-b937-029b59f61d5d,179476b9-7adb-11f1-b937-029b59f61d5d,36cf4689-14f0-11f1-8b4b-02814898e98b,0
0,1002 1/2 Irene St.,,f8a9ced7-0548-11f1-8b4b-02814898e98b,294c83f4-06a9-11f1-8b4b-02814898e98b,f86263ba-0548-11f1-8b4b-02814898e98b,0
0,1002 Irene St.,,f89e7c6e-0548-11f1-8b4b-02814898e98b,424660ff-06a9-11f1-8b4b-02814898e98b,f86263ba-0548-11f1-8b4b-02814898e98b,0
0,101 N. Rose St.,Unit G101,bb22427c-02e7-11f1-8b4b-02814898e98b,6ee9ed4a-05ff-11f1-8b4b-02814898e98b,baa9cc9b-02e7-11f1-8b4b-02814898e98b,0
1,101 N. Rose St.,Unit G102,bb30e00a-02e7-11f1-8b4b-02814898e98b,6ee9ed4a-05ff-11f1-8b4b-02814898e98b,baa9cc9b-02e7-11f1-8b4b-02814898e98b,0
1,101 N. Rose St.,Unit G103,bb3c86eb-02e7-11f1-8b4b-02814898e98b,6ee9ed4a-05ff-11f1-8b4b-02814898e98b,baa9cc9b-02e7-11f1-8b4b-02814898e98b,0
0,101 N. Rose St.,Unit G104,bb490fac-02e7-11f1-8b4b-02814898e98b,6ee9ed4a-05ff-11f1-8b4b-02814898e98b,baa9cc9b-02e7-11f1-8b4b-02814898e98b,0
0,101 N. Rose St.,Unit G105,bb560731-02e7-11f1-8b4b-02814898e98b,6ee9ed4a-05ff-11f1-8b4b-02814898e98b,baa9cc9b-02e7-11f1-8b4b-02814898e98b,0
0,101 N. Rose St.,Unit G106,bb609a05-02e7-11f1-8b4b-02814898e98b,6ee9ed4a-05ff-11f1-8b4b-02814898e98b,baa9cc9b-02e7-11f1-8b4b-02814898e98b,0
0,101 N. Rose St.,Unit G107,bb6acf14-02e7-11f1-8b4b-02814898e98b,0d767dd7-0428-11f1-8b4b-02814898e98b,baa9cc9b-02e7-11f1-8b4b-02814898e98b,0
0,101 N. Rose St.,Unit 101,bb7677a7-02e7-11f1-8b4b-02814898e98b,e46e0139-0608-11f1-8b4b-02814898e98b,baa9cc9b-02e7-11f1-8b4b-02814898e98b,0
0,101 N. Rose St.,Unit 102,bb8328ec-02e7-11f1-8b4b-02814898e98b,e46e0139-0608-11f1-8b4b-02814898e98b,baa9cc9b-02e7-11f1-8b4b-02814898e98b,0
0,101 N. Rose St.,Unit 103,bb9035b7-02e7-11f1-8b4b-02814898e98b,e46e0139-0608-11f1-8b4b-02814898e98b,baa9cc9b-02e7-11f1-8b4b-02814898e98b,0
0,101 N. Rose St.,Unit 104,bb9b7945-02e7-11f1-8b4b-02814898e98b,e46e0139-0608-11f1-8b4b-02814898e98b,baa9cc9b-02e7-11f1-8b4b-02814898e98b,0
0,101 N. Rose St.,Unit 105,bba55ea4-02e7-11f1-8b4b-02814898e98b,6ee9ed4a-05ff-11f1-8b4b-02814898e98b,baa9cc9b-02e7-11f1-8b4b-02814898e98b,0
1,101 N. Rose St.,Unit 106,bbaf0888-02e7-11f1-8b4b-02814898e98b,6ee9ed4a-05ff-11f1-8b4b-02814898e98b,baa9cc9b-02e7-11f1-8b4b-02814898e98b,0
0,101 N. Rose St.,Unit 201,bbbb4ae2-02e7-11f1-8b4b-02814898e98b,6ee9ed4a-05ff-11f1-8b4b-02814898e98b,baa9cc9b-02e7-11f1-8b4b-02814898e98b,0
0,101 N. Rose St.,Unit 202,bbc57629-02e7-11f1-8b4b-02814898e98b,3f4851e3-0609-11f1-8b4b-02814898e98b,baa9cc9b-02e7-11f1-8b4b-02814898e98b,0
0,101 N. Rose St.,Unit 203,bbcf28c1-02e7-11f1-8b4b-02814898e98b,6ee9ed4a-05ff-11f1-8b4b-02814898e98b,baa9cc9b-02e7-11f1-8b4b-02814898e98b,0
0,101 N. Rose St.,Unit 204,bbd8f62c-02e7-11f1-8b4b-02814898e98b,e46e0139-0608-11f1-8b4b-02814898e98b,baa9cc9b-02e7-11f1-8b4b-02814898e98b,0
0,101 N. Rose St.,Unit 205,bbe2a099-02e7-11f1-8b4b-02814898e98b,e46e0139-0608-11f1-8b4b-02814898e98b,baa9cc9b-02e7-11f1-8b4b-02814898e98b,0
0,101 N. Rose St.,Unit 206,bbeec2c6-02e7-11f1-8b4b-02814898e98b,e46e0139-0608-11f1-8b4b-02814898e98b,baa9cc9b-02e7-11f1-8b4b-02814898e98b,0
1,101 N. Rose St.,Unit 207,bbfa4170-02e7-11f1-8b4b-02814898e98b,e46e0139-0608-11f1-8b4b-02814898e98b,baa9cc9b-02e7-11f1-8b4b-02814898e98b,0
0,101 N. Rose St.,Unit 208,bc049f5c-02e7-11f1-8b4b-02814898e98b,6ee9ed4a-05ff-11f1-8b4b-02814898e98b,baa9cc9b-02e7-11f1-8b4b-02814898e98b,0
0,101 N. Rose St.,Unit 209,bc0e5da8-02e7-11f1-8b4b-02814898e98b,6ee9ed4a-05ff-11f1-8b4b-02814898e98b,baa9cc9b-02e7-11f1-8b4b-02814898e98b,0
0,101 Northfield,,b6dc0d27-2301-11eb-9ba0-024e14449321,548bc5cc-54cf-11ef-8b4b-02814898e98b,1cb7475c-22ff-11eb-9ba0-024e14449321,0
0,101 Northfield Dr - Carport #1,,5b399617-54d2-11ef-8b4b-02814898e98b,654f0c17-54cf-11ef-8b4b-02814898e98b,1cb7475c-22ff-11eb-9ba0-024e14449321,0
0,101 Northfield Dr - Carport #15,,7a8960c1-54d2-11ef-8b4b-02814898e98b,654f0c17-54cf-11ef-8b4b-02814898e98b,1cb7475c-22ff-11eb-9ba0-024e14449321,0
0,101 Northfield Dr - Carport #16,,7d80dbee-54d2-11ef-8b4b-02814898e98b,654f0c17-54cf-11ef-8b4b-02814898e98b,1cb7475c-22ff-11eb-9ba0-024e14449321,0
0,101 Northfield Dr - Carport #17,,811560ac-54d2-11ef-8b4b-02814898e98b,654f0c17-54cf-11ef-8b4b-02814898e98b,1cb7475c-22ff-11eb-9ba0-024e14449321,0
0,101 Northfield Dr - Carport #2,,5d963b3a-54d2-11ef-8b4b-02814898e98b,654f0c17-54cf-11ef-8b4b-02814898e98b,1cb7475c-22ff-11eb-9ba0-024e14449321,0
0,101 Northfield Dr - Carport #3,,5fe74b53-54d2-11ef-8b4b-02814898e98b,654f0c17-54cf-11ef-8b4b-02814898e98b,1cb7475c-22ff-11eb-9ba0-024e14449321,0
0,101 Northfield Dr - Carport #39 ,,536f6cc6-2fde-11ef-8b4b-02814898e98b,654f0c17-54cf-11ef-8b4b-02814898e98b,1cb7475c-22ff-11eb-9ba0-024e14449321,0
0,101 Northfield Dr - Carport #4,,63354c5c-54d2-11ef-8b4b-02814898e98b,654f0c17-54cf-11ef-8b4b-02814898e98b,1cb7475c-22ff-11eb-9ba0-024e14449321,0
0,101 Northfield Dr - Carport #40,,89d475fc-54d2-11ef-8b4b-02814898e98b,654f0c17-54cf-11ef-8b4b-02814898e98b,1cb7475c-22ff-11eb-9ba0-024e14449321,0
0,101 Northfield Dr - Carport #41,,8dcea948-54d2-11ef-8b4b-02814898e98b,654f0c17-54cf-11ef-8b4b-02814898e98b,1cb7475c-22ff-11eb-9ba0-024e14449321,0
0,101 Northfield Dr - Carport #42,,907e3197-54d2-11ef-8b4b-02814898e98b,654f0c17-54cf-11ef-8b4b-02814898e98b,1cb7475c-22ff-11eb-9ba0-024e14449321,0
0,101 Northfield Dr - Carport #43,,92f9692a-54d2-11ef-8b4b-02814898e98b,654f0c17-54cf-11ef-8b4b-02814898e98b,1cb7475c-22ff-11eb-9ba0-024e14449321,0
0,101 Northfield Dr - Carport #44,,959aac6e-54d2-11ef-8b4b-02814898e98b,654f0c17-54cf-11ef-8b4b-02814898e98b,1cb7475c-22ff-11eb-9ba0-024e14449321,0
0,101 Northfield Dr - Carport #45,,9a8ed11a-54d2-11ef-8b4b-02814898e98b,654f0c17-54cf-11ef-8b4b-02814898e98b,1cb7475c-22ff-11eb-9ba0-024e14449321,0
0,101 Northfield Dr - Carport #46,,9ef0cac3-54d2-11ef-8b4b-02814898e98b,654f0c17-54cf-11ef-8b4b-02814898e98b,1cb7475c-22ff-11eb-9ba0-024e14449321,0
0,101 Northfield Dr - Carport #62,,a38b675e-54d2-11ef-8b4b-02814898e98b,654f0c17-54cf-11ef-8b4b-02814898e98b,1cb7475c-22ff-11eb-9ba0-024e14449321,0
0,101 Northfield Dr - Carport #63,,a5e2e7cd-54d2-11ef-8b4b-02814898e98b,654f0c17-54cf-11ef-8b4b-02814898e98b,1cb7475c-22ff-11eb-9ba0-024e14449321,0
0,101 Northfield Dr - Carport #64,,a8a777d0-54d2-11ef-8b4b-02814898e98b,654f0c17-54cf-11ef-8b4b-02814898e98b,1cb7475c-22ff-11eb-9ba0-024e14449321,0
0,101 Northfield Dr - Carport #65,,ab7bc255-54d2-11ef-8b4b-02814898e98b,654f0c17-54cf-11ef-8b4b-02814898e98b,1cb7475c-22ff-11eb-9ba0-024e14449321,0
0,101 Northfield Dr - Carport #66,,ae951fe3-54d2-11ef-8b4b-02814898e98b,654f0c17-54cf-11ef-8b4b-02814898e98b,1cb7475c-22ff-11eb-9ba0-024e14449321,0
0,101 Northfield Dr - Carport #67,,b224ee07-54d2-11ef-8b4b-02814898e98b,654f0c17-54cf-11ef-8b4b-02814898e98b,1cb7475c-22ff-11eb-9ba0-024e14449321,0
0,101 Northfield Dr - Carport #68,,b4fb8b61-54d2-11ef-8b4b-02814898e98b,654f0c17-54cf-11ef-8b4b-02814898e98b,1cb7475c-22ff-11eb-9ba0-024e14449321,0
0,101 Northfield Dr - Carport #69,,d7921d29-54d2-11ef-8b4b-02814898e98b,654f0c17-54cf-11ef-8b4b-02814898e98b,1cb7475c-22ff-11eb-9ba0-024e14449321,0
0,101 Northfield Dr - Carport #70,,db48e615-54d2-11ef-8b4b-02814898e98b,654f0c17-54cf-11ef-8b4b-02814898e98b,1cb7475c-22ff-11eb-9ba0-024e14449321,0
0,101 Northfield Dr - Carport #71,,e2c41def-54d2-11ef-8b4b-02814898e98b,654f0c17-54cf-11ef-8b4b-02814898e98b,1cb7475c-22ff-11eb-9ba0-024e14449321,0
0,101 Northfield Dr - Carport #72,,e9e1fa38-54d2-11ef-8b4b-02814898e98b,654f0c17-54cf-11ef-8b4b-02814898e98b,1cb7475c-22ff-11eb-9ba0-024e14449321,0
0,101 Northfield Dr - Carport #73,,ef41a628-54d2-11ef-8b4b-02814898e98b,654f0c17-54cf-11ef-8b4b-02814898e98b,1cb7475c-22ff-11eb-9ba0-024e14449321,0
0,101 Northfield Dr - Carport #74,,0b3d778f-54d3-11ef-8b4b-02814898e98b,654f0c17-54cf-11ef-8b4b-02814898e98b,1cb7475c-22ff-11eb-9ba0-024e14449321,0
0,101 Northfield Dr - Carport #75,,1e4d9a86-54d3-11ef-8b4b-02814898e98b,654f0c17-54cf-11ef-8b4b-02814898e98b,1cb7475c-22ff-11eb-9ba0-024e14449321,0
0,101 Northfield Dr - Carport #76,,215ed012-54d3-11ef-8b4b-02814898e98b,654f0c17-54cf-11ef-8b4b-02814898e98b,1cb7475c-22ff-11eb-9ba0-024e14449321,0
0,101 Northfield Dr - Carport #77,,23bcbad1-54d3-11ef-8b4b-02814898e98b,654f0c17-54cf-11ef-8b4b-02814898e98b,1cb7475c-22ff-11eb-9ba0-024e14449321,0
0,101 Northfield Dr - Carport #78,,2a1b1bb1-54d3-11ef-8b4b-02814898e98b,654f0c17-54cf-11ef-8b4b-02814898e98b,1cb7475c-22ff-11eb-9ba0-024e14449321,0
0,101 Northfield Dr - Garage #10,,ec5ce256-54d0-11ef-8b4b-02814898e98b,548bc5cc-54cf-11ef-8b4b-02814898e98b,1cb7475c-22ff-11eb-9ba0-024e14449321,0
0,101 Northfield Dr - Garage #11,,f1635e79-54d0-11ef-8b4b-02814898e98b,548bc5cc-54cf-11ef-8b4b-02814898e98b,1cb7475c-22ff-11eb-9ba0-024e14449321,0
0,101 Northfield Dr - Garage #12,,f52fe058-54d0-11ef-8b4b-02814898e98b,548bc5cc-54cf-11ef-8b4b-02814898e98b,1cb7475c-22ff-11eb-9ba0-024e14449321,0
0,101 Northfield Dr - Garage #13,,fae57232-54d0-11ef-8b4b-02814898e98b,548bc5cc-54cf-11ef-8b4b-02814898e98b,1cb7475c-22ff-11eb-9ba0-024e14449321,0
0,101 Northfield Dr - Garage #18,,0e8dac6d-54d1-11ef-8b4b-02814898e98b,548bc5cc-54cf-11ef-8b4b-02814898e98b,1cb7475c-22ff-11eb-9ba0-024e14449321,0
0,101 Northfield Dr - Garage #19,,12e912fa-54d1-11ef-8b4b-02814898e98b,548bc5cc-54cf-11ef-8b4b-02814898e98b,1cb7475c-22ff-11eb-9ba0-024e14449321,0
0,101 Northfield Dr - Garage #20,,1b394cd5-54d1-11ef-8b4b-02814898e98b,548bc5cc-54cf-11ef-8b4b-02814898e98b,1cb7475c-22ff-11eb-9ba0-024e14449321,0
0,101 Northfield Dr - Garage #21,,1e4ffd35-54d1-11ef-8b4b-02814898e98b,548bc5cc-54cf-11ef-8b4b-02814898e98b,1cb7475c-22ff-11eb-9ba0-024e14449321,0
0,101 Northfield Dr - Garage #22,,2134c2ac-54d1-11ef-8b4b-02814898e98b,548bc5cc-54cf-11ef-8b4b-02814898e98b,1cb7475c-22ff-11eb-9ba0-024e14449321,0
0,101 Northfield Dr - Garage #23,,25b293f8-54d1-11ef-8b4b-02814898e98b,548bc5cc-54cf-11ef-8b4b-02814898e98b,1cb7475c-22ff-11eb-9ba0-024e14449321,0
0,101 Northfield Dr - Garage #24,,80413395-54d1-11ef-8b4b-02814898e98b,\N,1cb7475c-22ff-11eb-9ba0-024e14449321,0
0,101 Northfield Dr - Garage #25,,aac31698-55a9-11ef-8b4b-02814898e98b,548bc5cc-54cf-11ef-8b4b-02814898e98b,1cb7475c-22ff-11eb-9ba0-024e14449321,0
0,101 Northfield Dr - Garage #26,,2c1225c8-54d1-11ef-8b4b-02814898e98b,548bc5cc-54cf-11ef-8b4b-02814898e98b,1cb7475c-22ff-11eb-9ba0-024e14449321,0
0,101 Northfield Dr - Garage #27,,351b19a3-54d1-11ef-8b4b-02814898e98b,548bc5cc-54cf-11ef-8b4b-02814898e98b,1cb7475c-22ff-11eb-9ba0-024e14449321,0
0,101 Northfield Dr - Garage #28,,3888546b-54d1-11ef-8b4b-02814898e98b,548bc5cc-54cf-11ef-8b4b-02814898e98b,1cb7475c-22ff-11eb-9ba0-024e14449321,0
0,101 Northfield Dr - Garage #29,,6e9c5c36-bedc-11ef-8b4b-02814898e98b,548bc5cc-54cf-11ef-8b4b-02814898e98b,1cb7475c-22ff-11eb-9ba0-024e14449321,0
0,101 Northfield Dr - Garage #30,,3d2f9e85-54d1-11ef-8b4b-02814898e98b,548bc5cc-54cf-11ef-8b4b-02814898e98b,1cb7475c-22ff-11eb-9ba0-024e14449321,0
0,101 Northfield Dr - Garage #31,,42fe6baa-54d1-11ef-8b4b-02814898e98b,548bc5cc-54cf-11ef-8b4b-02814898e98b,1cb7475c-22ff-11eb-9ba0-024e14449321,0
0,101 Northfield Dr - Garage #32,,9b0397e7-54d1-11ef-8b4b-02814898e98b,548bc5cc-54cf-11ef-8b4b-02814898e98b,1cb7475c-22ff-11eb-9ba0-024e14449321,0
0,101 Northfield Dr - Garage #33,,9e435bbc-54d1-11ef-8b4b-02814898e98b,548bc5cc-54cf-11ef-8b4b-02814898e98b,1cb7475c-22ff-11eb-9ba0-024e14449321,0
0,101 Northfield Dr - Garage #35,,a953827e-54d1-11ef-8b4b-02814898e98b,548bc5cc-54cf-11ef-8b4b-02814898e98b,1cb7475c-22ff-11eb-9ba0-024e14449321,0
0,101 Northfield Dr - Garage #36,,acfb65f3-54d1-11ef-8b4b-02814898e98b,548bc5cc-54cf-11ef-8b4b-02814898e98b,1cb7475c-22ff-11eb-9ba0-024e14449321,0
0,101 Northfield Dr - Garage #37,,afa1d467-54d1-11ef-8b4b-02814898e98b,548bc5cc-54cf-11ef-8b4b-02814898e98b,1cb7475c-22ff-11eb-9ba0-024e14449321,0
0,101 Northfield Dr - Garage #38,,b2acda8f-54d1-11ef-8b4b-02814898e98b,548bc5cc-54cf-11ef-8b4b-02814898e98b,1cb7475c-22ff-11eb-9ba0-024e14449321,0
0,101 Northfield Dr - Garage #47,,c04d0f1b-54d1-11ef-8b4b-02814898e98b,548bc5cc-54cf-11ef-8b4b-02814898e98b,1cb7475c-22ff-11eb-9ba0-024e14449321,0
0,101 Northfield Dr - Garage #48,,c318dd03-54d1-11ef-8b4b-02814898e98b,548bc5cc-54cf-11ef-8b4b-02814898e98b,1cb7475c-22ff-11eb-9ba0-024e14449321,0
0,101 Northfield Dr - Garage #49,,c5a5fd40-54d1-11ef-8b4b-02814898e98b,548bc5cc-54cf-11ef-8b4b-02814898e98b,1cb7475c-22ff-11eb-9ba0-024e14449321,0
0,101 Northfield Dr - Garage #5,,bfe4e3c0-54d0-11ef-8b4b-02814898e98b,548bc5cc-54cf-11ef-8b4b-02814898e98b,1cb7475c-22ff-11eb-9ba0-024e14449321,0
0,101 Northfield Dr - Garage #50,,c98a0d62-54d1-11ef-8b4b-02814898e98b,548bc5cc-54cf-11ef-8b4b-02814898e98b,1cb7475c-22ff-11eb-9ba0-024e14449321,0
0,101 Northfield Dr - Garage #51,,cca6d563-54d1-11ef-8b4b-02814898e98b,548bc5cc-54cf-11ef-8b4b-02814898e98b,1cb7475c-22ff-11eb-9ba0-024e14449321,0
0,101 Northfield Dr - Garage #52,,ceeffece-54d1-11ef-8b4b-02814898e98b,548bc5cc-54cf-11ef-8b4b-02814898e98b,1cb7475c-22ff-11eb-9ba0-024e14449321,0
0,101 Northfield Dr - Garage #53,,d2e9bd78-54d1-11ef-8b4b-02814898e98b,548bc5cc-54cf-11ef-8b4b-02814898e98b,1cb7475c-22ff-11eb-9ba0-024e14449321,0
0,101 Northfield Dr - Garage #54,,d629e3f3-54d1-11ef-8b4b-02814898e98b,548bc5cc-54cf-11ef-8b4b-02814898e98b,1cb7475c-22ff-11eb-9ba0-024e14449321,0
0,101 Northfield Dr - Garage #56,,dc076bb4-54d1-11ef-8b4b-02814898e98b,548bc5cc-54cf-11ef-8b4b-02814898e98b,1cb7475c-22ff-11eb-9ba0-024e14449321,0
0,101 Northfield Dr - Garage #57,,e52ebf64-54d1-11ef-8b4b-02814898e98b,548bc5cc-54cf-11ef-8b4b-02814898e98b,1cb7475c-22ff-11eb-9ba0-024e14449321,0
0,101 Northfield Dr - Garage #58,,e7f33c2c-54d1-11ef-8b4b-02814898e98b,548bc5cc-54cf-11ef-8b4b-02814898e98b,1cb7475c-22ff-11eb-9ba0-024e14449321,0
0,101 Northfield Dr - Garage #59,,eb1928f1-54d1-11ef-8b4b-02814898e98b,548bc5cc-54cf-11ef-8b4b-02814898e98b,1cb7475c-22ff-11eb-9ba0-024e14449321,0
0,101 Northfield Dr - Garage #60,,ef4a0122-54d1-11ef-8b4b-02814898e98b,548bc5cc-54cf-11ef-8b4b-02814898e98b,1cb7475c-22ff-11eb-9ba0-024e14449321,0
0,101 Northfield Dr - Garage #61,,f4ff3b0f-54d1-11ef-8b4b-02814898e98b,548bc5cc-54cf-11ef-8b4b-02814898e98b,1cb7475c-22ff-11eb-9ba0-024e14449321,0
0,101 Northfield Dr - Garage #7,,cb3a88fc-54d0-11ef-8b4b-02814898e98b,548bc5cc-54cf-11ef-8b4b-02814898e98b,1cb7475c-22ff-11eb-9ba0-024e14449321,0
0,101 Northfield Dr - Garage #8,,d1213a9d-54d0-11ef-8b4b-02814898e98b,548bc5cc-54cf-11ef-8b4b-02814898e98b,1cb7475c-22ff-11eb-9ba0-024e14449321,0
0,101 Northfield Dr - Garage #9,,2fc07e91-e076-11ee-8b4b-02814898e98b,\N,1cb7475c-22ff-11eb-9ba0-024e14449321,0
0,101 Shoshone Drive,Unit A,72977b18-03e3-11f1-8b4b-02814898e98b,f40597a2-06c9-11f1-8b4b-02814898e98b,725481e8-03e3-11f1-8b4b-02814898e98b,0
0,101 Shoshone Drive,Unit B,72a40488-03e3-11f1-8b4b-02814898e98b,f40597a2-06c9-11f1-8b4b-02814898e98b,725481e8-03e3-11f1-8b4b-02814898e98b,0
0,101 W. Cypress St,,30383073-d6c1-11ec-a39e-0683fa8b8728,\N,30065044-d6c1-11ec-a39e-0683fa8b8728,0
0,101-103 E. Willow - 11,Unit 11,e71fa586-822d-11f0-8b4b-02814898e98b,2f88518b-1f5c-11ef-8b4b-02814898e98b,1e80a010-22ff-11eb-9ba0-024e14449321,0
0,101-103 E. Willow - 11,Unit 11,e7207e6b-822d-11f0-8b4b-02814898e98b,2f88518b-1f5c-11ef-8b4b-02814898e98b,1e80a010-22ff-11eb-9ba0-024e14449321,0
0,101-103 E. Willow - 11,Unit 11,e72155b6-822d-11f0-8b4b-02814898e98b,2f88518b-1f5c-11ef-8b4b-02814898e98b,1e80a010-22ff-11eb-9ba0-024e14449321,0
0,101-103 E. Willow - 20,Unit 20,e6f4504d-822d-11f0-8b4b-02814898e98b,34f7fc83-24e7-11ef-8b4b-02814898e98b,1e80a010-22ff-11eb-9ba0-024e14449321,0
0,101-103 E. Willow - 20,Unit 20,e6f51af2-822d-11f0-8b4b-02814898e98b,34f7fc83-24e7-11ef-8b4b-02814898e98b,1e80a010-22ff-11eb-9ba0-024e14449321,0
0,101-103 E. Willow - 20,Unit 20,e6f5e22e-822d-11f0-8b4b-02814898e98b,34f7fc83-24e7-11ef-8b4b-02814898e98b,1e80a010-22ff-11eb-9ba0-024e14449321,0
0,101-103 E. Willow - 20,Unit 20,e6f6a922-822d-11f0-8b4b-02814898e98b,34f7fc83-24e7-11ef-8b4b-02814898e98b,1e80a010-22ff-11eb-9ba0-024e14449321,0
0,101-103 E. Willow - 23,Unit 23,e729c654-822d-11f0-8b4b-02814898e98b,2f88518b-1f5c-11ef-8b4b-02814898e98b,1e80a010-22ff-11eb-9ba0-024e14449321,0
0,101-103 E. Willow - 23,Unit 23,e72aa206-822d-11f0-8b4b-02814898e98b,2f88518b-1f5c-11ef-8b4b-02814898e98b,1e80a010-22ff-11eb-9ba0-024e14449321,0
0,101-103 E. Willow - 23,Unit 23,e72b7b37-822d-11f0-8b4b-02814898e98b,2f88518b-1f5c-11ef-8b4b-02814898e98b,1e80a010-22ff-11eb-9ba0-024e14449321,0
0,101-103 E. Willow - 7,Unit 7,e6de9209-822d-11f0-8b4b-02814898e98b,34f7fc83-24e7-11ef-8b4b-02814898e98b,1e80a010-22ff-11eb-9ba0-024e14449321,0
0,101-103 E. Willow - 7,Unit 7,e6df5ab5-822d-11f0-8b4b-02814898e98b,34f7fc83-24e7-11ef-8b4b-02814898e98b,1e80a010-22ff-11eb-9ba0-024e14449321,0
0,101-103 E. Willow - 7,Unit 7,e6e02299-822d-11f0-8b4b-02814898e98b,34f7fc83-24e7-11ef-8b4b-02814898e98b,1e80a010-22ff-11eb-9ba0-024e14449321,0
0,101-103 E. Willow - 7,Unit 7,e6e0e8c2-822d-11f0-8b4b-02814898e98b,34f7fc83-24e7-11ef-8b4b-02814898e98b,1e80a010-22ff-11eb-9ba0-024e14449321,0
0,1017 Maple Hill Rd,Unit #1,814d015a-186c-11ef-8b4b-02814898e98b,586840e1-3e61-11ef-8b4b-02814898e98b,97785bc8-1875-11ef-8b4b-02814898e98b,0
0,1017 Maple Hill Rd,Unit #4,93012917-186c-11ef-8b4b-02814898e98b,586840e1-3e61-11ef-8b4b-02814898e98b,97785bc8-1875-11ef-8b4b-02814898e98b,0
0,1019 Maple Hill Rd,Unit #1,63c89dfe-1870-11ef-8b4b-02814898e98b,586840e1-3e61-11ef-8b4b-02814898e98b,97785bc8-1875-11ef-8b4b-02814898e98b,0
0,102 Crossing Drive,,167db326-c05a-11ee-8b4b-02814898e98b,\N,165baa67-c05a-11ee-8b4b-02814898e98b,0
0,102 W. Cherry - 12,Unit 12,b0ed2f0b-2300-11eb-9ba0-024e14449321,0f54fa20-24ff-11ef-8b4b-02814898e98b,1af50098-22ff-11eb-9ba0-024e14449321,0
0,102 W. Cherry - 12,Unit 12,b16767ef-2300-11eb-9ba0-024e14449321,0f54fa20-24ff-11ef-8b4b-02814898e98b,1af50098-22ff-11eb-9ba0-024e14449321,0
0,102 W. Cherry - 12,Unit 12,e8422068-822d-11f0-8b4b-02814898e98b,0f54fa20-24ff-11ef-8b4b-02814898e98b,1af50098-22ff-11eb-9ba0-024e14449321,0
0,102 W. Phoenix - 12,Unit 12,daa03d60-2300-11eb-9ba0-024e14449321,1ad8cfef-788a-11f0-8b4b-02814898e98b,1b10d0e2-22ff-11eb-9ba0-024e14449321,0
0,102 W. Phoenix - 16,Unit 16,e2b1c4b3-2300-11eb-9ba0-024e14449321,c415e9cd-788a-11f0-8b4b-02814898e98b,1b10d0e2-22ff-11eb-9ba0-024e14449321,0
0,104 Crossing Drive,,86730f84-c05a-11ee-8b4b-02814898e98b,\N,865573ce-c05a-11ee-8b4b-02814898e98b,0
0,104 E Mulberry St,,52fc4e1b-22ff-11eb-9ba0-024e14449321,\N,160e2af2-22ff-11eb-9ba0-024e14449321,0
0,104 W. Irving,Unit 1,e8fcc34c-822d-11f0-8b4b-02814898e98b,f42dc685-2508-11ef-8b4b-02814898e98b,162391c1-22ff-11eb-9ba0-024e14449321,0
0,104 W. Irving,Unit 2,e94c8385-822d-11f0-8b4b-02814898e98b,f42dc685-2508-11ef-8b4b-02814898e98b,162391c1-22ff-11eb-9ba0-024e14449321,0
0,104 W. Irving,Unit 3,e99c83c3-822d-11f0-8b4b-02814898e98b,f42dc685-2508-11ef-8b4b-02814898e98b,162391c1-22ff-11eb-9ba0-024e14449321,0
0,104 W. Irving,Unit 4,e9e8e1e9-822d-11f0-8b4b-02814898e98b,f42dc685-2508-11ef-8b4b-02814898e98b,162391c1-22ff-11eb-9ba0-024e14449321,0
0,104 W. Irving,Unit 5,ea366148-822d-11f0-8b4b-02814898e98b,f42dc685-2508-11ef-8b4b-02814898e98b,162391c1-22ff-11eb-9ba0-024e14449321,0
0,104 W. Irving,Unit 6,ea81cd28-822d-11f0-8b4b-02814898e98b,f42dc685-2508-11ef-8b4b-02814898e98b,162391c1-22ff-11eb-9ba0-024e14449321,0
0,104 W. Irving,Unit 7,ead0fbf6-822d-11f0-8b4b-02814898e98b,f42dc685-2508-11ef-8b4b-02814898e98b,162391c1-22ff-11eb-9ba0-024e14449321,0
0,104 W. Irving,Unit 8,eb1c6ea2-822d-11f0-8b4b-02814898e98b,f42dc685-2508-11ef-8b4b-02814898e98b,162391c1-22ff-11eb-9ba0-024e14449321,0
0,104 W. Irving,Unit 9,eb667938-822d-11f0-8b4b-02814898e98b,f42dc685-2508-11ef-8b4b-02814898e98b,162391c1-22ff-11eb-9ba0-024e14449321,0
0,104 W. Irving,Unit 10,ebc0b3d5-822d-11f0-8b4b-02814898e98b,f42dc685-2508-11ef-8b4b-02814898e98b,162391c1-22ff-11eb-9ba0-024e14449321,0
0,104 W. Irving,Unit 11,ec10a6f0-822d-11f0-8b4b-02814898e98b,f42dc685-2508-11ef-8b4b-02814898e98b,162391c1-22ff-11eb-9ba0-024e14449321,0
0,104 W. Irving,Unit 12,ec5a9218-822d-11f0-8b4b-02814898e98b,f42dc685-2508-11ef-8b4b-02814898e98b,162391c1-22ff-11eb-9ba0-024e14449321,0
0,104 W. Irving,Unit 13,eca8c5d7-822d-11f0-8b4b-02814898e98b,f42dc685-2508-11ef-8b4b-02814898e98b,162391c1-22ff-11eb-9ba0-024e14449321,0
0,104 W. Irving,Unit 14,ecf5d019-822d-11f0-8b4b-02814898e98b,f42dc685-2508-11ef-8b4b-02814898e98b,162391c1-22ff-11eb-9ba0-024e14449321,0
0,104 W. Irving,Unit 15,ed450859-822d-11f0-8b4b-02814898e98b,f42dc685-2508-11ef-8b4b-02814898e98b,162391c1-22ff-11eb-9ba0-024e14449321,0
0,104 W. Vernon,,014527ea-277f-11f0-8b4b-02814898e98b,\N,00ef15a6-277f-11f0-8b4b-02814898e98b,0
0,105 Dorothy Drive,,45e882f6-d9ce-11ef-8b4b-02814898e98b,\N,45a393bf-d9ce-11ef-8b4b-02814898e98b,0
0,105 W. Willow,Unit 1,ede15ef6-822d-11f0-8b4b-02814898e98b,16b4f194-27fd-11ef-8b4b-02814898e98b,169056ed-22ff-11eb-9ba0-024e14449321,0
0,105 W. Willow,Unit 2,3001d769-22ff-11eb-9ba0-024e14449321,16b4f194-27fd-11ef-8b4b-02814898e98b,169056ed-22ff-11eb-9ba0-024e14449321,0
0,105 W. Willow,Unit 2,30a10592-22ff-11eb-9ba0-024e14449321,16b4f194-27fd-11ef-8b4b-02814898e98b,169056ed-22ff-11eb-9ba0-024e14449321,0
0,105 W. Willow,Unit 2,3114615f-22ff-11eb-9ba0-024e14449321,16b4f194-27fd-11ef-8b4b-02814898e98b,169056ed-22ff-11eb-9ba0-024e14449321,0
0,105 W. Willow,Unit 3,ef9650af-822d-11f0-8b4b-02814898e98b,16b4f194-27fd-11ef-8b4b-02814898e98b,169056ed-22ff-11eb-9ba0-024e14449321,0
0,105 W. Willow,Unit 4,efe26def-822d-11f0-8b4b-02814898e98b,16b4f194-27fd-11ef-8b4b-02814898e98b,169056ed-22ff-11eb-9ba0-024e14449321,0
0,105 W. Willow,Unit 5,3666e60a-22ff-11eb-9ba0-024e14449321,16b4f194-27fd-11ef-8b4b-02814898e98b,169056ed-22ff-11eb-9ba0-024e14449321,0
0,105 W. Willow,Unit 5,36d8ab22-22ff-11eb-9ba0-024e14449321,16b4f194-27fd-11ef-8b4b-02814898e98b,169056ed-22ff-11eb-9ba0-024e14449321,0
0,105 W. Willow,Unit 5,374b2a0c-22ff-11eb-9ba0-024e14449321,16b4f194-27fd-11ef-8b4b-02814898e98b,169056ed-22ff-11eb-9ba0-024e14449321,0
0,105 W. Willow,Unit 6,f082d661-822d-11f0-8b4b-02814898e98b,16b4f194-27fd-11ef-8b4b-02814898e98b,169056ed-22ff-11eb-9ba0-024e14449321,0
0,106 College Park Court - 1,,a25193ef-173d-11f1-8b4b-02814898e98b,\N,9194737c-173d-11f1-8b4b-02814898e98b,0
0,106 College Park Court - 3,,ac6ae471-173d-11f1-8b4b-02814898e98b,\N,9194737c-173d-11f1-8b4b-02814898e98b,0
0,106 College Park Court - 4,,b1a95326-173d-11f1-8b4b-02814898e98b,\N,9194737c-173d-11f1-8b4b-02814898e98b,0
0,106 Crossing Drive,,b20c5aeb-c05b-11ee-8b4b-02814898e98b,\N,b1eedce0-c05b-11ee-8b4b-02814898e98b,0
0,106 Highpoint Road,,5eb152e2-3da5-11ec-a39e-0683fa8b8728,\N,5e6f3ec6-3da5-11ec-a39e-0683fa8b8728,0
0,106 W. Willow,Unit 1,f0fbd5bc-822d-11f0-8b4b-02814898e98b,6e5631bf-27ff-11ef-8b4b-02814898e98b,16aaf46e-22ff-11eb-9ba0-024e14449321,0
0,106 W. Willow,Unit 2,3e00b760-22ff-11eb-9ba0-024e14449321,6e5631bf-27ff-11ef-8b4b-02814898e98b,16aaf46e-22ff-11eb-9ba0-024e14449321,0
0,106 W. Willow,Unit 2,3ec22491-22ff-11eb-9ba0-024e14449321,6e5631bf-27ff-11ef-8b4b-02814898e98b,16aaf46e-22ff-11eb-9ba0-024e14449321,0
0,106 W. Willow,Unit 2,3f339ebe-22ff-11eb-9ba0-024e14449321,6e5631bf-27ff-11ef-8b4b-02814898e98b,16aaf46e-22ff-11eb-9ba0-024e14449321,0
0,106 W. Willow,Unit 3,401fa866-22ff-11eb-9ba0-024e14449321,6e5631bf-27ff-11ef-8b4b-02814898e98b,16aaf46e-22ff-11eb-9ba0-024e14449321,0
0,106 W. Willow,Unit 3,409a33e9-22ff-11eb-9ba0-024e14449321,6e5631bf-27ff-11ef-8b4b-02814898e98b,16aaf46e-22ff-11eb-9ba0-024e14449321,0
0,106 W. Willow,Unit 3,4101e392-22ff-11eb-9ba0-024e14449321,6e5631bf-27ff-11ef-8b4b-02814898e98b,16aaf46e-22ff-11eb-9ba0-024e14449321,0
0,106 W. Willow,Unit 4,f1f9a707-822d-11f0-8b4b-02814898e98b,6e5631bf-27ff-11ef-8b4b-02814898e98b,16aaf46e-22ff-11eb-9ba0-024e14449321,0
0,106 W. Willow,Unit 5,f2523b8d-822d-11f0-8b4b-02814898e98b,d1676c2d-27ff-11ef-8b4b-02814898e98b,16aaf46e-22ff-11eb-9ba0-024e14449321,0
0,106 W. Willow,Unit 6,488f8806-22ff-11eb-9ba0-024e14449321,6e5631bf-27ff-11ef-8b4b-02814898e98b,16aaf46e-22ff-11eb-9ba0-024e14449321,0
0,106 W. Willow,Unit 6,4941e5cb-22ff-11eb-9ba0-024e14449321,6e5631bf-27ff-11ef-8b4b-02814898e98b,16aaf46e-22ff-11eb-9ba0-024e14449321,0
0,106 W. Willow,Unit 6,4a124f04-22ff-11eb-9ba0-024e14449321,6e5631bf-27ff-11ef-8b4b-02814898e98b,16aaf46e-22ff-11eb-9ba0-024e14449321,0
0,106 W. Willow,Unit 7,f2f72de3-822d-11f0-8b4b-02814898e98b,6e5631bf-27ff-11ef-8b4b-02814898e98b,16aaf46e-22ff-11eb-9ba0-024e14449321,0
0,106 W. Willow,Unit 8,f3461165-822d-11f0-8b4b-02814898e98b,6e5631bf-27ff-11ef-8b4b-02814898e98b,16aaf46e-22ff-11eb-9ba0-024e14449321,0
0,106 W. Willow,Unit 9,f3971f0b-822d-11f0-8b4b-02814898e98b,6e5631bf-27ff-11ef-8b4b-02814898e98b,16aaf46e-22ff-11eb-9ba0-024e14449321,0
0,106 W. Willow,Unit 10,f3f755b2-822d-11f0-8b4b-02814898e98b,d1676c2d-27ff-11ef-8b4b-02814898e98b,16aaf46e-22ff-11eb-9ba0-024e14449321,0
0,106 W. Willow,Unit 11,f447e123-822d-11f0-8b4b-02814898e98b,a83834b5-1cfd-11ef-8b4b-02814898e98b,16aaf46e-22ff-11eb-9ba0-024e14449321,0
0,107 N. Orr - A,,d13f896e-42ca-11ef-8b4b-02814898e98b,\N,d11c414e-42ca-11ef-8b4b-02814898e98b,0
0,108 E. Market,,ce27e241-51c4-11eb-8189-0684b23f11cf,\N,ce15bd14-51c4-11eb-8189-0684b23f11cf,0
0,108 E. Mulberry,,e205a3a7-69c3-11ed-9528-0a5c5a1a7776,da51aa23-28c8-11ef-8b4b-02814898e98b,d685d9f2-69c3-11ed-9528-0a5c5a1a7776,0
0,109 W. WILLOW - 1,Unit 1,5d937517-22ff-11eb-9ba0-024e14449321,c105f689-28c9-11ef-8b4b-02814898e98b,175e3f3d-22ff-11eb-9ba0-024e14449321,0
0,110 W. Locust - 5,Unit 5,6e0f06af-22ff-11eb-9ba0-024e14449321,3cbf7d9f-2805-11ef-8b4b-02814898e98b,1777eadd-22ff-11eb-9ba0-024e14449321,0
0,110 W. Locust - 5,Unit 5,6f2dc6ae-22ff-11eb-9ba0-024e14449321,3cbf7d9f-2805-11ef-8b4b-02814898e98b,1777eadd-22ff-11eb-9ba0-024e14449321,0
0,110 W. Locust - 5,Unit 5,6fb5d8d8-22ff-11eb-9ba0-024e14449321,3cbf7d9f-2805-11ef-8b4b-02814898e98b,1777eadd-22ff-11eb-9ba0-024e14449321,0
0,110 W. Locust - 5,Unit 5,70241c01-22ff-11eb-9ba0-024e14449321,3cbf7d9f-2805-11ef-8b4b-02814898e98b,1777eadd-22ff-11eb-9ba0-024e14449321,0
0,111 E. Cherry - 1,Unit 1,740cb846-22ff-11eb-9ba0-024e14449321,b08dfac5-282c-11ef-8b4b-02814898e98b,17928f4b-22ff-11eb-9ba0-024e14449321,0
0,111 E. Cherry - 1,Unit 1,74bc7805-22ff-11eb-9ba0-024e14449321,b08dfac5-282c-11ef-8b4b-02814898e98b,17928f4b-22ff-11eb-9ba0-024e14449321,0
0,111 E. Cherry - 1,Unit 1,758a27b5-22ff-11eb-9ba0-024e14449321,b08dfac5-282c-11ef-8b4b-02814898e98b,17928f4b-22ff-11eb-9ba0-024e14449321,0
0,111 E. Cherry - 2,Unit 2,76a7d3ed-22ff-11eb-9ba0-024e14449321,b08dfac5-282c-11ef-8b4b-02814898e98b,17928f4b-22ff-11eb-9ba0-024e14449321,0
0,111 E. Cherry - 2,Unit 2,772c6130-22ff-11eb-9ba0-024e14449321,b08dfac5-282c-11ef-8b4b-02814898e98b,17928f4b-22ff-11eb-9ba0-024e14449321,0
0,111 E. Cherry - 2,Unit 2,779ddecd-22ff-11eb-9ba0-024e14449321,b08dfac5-282c-11ef-8b4b-02814898e98b,17928f4b-22ff-11eb-9ba0-024e14449321,0
0,111 E. Cherry - 4,Unit 4,7bf86655-22ff-11eb-9ba0-024e14449321,b08dfac5-282c-11ef-8b4b-02814898e98b,17928f4b-22ff-11eb-9ba0-024e14449321,0
0,111 E. Cherry - 4,Unit 4,7c62d3e5-22ff-11eb-9ba0-024e14449321,b08dfac5-282c-11ef-8b4b-02814898e98b,17928f4b-22ff-11eb-9ba0-024e14449321,0
0,111 E. Cherry - 4,Unit 4,7cea0d49-22ff-11eb-9ba0-024e14449321,b08dfac5-282c-11ef-8b4b-02814898e98b,17928f4b-22ff-11eb-9ba0-024e14449321,0
0,111 E. Cherry - 6,Unit 6,7fec0fff-22ff-11eb-9ba0-024e14449321,b08dfac5-282c-11ef-8b4b-02814898e98b,17928f4b-22ff-11eb-9ba0-024e14449321,0
0,111 E. Cherry - 6,Unit 6,80b929a4-22ff-11eb-9ba0-024e14449321,b08dfac5-282c-11ef-8b4b-02814898e98b,17928f4b-22ff-11eb-9ba0-024e14449321,0
0,111 E. Cherry - 6,Unit 6,813c2966-22ff-11eb-9ba0-024e14449321,b08dfac5-282c-11ef-8b4b-02814898e98b,17928f4b-22ff-11eb-9ba0-024e14449321,0
0,111 E. Cherry - 7,Unit 7,82d3b393-22ff-11eb-9ba0-024e14449321,b08dfac5-282c-11ef-8b4b-02814898e98b,17928f4b-22ff-11eb-9ba0-024e14449321,0
0,111 E. Cherry - 7,Unit 7,84080b38-22ff-11eb-9ba0-024e14449321,b08dfac5-282c-11ef-8b4b-02814898e98b,17928f4b-22ff-11eb-9ba0-024e14449321,0
0,111 E. Cherry - 7,Unit 7,84d7f02e-22ff-11eb-9ba0-024e14449321,b08dfac5-282c-11ef-8b4b-02814898e98b,17928f4b-22ff-11eb-9ba0-024e14449321,0
0,111 E. Willow - 1,Unit 1,c1d42516-d467-11ef-8b4b-02814898e98b,4fd79f36-2832-11ef-8b4b-02814898e98b,17b3053f-22ff-11eb-9ba0-024e14449321,0
0,111 E. Willow - 10,Unit 10,d57d337d-d467-11ef-8b4b-02814898e98b,4fd79f36-2832-11ef-8b4b-02814898e98b,17b3053f-22ff-11eb-9ba0-024e14449321,0
0,111 E. Willow - 11,Unit 11,d714dd83-d467-11ef-8b4b-02814898e98b,4fd79f36-2832-11ef-8b4b-02814898e98b,17b3053f-22ff-11eb-9ba0-024e14449321,0
0,111 E. Willow - 2,Unit 2,c40e97f8-d467-11ef-8b4b-02814898e98b,4fd79f36-2832-11ef-8b4b-02814898e98b,17b3053f-22ff-11eb-9ba0-024e14449321,0
0,111 E. Willow - 3,Unit 3,c61ad422-d467-11ef-8b4b-02814898e98b,4fd79f36-2832-11ef-8b4b-02814898e98b,17b3053f-22ff-11eb-9ba0-024e14449321,0
0,111 E. Willow - 4,Unit 4,c846a35a-d467-11ef-8b4b-02814898e98b,4fd79f36-2832-11ef-8b4b-02814898e98b,17b3053f-22ff-11eb-9ba0-024e14449321,0
0,111 E. Willow - 5,Unit 5,ca4ed12d-d467-11ef-8b4b-02814898e98b,4fd79f36-2832-11ef-8b4b-02814898e98b,17b3053f-22ff-11eb-9ba0-024e14449321,0
0,111 E. Willow - 6,Unit 6,cc1874e3-d467-11ef-8b4b-02814898e98b,4fd79f36-2832-11ef-8b4b-02814898e98b,17b3053f-22ff-11eb-9ba0-024e14449321,0
0,111 E. Willow - 7,Unit 7,cf3f5747-d467-11ef-8b4b-02814898e98b,4fd79f36-2832-11ef-8b4b-02814898e98b,17b3053f-22ff-11eb-9ba0-024e14449321,0
0,111 E. Willow - 8,Unit 8,d19aa5df-d467-11ef-8b4b-02814898e98b,4fd79f36-2832-11ef-8b4b-02814898e98b,17b3053f-22ff-11eb-9ba0-024e14449321,0
0,111 E. Willow - 9.3,Unit 9,d3d89298-d467-11ef-8b4b-02814898e98b,c18f7208-d467-11ef-8b4b-02814898e98b,17b3053f-22ff-11eb-9ba0-024e14449321,0
0,111 W. Cherry - 1,Unit 1,488bd51f-22ff-11eb-9ba0-024e14449321,350b0812-28c6-11ef-8b4b-02814898e98b,17e61576-22ff-11eb-9ba0-024e14449321,0
0,111 W. Cherry - 1,Unit 1,4932a0b9-22ff-11eb-9ba0-024e14449321,350b0812-28c6-11ef-8b4b-02814898e98b,17e61576-22ff-11eb-9ba0-024e14449321,0
0,111 W. Cherry - 1,Unit 1,49ed4b3a-22ff-11eb-9ba0-024e14449321,350b0812-28c6-11ef-8b4b-02814898e98b,17e61576-22ff-11eb-9ba0-024e14449321,0
0,111 W. Cherry - 10,Unit 10,5e11477e-22ff-11eb-9ba0-024e14449321,350b0812-28c6-11ef-8b4b-02814898e98b,17e61576-22ff-11eb-9ba0-024e14449321,0
0,111 W. Cherry - 10,Unit 10,5e7ae623-22ff-11eb-9ba0-024e14449321,350b0812-28c6-11ef-8b4b-02814898e98b,17e61576-22ff-11eb-9ba0-024e14449321,0
0,111 W. Cherry - 10,Unit 10,5f372ef9-22ff-11eb-9ba0-024e14449321,350b0812-28c6-11ef-8b4b-02814898e98b,17e61576-22ff-11eb-9ba0-024e14449321,0
0,111 W. Cherry - 11,Unit 11,fab7e5ca-822d-11f0-8b4b-02814898e98b,350b0812-28c6-11ef-8b4b-02814898e98b,17e61576-22ff-11eb-9ba0-024e14449321,0
0,111 W. Cherry - 12,Unit 12,628281de-22ff-11eb-9ba0-024e14449321,350b0812-28c6-11ef-8b4b-02814898e98b,17e61576-22ff-11eb-9ba0-024e14449321,0
0,111 W. Cherry - 12,Unit 12,62ef2204-22ff-11eb-9ba0-024e14449321,350b0812-28c6-11ef-8b4b-02814898e98b,17e61576-22ff-11eb-9ba0-024e14449321,0
0,111 W. Cherry - 12,Unit 12,63674461-22ff-11eb-9ba0-024e14449321,350b0812-28c6-11ef-8b4b-02814898e98b,17e61576-22ff-11eb-9ba0-024e14449321,0
0,111 W. Cherry - 13,Unit 13,fb535331-822d-11f0-8b4b-02814898e98b,350b0812-28c6-11ef-8b4b-02814898e98b,17e61576-22ff-11eb-9ba0-024e14449321,0
0,111 W. Cherry - 2,Unit 2,4bae12ad-22ff-11eb-9ba0-024e14449321,290704a7-1f7d-11ef-8b4b-02814898e98b,17e61576-22ff-11eb-9ba0-024e14449321,0
0,111 W. Cherry - 2,Unit 2,4cc3f691-22ff-11eb-9ba0-024e14449321,290704a7-1f7d-11ef-8b4b-02814898e98b,17e61576-22ff-11eb-9ba0-024e14449321,0
0,111 W. Cherry - 3,Unit 3,4e5eabef-22ff-11eb-9ba0-024e14449321,350b0812-28c6-11ef-8b4b-02814898e98b,17e61576-22ff-11eb-9ba0-024e14449321,0
0,111 W. Cherry - 3,Unit 3,4ec6431c-22ff-11eb-9ba0-024e14449321,350b0812-28c6-11ef-8b4b-02814898e98b,17e61576-22ff-11eb-9ba0-024e14449321,0
0,111 W. Cherry - 3,Unit 3,4f49add7-22ff-11eb-9ba0-024e14449321,350b0812-28c6-11ef-8b4b-02814898e98b,17e61576-22ff-11eb-9ba0-024e14449321,0
0,111 W. Cherry - 4,Unit 4,501c1cda-22ff-11eb-9ba0-024e14449321,290704a7-1f7d-11ef-8b4b-02814898e98b,17e61576-22ff-11eb-9ba0-024e14449321,0
0,111 W. Cherry - 4,Unit 4,50878062-22ff-11eb-9ba0-024e14449321,290704a7-1f7d-11ef-8b4b-02814898e98b,17e61576-22ff-11eb-9ba0-024e14449321,0
0,111 W. Cherry - 5,Unit 5,51b86efe-22ff-11eb-9ba0-024e14449321,350b0812-28c6-11ef-8b4b-02814898e98b,17e61576-22ff-11eb-9ba0-024e14449321,0
0,111 W. Cherry - 5,Unit 5,526e8938-22ff-11eb-9ba0-024e14449321,350b0812-28c6-11ef-8b4b-02814898e98b,17e61576-22ff-11eb-9ba0-024e14449321,0
0,111 W. Cherry - 5,Unit 5,53655e70-22ff-11eb-9ba0-024e14449321,350b0812-28c6-11ef-8b4b-02814898e98b,17e61576-22ff-11eb-9ba0-024e14449321,0
0,111 W. Cherry - 6,Unit 6,54cdae54-22ff-11eb-9ba0-024e14449321,290704a7-1f7d-11ef-8b4b-02814898e98b,17e61576-22ff-11eb-9ba0-024e14449321,0
0,111 W. Cherry - 6,Unit 6,55414fc7-22ff-11eb-9ba0-024e14449321,290704a7-1f7d-11ef-8b4b-02814898e98b,17e61576-22ff-11eb-9ba0-024e14449321,0
0,111 W. Cherry - 7,Unit 7,56b1dbc1-22ff-11eb-9ba0-024e14449321,350b0812-28c6-11ef-8b4b-02814898e98b,17e61576-22ff-11eb-9ba0-024e14449321,0
0,111 W. Cherry - 7,Unit 7,57689f32-22ff-11eb-9ba0-024e14449321,350b0812-28c6-11ef-8b4b-02814898e98b,17e61576-22ff-11eb-9ba0-024e14449321,0
0,111 W. Cherry - 7,Unit 7,57e2f9e9-22ff-11eb-9ba0-024e14449321,350b0812-28c6-11ef-8b4b-02814898e98b,17e61576-22ff-11eb-9ba0-024e14449321,0
0,111 W. Cherry - 8,Unit 8,f9bee4db-822d-11f0-8b4b-02814898e98b,350b0812-28c6-11ef-8b4b-02814898e98b,17e61576-22ff-11eb-9ba0-024e14449321,0
0,111 W. Cherry - 9,Unit 9,5c4d0d5f-22ff-11eb-9ba0-024e14449321,350b0812-28c6-11ef-8b4b-02814898e98b,17e61576-22ff-11eb-9ba0-024e14449321,0
0,111 W. Cherry - 9,Unit 9,5cc4957f-22ff-11eb-9ba0-024e14449321,350b0812-28c6-11ef-8b4b-02814898e98b,17e61576-22ff-11eb-9ba0-024e14449321,0
0,111 W. Cherry - 9,Unit 9,5d2aeb90-22ff-11eb-9ba0-024e14449321,350b0812-28c6-11ef-8b4b-02814898e98b,17e61576-22ff-11eb-9ba0-024e14449321,0
0,111 W. Locust ,Unit 42,04e12821-822e-11f0-8b4b-02814898e98b,db4a5611-2823-11ef-8b4b-02814898e98b,18059dfa-22ff-11eb-9ba0-024e14449321,0
0,111 W. Locust - 11,,6979f1af-22ff-11eb-9ba0-024e14449321,db4a5611-2823-11ef-8b4b-02814898e98b,18059dfa-22ff-11eb-9ba0-024e14449321,0
0,111 W. Locust - 11,,698d57e4-22ff-11eb-9ba0-024e14449321,db4a5611-2823-11ef-8b4b-02814898e98b,18059dfa-22ff-11eb-9ba0-024e14449321,0
0,111 W. Locust - 11,,69a1ff08-22ff-11eb-9ba0-024e14449321,db4a5611-2823-11ef-8b4b-02814898e98b,18059dfa-22ff-11eb-9ba0-024e14449321,0
0,111 W. Locust - 12,,69c7bd3d-22ff-11eb-9ba0-024e14449321,db4a5611-2823-11ef-8b4b-02814898e98b,18059dfa-22ff-11eb-9ba0-024e14449321,0
0,111 W. Locust - 12,,69d8fb2e-22ff-11eb-9ba0-024e14449321,db4a5611-2823-11ef-8b4b-02814898e98b,18059dfa-22ff-11eb-9ba0-024e14449321,0
0,111 W. Locust - 12,,69eae4ba-22ff-11eb-9ba0-024e14449321,db4a5611-2823-11ef-8b4b-02814898e98b,18059dfa-22ff-11eb-9ba0-024e14449321,0
0,111 W. Locust - 13,,69ff26ee-22ff-11eb-9ba0-024e14449321,55474f29-2824-11ef-8b4b-02814898e98b,18059dfa-22ff-11eb-9ba0-024e14449321,0
0,111 W. Locust - 13,,6a281a12-22ff-11eb-9ba0-024e14449321,55474f29-2824-11ef-8b4b-02814898e98b,18059dfa-22ff-11eb-9ba0-024e14449321,0
0,111 W. Locust - 13,,6a3c7e92-22ff-11eb-9ba0-024e14449321,55474f29-2824-11ef-8b4b-02814898e98b,18059dfa-22ff-11eb-9ba0-024e14449321,0
0,111 W. Locust - 13,,6a4fc842-22ff-11eb-9ba0-024e14449321,55474f29-2824-11ef-8b4b-02814898e98b,18059dfa-22ff-11eb-9ba0-024e14449321,0
0,111 W. Locust - 14,,fce5e1e9-822d-11f0-8b4b-02814898e98b,db4a5611-2823-11ef-8b4b-02814898e98b,18059dfa-22ff-11eb-9ba0-024e14449321,0
0,111 W. Locust - 15,,6acff4e6-22ff-11eb-9ba0-024e14449321,c3cd4a1d-1d02-11ef-8b4b-02814898e98b,18059dfa-22ff-11eb-9ba0-024e14449321,0
0,111 W. Locust - 16,,fd7aa254-822d-11f0-8b4b-02814898e98b,db4a5611-2823-11ef-8b4b-02814898e98b,18059dfa-22ff-11eb-9ba0-024e14449321,0
0,111 W. Locust - 17,,6b43f3c9-22ff-11eb-9ba0-024e14449321,08cdcf12-1d02-11ef-8b4b-02814898e98b,18059dfa-22ff-11eb-9ba0-024e14449321,0
0,111 W. Locust - 18,,fe12519b-822d-11f0-8b4b-02814898e98b,db4a5611-2823-11ef-8b4b-02814898e98b,18059dfa-22ff-11eb-9ba0-024e14449321,0
0,111 W. Locust - 19,,fe6544f6-822d-11f0-8b4b-02814898e98b,db4a5611-2823-11ef-8b4b-02814898e98b,18059dfa-22ff-11eb-9ba0-024e14449321,0
0,111 W. Locust - 21,,feb3ab96-822d-11f0-8b4b-02814898e98b,db4a5611-2823-11ef-8b4b-02814898e98b,18059dfa-22ff-11eb-9ba0-024e14449321,0
0,111 W. Locust - 22,,6da98aa4-22ff-11eb-9ba0-024e14449321,db4a5611-2823-11ef-8b4b-02814898e98b,18059dfa-22ff-11eb-9ba0-024e14449321,0
0,111 W. Locust - 22,,6dc72a31-22ff-11eb-9ba0-024e14449321,db4a5611-2823-11ef-8b4b-02814898e98b,18059dfa-22ff-11eb-9ba0-024e14449321,0
0,111 W. Locust - 22,,6de56b68-22ff-11eb-9ba0-024e14449321,db4a5611-2823-11ef-8b4b-02814898e98b,18059dfa-22ff-11eb-9ba0-024e14449321,0
0,111 W. Locust - 23,,ff66cdca-822d-11f0-8b4b-02814898e98b,55474f29-2824-11ef-8b4b-02814898e98b,18059dfa-22ff-11eb-9ba0-024e14449321,0
0,111 W. Locust - 24,,ffb7eb91-822d-11f0-8b4b-02814898e98b,db4a5611-2823-11ef-8b4b-02814898e98b,18059dfa-22ff-11eb-9ba0-024e14449321,0
0,111 W. Locust - 26,,6f40e78f-22ff-11eb-9ba0-024e14449321,db4a5611-2823-11ef-8b4b-02814898e98b,18059dfa-22ff-11eb-9ba0-024e14449321,0
0,111 W. Locust - 26,,6f5efe1c-22ff-11eb-9ba0-024e14449321,db4a5611-2823-11ef-8b4b-02814898e98b,18059dfa-22ff-11eb-9ba0-024e14449321,0
0,111 W. Locust - 26,,6f7a7c9d-22ff-11eb-9ba0-024e14449321,db4a5611-2823-11ef-8b4b-02814898e98b,18059dfa-22ff-11eb-9ba0-024e14449321,0
0,111 W. Locust - 28,,00f9cee3-822e-11f0-8b4b-02814898e98b,db4a5611-2823-11ef-8b4b-02814898e98b,18059dfa-22ff-11eb-9ba0-024e14449321,0
0,111 W. Locust - 29,,014cf036-822e-11f0-8b4b-02814898e98b,db4a5611-2823-11ef-8b4b-02814898e98b,18059dfa-22ff-11eb-9ba0-024e14449321,0
0,111 W. Locust - 31,Unit 31,019bcd0c-822e-11f0-8b4b-02814898e98b,db4a5611-2823-11ef-8b4b-02814898e98b,18059dfa-22ff-11eb-9ba0-024e14449321,0
0,111 W. Locust - 32,Unit 32,7248d78f-22ff-11eb-9ba0-024e14449321,db4a5611-2823-11ef-8b4b-02814898e98b,18059dfa-22ff-11eb-9ba0-024e14449321,0
0,111 W. Locust - 32,Unit 32,72a988f6-22ff-11eb-9ba0-024e14449321,db4a5611-2823-11ef-8b4b-02814898e98b,18059dfa-22ff-11eb-9ba0-024e14449321,0
0,111 W. Locust - 32,Unit 32,72f68428-22ff-11eb-9ba0-024e14449321,db4a5611-2823-11ef-8b4b-02814898e98b,18059dfa-22ff-11eb-9ba0-024e14449321,0
0,111 W. Locust - 33,Unit 33.1,0254565a-822e-11f0-8b4b-02814898e98b,55474f29-2824-11ef-8b4b-02814898e98b,18059dfa-22ff-11eb-9ba0-024e14449321,0
0,111 W. Locust - 34,Unit 34,02a7d5bf-822e-11f0-8b4b-02814898e98b,db4a5611-2823-11ef-8b4b-02814898e98b,18059dfa-22ff-11eb-9ba0-024e14449321,0
0,111 W. Locust - 36,Unit 36,0342500f-822e-11f0-8b4b-02814898e98b,db4a5611-2823-11ef-8b4b-02814898e98b,18059dfa-22ff-11eb-9ba0-024e14449321,0
0,111 W. Locust - 38,Unit 38,7544b7f9-22ff-11eb-9ba0-024e14449321,db4a5611-2823-11ef-8b4b-02814898e98b,18059dfa-22ff-11eb-9ba0-024e14449321,0
0,111 W. Locust - 38,Unit 38,7559c2ec-22ff-11eb-9ba0-024e14449321,db4a5611-2823-11ef-8b4b-02814898e98b,18059dfa-22ff-11eb-9ba0-024e14449321,0
0,111 W. Locust - 38,Unit 38,756de36c-22ff-11eb-9ba0-024e14449321,db4a5611-2823-11ef-8b4b-02814898e98b,18059dfa-22ff-11eb-9ba0-024e14449321,0
0,111 W. Locust - 39,Unit 39,7596417e-22ff-11eb-9ba0-024e14449321,db4a5611-2823-11ef-8b4b-02814898e98b,18059dfa-22ff-11eb-9ba0-024e14449321,0
0,111 W. Locust - 39,Unit 39,75c3bea4-22ff-11eb-9ba0-024e14449321,db4a5611-2823-11ef-8b4b-02814898e98b,18059dfa-22ff-11eb-9ba0-024e14449321,0
0,111 W. Locust - 39,Unit 39,75db7caa-22ff-11eb-9ba0-024e14449321,db4a5611-2823-11ef-8b4b-02814898e98b,18059dfa-22ff-11eb-9ba0-024e14449321,0
0,111 W. Locust - 41,Unit 41,048c8202-822e-11f0-8b4b-02814898e98b,db4a5611-2823-11ef-8b4b-02814898e98b,18059dfa-22ff-11eb-9ba0-024e14449321,0
0,111 W. Locust - 43,Unit 43,76980c27-22ff-11eb-9ba0-024e14449321,c7db5038-1f7d-11ef-8b4b-02814898e98b,18059dfa-22ff-11eb-9ba0-024e14449321,0
0,111 W. Locust - 43,Unit 43,76e739c5-22ff-11eb-9ba0-024e14449321,c7db5038-1f7d-11ef-8b4b-02814898e98b,18059dfa-22ff-11eb-9ba0-024e14449321,0
0,111 W. Locust - 44,Unit 44,057f6e4f-822e-11f0-8b4b-02814898e98b,db4a5611-2823-11ef-8b4b-02814898e98b,18059dfa-22ff-11eb-9ba0-024e14449321,0
0,111 W. Locust - 46,Unit 46,05d0b385-822e-11f0-8b4b-02814898e98b,db4a5611-2823-11ef-8b4b-02814898e98b,18059dfa-22ff-11eb-9ba0-024e14449321,0
0,111 W. Locust - 47,Unit 47,77ea41a8-22ff-11eb-9ba0-024e14449321,1ba6cd6b-1f7e-11ef-8b4b-02814898e98b,18059dfa-22ff-11eb-9ba0-024e14449321,0
0,111 W. Locust - 47,Unit 47,7840bedb-22ff-11eb-9ba0-024e14449321,1ba6cd6b-1f7e-11ef-8b4b-02814898e98b,18059dfa-22ff-11eb-9ba0-024e14449321,0
0,111 W. Locust - 47,Unit 47,789b54d3-22ff-11eb-9ba0-024e14449321,1ba6cd6b-1f7e-11ef-8b4b-02814898e98b,18059dfa-22ff-11eb-9ba0-024e14449321,0
0,111 W. Locust - 48,Unit 48,0679cb12-822e-11f0-8b4b-02814898e98b,db4a5611-2823-11ef-8b4b-02814898e98b,18059dfa-22ff-11eb-9ba0-024e14449321,0
0,111 W. Locust - 49,Unit 49,07e73fe2-822e-11f0-8b4b-02814898e98b,db4a5611-2823-11ef-8b4b-02814898e98b,18059dfa-22ff-11eb-9ba0-024e14449321,0
0,1111 E. Hazard Ave,Unit A,22b75c82-0544-11f1-8b4b-02814898e98b,ed4a4ca8-060f-11f1-8b4b-02814898e98b,225f1783-0544-11f1-8b4b-02814898e98b,0
0,1111 E. Hazard Ave,Unit B,22c6fa8a-0544-11f1-8b4b-02814898e98b,ed4a4ca8-060f-11f1-8b4b-02814898e98b,225f1783-0544-11f1-8b4b-02814898e98b,0
0,1115 E. Hazard Ave,Unit A,22d43f41-0544-11f1-8b4b-02814898e98b,ed4a4ca8-060f-11f1-8b4b-02814898e98b,225f1783-0544-11f1-8b4b-02814898e98b,0
0,1115 E. Hazard Ave,Unit B,22e21fd5-0544-11f1-8b4b-02814898e98b,ed4a4ca8-060f-11f1-8b4b-02814898e98b,225f1783-0544-11f1-8b4b-02814898e98b,0
0,112 Crossing Drive,,f29013bb-0e7b-11f1-8b4b-02814898e98b,\N,f24e315c-0e7b-11f1-8b4b-02814898e98b,0
0,112 W. Mulberry - 1,Unit 1,08c28664-822e-11f0-8b4b-02814898e98b,c556adc5-28cb-11ef-8b4b-02814898e98b,1854f87e-22ff-11eb-9ba0-024e14449321,0
0,112 W. Mulberry - 10,Unit 10,95781576-22ff-11eb-9ba0-024e14449321,c556adc5-28cb-11ef-8b4b-02814898e98b,1854f87e-22ff-11eb-9ba0-024e14449321,0
0,112 W. Mulberry - 10,Unit 10,95e5fdaf-22ff-11eb-9ba0-024e14449321,c556adc5-28cb-11ef-8b4b-02814898e98b,1854f87e-22ff-11eb-9ba0-024e14449321,0
0,112 W. Mulberry - 10,Unit 10,96557d7a-22ff-11eb-9ba0-024e14449321,c556adc5-28cb-11ef-8b4b-02814898e98b,1854f87e-22ff-11eb-9ba0-024e14449321,0
0,112 W. Mulberry - 11,Unit 11,974cc4c5-22ff-11eb-9ba0-024e14449321,c556adc5-28cb-11ef-8b4b-02814898e98b,1854f87e-22ff-11eb-9ba0-024e14449321,0
0,112 W. Mulberry - 11,Unit 11,97b5e9bc-22ff-11eb-9ba0-024e14449321,c556adc5-28cb-11ef-8b4b-02814898e98b,1854f87e-22ff-11eb-9ba0-024e14449321,0
0,112 W. Mulberry - 11,Unit 11,9821bc6f-22ff-11eb-9ba0-024e14449321,c556adc5-28cb-11ef-8b4b-02814898e98b,1854f87e-22ff-11eb-9ba0-024e14449321,0
0,112 W. Mulberry - 12,Unit 12,0c59fc89-822e-11f0-8b4b-02814898e98b,c556adc5-28cb-11ef-8b4b-02814898e98b,1854f87e-22ff-11eb-9ba0-024e14449321,0
0,112 W. Mulberry - 13,Unit 13,9aaa652e-22ff-11eb-9ba0-024e14449321,c556adc5-28cb-11ef-8b4b-02814898e98b,1854f87e-22ff-11eb-9ba0-024e14449321,0
0,112 W. Mulberry - 13,Unit 13,9ba09c3f-22ff-11eb-9ba0-024e14449321,c556adc5-28cb-11ef-8b4b-02814898e98b,1854f87e-22ff-11eb-9ba0-024e14449321,0
0,112 W. Mulberry - 13,Unit 13,9c23db1b-22ff-11eb-9ba0-024e14449321,c556adc5-28cb-11ef-8b4b-02814898e98b,1854f87e-22ff-11eb-9ba0-024e14449321,0
0,112 W. Mulberry - 14,Unit 14,9d9e3060-22ff-11eb-9ba0-024e14449321,c556adc5-28cb-11ef-8b4b-02814898e98b,1854f87e-22ff-11eb-9ba0-024e14449321,0
0,112 W. Mulberry - 14,Unit 14,9e4db8f7-22ff-11eb-9ba0-024e14449321,c556adc5-28cb-11ef-8b4b-02814898e98b,1854f87e-22ff-11eb-9ba0-024e14449321,0
0,112 W. Mulberry - 14,Unit 14,9f543762-22ff-11eb-9ba0-024e14449321,c556adc5-28cb-11ef-8b4b-02814898e98b,1854f87e-22ff-11eb-9ba0-024e14449321,0
0,112 W. Mulberry - 15,Unit 15,0d4cb234-822e-11f0-8b4b-02814898e98b,c556adc5-28cb-11ef-8b4b-02814898e98b,1854f87e-22ff-11eb-9ba0-024e14449321,0
0,112 W. Mulberry - 16,Unit 16,a3e00e1a-22ff-11eb-9ba0-024e14449321,c556adc5-28cb-11ef-8b4b-02814898e98b,1854f87e-22ff-11eb-9ba0-024e14449321,0
0,112 W. Mulberry - 16,Unit 16,a4afddb4-22ff-11eb-9ba0-024e14449321,c556adc5-28cb-11ef-8b4b-02814898e98b,1854f87e-22ff-11eb-9ba0-024e14449321,0
0,112 W. Mulberry - 16,Unit 16,a5496d2c-22ff-11eb-9ba0-024e14449321,c556adc5-28cb-11ef-8b4b-02814898e98b,1854f87e-22ff-11eb-9ba0-024e14449321,0
0,112 W. Mulberry - 17,Unit 17,a6cdd852-22ff-11eb-9ba0-024e14449321,c556adc5-28cb-11ef-8b4b-02814898e98b,1854f87e-22ff-11eb-9ba0-024e14449321,0
0,112 W. Mulberry - 17,Unit 17,a78fa388-22ff-11eb-9ba0-024e14449321,c556adc5-28cb-11ef-8b4b-02814898e98b,1854f87e-22ff-11eb-9ba0-024e14449321,0
0,112 W. Mulberry - 17,Unit 17,a83b03ed-22ff-11eb-9ba0-024e14449321,c556adc5-28cb-11ef-8b4b-02814898e98b,1854f87e-22ff-11eb-9ba0-024e14449321,0
0,112 W. Mulberry - 18,Unit 18,a937837f-22ff-11eb-9ba0-024e14449321,c556adc5-28cb-11ef-8b4b-02814898e98b,1854f87e-22ff-11eb-9ba0-024e14449321,0
0,112 W. Mulberry - 18,Unit 18,a9a825ff-22ff-11eb-9ba0-024e14449321,c556adc5-28cb-11ef-8b4b-02814898e98b,1854f87e-22ff-11eb-9ba0-024e14449321,0
0,112 W. Mulberry - 18,Unit 18,aa19d4e5-22ff-11eb-9ba0-024e14449321,c556adc5-28cb-11ef-8b4b-02814898e98b,1854f87e-22ff-11eb-9ba0-024e14449321,0
0,112 W. Mulberry - 2,Unit 2,85015f6e-22ff-11eb-9ba0-024e14449321,c556adc5-28cb-11ef-8b4b-02814898e98b,1854f87e-22ff-11eb-9ba0-024e14449321,0
0,112 W. Mulberry - 2,Unit 2,8571a2c3-22ff-11eb-9ba0-024e14449321,c556adc5-28cb-11ef-8b4b-02814898e98b,1854f87e-22ff-11eb-9ba0-024e14449321,0
0,112 W. Mulberry - 2,Unit 2,85d93fcd-22ff-11eb-9ba0-024e14449321,c556adc5-28cb-11ef-8b4b-02814898e98b,1854f87e-22ff-11eb-9ba0-024e14449321,0
0,112 W. Mulberry - 3,Unit 3,86d44f86-22ff-11eb-9ba0-024e14449321,7538b968-af8c-11f0-8b4b-02814898e98b,1854f87e-22ff-11eb-9ba0-024e14449321,0
0,112 W. Mulberry - 3,Unit 3,873e7faf-22ff-11eb-9ba0-024e14449321,7538b968-af8c-11f0-8b4b-02814898e98b,1854f87e-22ff-11eb-9ba0-024e14449321,0
0,112 W. Mulberry - 3,Unit 3,87bdfbd0-22ff-11eb-9ba0-024e14449321,7538b968-af8c-11f0-8b4b-02814898e98b,1854f87e-22ff-11eb-9ba0-024e14449321,0
0,112 W. Mulberry - 4,Unit 4,88d96e90-22ff-11eb-9ba0-024e14449321,c556adc5-28cb-11ef-8b4b-02814898e98b,1854f87e-22ff-11eb-9ba0-024e14449321,0
0,112 W. Mulberry - 4,Unit 4,895b8d0b-22ff-11eb-9ba0-024e14449321,c556adc5-28cb-11ef-8b4b-02814898e98b,1854f87e-22ff-11eb-9ba0-024e14449321,0
0,112 W. Mulberry - 4,Unit 4,89cbd9bf-22ff-11eb-9ba0-024e14449321,c556adc5-28cb-11ef-8b4b-02814898e98b,1854f87e-22ff-11eb-9ba0-024e14449321,0
0,112 W. Mulberry - 5,Unit 5,8ae5231e-22ff-11eb-9ba0-024e14449321,c556adc5-28cb-11ef-8b4b-02814898e98b,1854f87e-22ff-11eb-9ba0-024e14449321,0
0,112 W. Mulberry - 5,Unit 5,8bdd951c-22ff-11eb-9ba0-024e14449321,c556adc5-28cb-11ef-8b4b-02814898e98b,1854f87e-22ff-11eb-9ba0-024e14449321,0
0,112 W. Mulberry - 5,Unit 5,8cffc485-22ff-11eb-9ba0-024e14449321,c556adc5-28cb-11ef-8b4b-02814898e98b,1854f87e-22ff-11eb-9ba0-024e14449321,0
0,112 W. Mulberry - 6,Unit 6,8def46d6-22ff-11eb-9ba0-024e14449321,c556adc5-28cb-11ef-8b4b-02814898e98b,1854f87e-22ff-11eb-9ba0-024e14449321,0
0,112 W. Mulberry - 6,Unit 6,8e904a8d-22ff-11eb-9ba0-024e14449321,c556adc5-28cb-11ef-8b4b-02814898e98b,1854f87e-22ff-11eb-9ba0-024e14449321,0
0,112 W. Mulberry - 6,Unit 6,8f03460e-22ff-11eb-9ba0-024e14449321,c556adc5-28cb-11ef-8b4b-02814898e98b,1854f87e-22ff-11eb-9ba0-024e14449321,0
0,112 W. Mulberry - 7,Unit 7,0ab395ee-822e-11f0-8b4b-02814898e98b,c556adc5-28cb-11ef-8b4b-02814898e98b,1854f87e-22ff-11eb-9ba0-024e14449321,0
0,112 W. Mulberry - 8,Unit 8,91d332f3-22ff-11eb-9ba0-024e14449321,c556adc5-28cb-11ef-8b4b-02814898e98b,1854f87e-22ff-11eb-9ba0-024e14449321,0
0,112 W. Mulberry - 8,Unit 8,9259f7e2-22ff-11eb-9ba0-024e14449321,c556adc5-28cb-11ef-8b4b-02814898e98b,1854f87e-22ff-11eb-9ba0-024e14449321,0
0,112 W. Mulberry - 8,Unit 8,92c573c0-22ff-11eb-9ba0-024e14449321,c556adc5-28cb-11ef-8b4b-02814898e98b,1854f87e-22ff-11eb-9ba0-024e14449321,0
0,112 W. Mulberry - 9,Unit 9,93bad8c9-22ff-11eb-9ba0-024e14449321,c556adc5-28cb-11ef-8b4b-02814898e98b,1854f87e-22ff-11eb-9ba0-024e14449321,0
0,112 W. Mulberry - 9,Unit 9,94195bdf-22ff-11eb-9ba0-024e14449321,c556adc5-28cb-11ef-8b4b-02814898e98b,1854f87e-22ff-11eb-9ba0-024e14449321,0
0,112 W. Mulberry - 9,Unit 9,948317b3-22ff-11eb-9ba0-024e14449321,c556adc5-28cb-11ef-8b4b-02814898e98b,1854f87e-22ff-11eb-9ba0-024e14449321,0
0,1122 Colton Ave,,ac5b4fad-22ff-11eb-9ba0-024e14449321,\N,188c7107-22ff-11eb-9ba0-024e14449321,0
0,113 E Division - A,Unit A,ad094ead-22ff-11eb-9ba0-024e14449321,d22e4a4d-1f7f-11ef-8b4b-02814898e98b,18ace823-22ff-11eb-9ba0-024e14449321,0
0,113 E Division - A,Unit A,ad5b432d-22ff-11eb-9ba0-024e14449321,d22e4a4d-1f7f-11ef-8b4b-02814898e98b,18ace823-22ff-11eb-9ba0-024e14449321,0
0,113 E Division - B,Unit B,0f300ecc-822e-11f0-8b4b-02814898e98b,d22e4a4d-1f7f-11ef-8b4b-02814898e98b,18ace823-22ff-11eb-9ba0-024e14449321,0
0,114 S. Cedar Ave.,,4763e316-0498-11f1-8b4b-02814898e98b,\N,474e0af3-0498-11f1-8b4b-02814898e98b,0
0,116 Crossing Drive,,344055ec-c05c-11ee-8b4b-02814898e98b,\N,341fbde0-c05c-11ee-8b4b-02814898e98b,0
0,117 W. Willow - 1,Unit 1,438498e3-22ff-11eb-9ba0-024e14449321,89037bce-28cd-11ef-8b4b-02814898e98b,19f9215d-22ff-11eb-9ba0-024e14449321,0
0,117 W. Willow - 1,Unit 1,447737c4-22ff-11eb-9ba0-024e14449321,89037bce-28cd-11ef-8b4b-02814898e98b,19f9215d-22ff-11eb-9ba0-024e14449321,0
0,117 W. Willow - 1,Unit 1,44e4b167-22ff-11eb-9ba0-024e14449321,89037bce-28cd-11ef-8b4b-02814898e98b,19f9215d-22ff-11eb-9ba0-024e14449321,0
0,117 W. Willow - 2,Unit 2,468fc7fa-22ff-11eb-9ba0-024e14449321,c7fad63e-1d0c-11ef-8b4b-02814898e98b,19f9215d-22ff-11eb-9ba0-024e14449321,0
0,117 W. Willow - 3,Unit 3,10922dcb-822e-11f0-8b4b-02814898e98b,89037bce-28cd-11ef-8b4b-02814898e98b,19f9215d-22ff-11eb-9ba0-024e14449321,0
0,117 W. Willow - 4,Unit 4,497ca9cc-22ff-11eb-9ba0-024e14449321,c7fad63e-1d0c-11ef-8b4b-02814898e98b,19f9215d-22ff-11eb-9ba0-024e14449321,0
0,118 W. Locust - 1,Unit 1,e40ebac4-d467-11ef-8b4b-02814898e98b,d5cb2964-28ce-11ef-8b4b-02814898e98b,1a13a340-22ff-11eb-9ba0-024e14449321,0
0,118 W. Locust - 2,Unit 2,e6168f85-d467-11ef-8b4b-02814898e98b,d5cb2964-28ce-11ef-8b4b-02814898e98b,1a13a340-22ff-11eb-9ba0-024e14449321,0
0,118 W. Locust - 3,Unit 3,e857d18a-d467-11ef-8b4b-02814898e98b,d5cb2964-28ce-11ef-8b4b-02814898e98b,1a13a340-22ff-11eb-9ba0-024e14449321,0
0,118 W. Locust - 4,Unit 4,e9df1f60-d467-11ef-8b4b-02814898e98b,d5cb2964-28ce-11ef-8b4b-02814898e98b,1a13a340-22ff-11eb-9ba0-024e14449321,0
0,120 Kickapoo Drive,Unit A,af1d0370-03de-11f1-8b4b-02814898e98b,d157c535-06c7-11f1-8b4b-02814898e98b,aed33576-03de-11f1-8b4b-02814898e98b,0
0,120 Kickapoo Drive,Unit B,af2d2e44-03de-11f1-8b4b-02814898e98b,d157c535-06c7-11f1-8b4b-02814898e98b,aed33576-03de-11f1-8b4b-02814898e98b,0
0,121 Crossing Drive,,b867b5db-c05c-11ee-8b4b-02814898e98b,\N,b85060b0-c05c-11ee-8b4b-02814898e98b,0
0,121 Malvern Drive,,3bed7620-57a1-11ec-a39e-0683fa8b8728,\N,3bccbd54-57a1-11ec-a39e-0683fa8b8728,0
0,121 Shoshone Drive,Unit A,1064b191-03e5-11f1-8b4b-02814898e98b,21b0ad58-06ca-11f1-8b4b-02814898e98b,101cf67e-03e5-11f1-8b4b-02814898e98b,0
0,121 Shoshone Drive,Unit B,1070df08-03e5-11f1-8b4b-02814898e98b,21b0ad58-06ca-11f1-8b4b-02814898e98b,101cf67e-03e5-11f1-8b4b-02814898e98b,0
0,121 W. North ,,2e6124c5-a950-11ec-a39e-0683fa8b8728,\N,aa424333-a94e-11ec-a39e-0683fa8b8728,0
0,121 W. North ,,64244db6-a950-11ec-a39e-0683fa8b8728,\N,aa424333-a94e-11ec-a39e-0683fa8b8728,0
0,121 W. North,,9dc20ff7-a950-11ec-a39e-0683fa8b8728,\N,aa424333-a94e-11ec-a39e-0683fa8b8728,0
0,121 W. North,,ec96dc59-a950-11ec-a39e-0683fa8b8728,\N,aa424333-a94e-11ec-a39e-0683fa8b8728,0
0,12111 N. Woodcrest Dr.,,c5274503-048d-11f1-8b4b-02814898e98b,be535294-060f-11f1-8b4b-02814898e98b,c4b82b99-048d-11f1-8b4b-02814898e98b,0
0,12113 N. Woodcrest Dr.,,c5365309-048d-11f1-8b4b-02814898e98b,be535294-060f-11f1-8b4b-02814898e98b,c4b82b99-048d-11f1-8b4b-02814898e98b,0
0,1216 Dogwood Lane,,97cbd5de-01fe-11ed-a39e-0683fa8b8728,\N,97ab95c8-01fe-11ed-a39e-0683fa8b8728,0
0,1221 Eastport Dr - Unit B,,3884422f-a2df-11ef-8b4b-02814898e98b,\N,386028ea-a2df-11ef-8b4b-02814898e98b,0
0,123 Crossing Drive,,fecf99aa-c05c-11ee-8b4b-02814898e98b,\N,feb65ba1-c05c-11ee-8b4b-02814898e98b,0
0,1230 Searle Drive,,54c59bc1-8885-11ed-ae7b-0249af2749f8,\N,54adbf14-8885-11ed-ae7b-0249af2749f8,0
0,124 Kickapoo Drive,Unit A,ef0a75ce-03df-11f1-8b4b-02814898e98b,05ae880c-06c8-11f1-8b4b-02814898e98b,eeb7ce6c-03df-11f1-8b4b-02814898e98b,0
0,124 Kickapoo Drive,Unit B,ef17aad3-03df-11f1-8b4b-02814898e98b,05ae880c-06c8-11f1-8b4b-02814898e98b,eeb7ce6c-03df-11f1-8b4b-02814898e98b,0
0,124 Kickapoo Drive,Unit C,ef236dfb-03df-11f1-8b4b-02814898e98b,05ae880c-06c8-11f1-8b4b-02814898e98b,eeb7ce6c-03df-11f1-8b4b-02814898e98b,0
1,124 Kickapoo Drive,Unit D,ef369baf-03df-11f1-8b4b-02814898e98b,05ae880c-06c8-11f1-8b4b-02814898e98b,eeb7ce6c-03df-11f1-8b4b-02814898e98b,0
0,124 Short Street,,d6316ce3-051d-11f1-8b4b-02814898e98b,9472957f-06ca-11f1-8b4b-02814898e98b,d5b80fd6-051d-11f1-8b4b-02814898e98b,0
0,125 Crossing Drive,,676b0ac8-0e7c-11f1-8b4b-02814898e98b,\N,671486e9-0e7c-11f1-8b4b-02814898e98b,0
0,126 E Lake Ave,Unit A1,e68e98cc-039d-11f1-8b4b-02814898e98b,0ced2576-06cc-11f1-8b4b-02814898e98b,e5402eb8-039d-11f1-8b4b-02814898e98b,0
0,126 E Lake Ave,Unit A3,e69d5410-039d-11f1-8b4b-02814898e98b,0ced2576-06cc-11f1-8b4b-02814898e98b,e5402eb8-039d-11f1-8b4b-02814898e98b,0
0,126 E Lake Ave,Unit A4,e6a91736-039d-11f1-8b4b-02814898e98b,0ced2576-06cc-11f1-8b4b-02814898e98b,e5402eb8-039d-11f1-8b4b-02814898e98b,0
1,126 E Lake Ave,Unit B1,e6b54787-039d-11f1-8b4b-02814898e98b,0ced2576-06cc-11f1-8b4b-02814898e98b,e5402eb8-039d-11f1-8b4b-02814898e98b,0
0,126 E Lake Ave,Unit B2,e6c0d6dc-039d-11f1-8b4b-02814898e98b,0ced2576-06cc-11f1-8b4b-02814898e98b,e5402eb8-039d-11f1-8b4b-02814898e98b,0
0,126 E Lake Ave,Unit B3,e6cbe30c-039d-11f1-8b4b-02814898e98b,0ced2576-06cc-11f1-8b4b-02814898e98b,e5402eb8-039d-11f1-8b4b-02814898e98b,0
0,126 E Lake Ave,Unit B4,e6d6f61d-039d-11f1-8b4b-02814898e98b,0ced2576-06cc-11f1-8b4b-02814898e98b,e5402eb8-039d-11f1-8b4b-02814898e98b,0
0,126 E Lake Ave,Unit C1,e6e2a7d5-039d-11f1-8b4b-02814898e98b,0ced2576-06cc-11f1-8b4b-02814898e98b,e5402eb8-039d-11f1-8b4b-02814898e98b,0
0,126 E Lake Ave,Unit C2,e6edb620-039d-11f1-8b4b-02814898e98b,0ced2576-06cc-11f1-8b4b-02814898e98b,e5402eb8-039d-11f1-8b4b-02814898e98b,0
0,126 E Lake Ave,Unit C3,e6fcb117-039d-11f1-8b4b-02814898e98b,0ced2576-06cc-11f1-8b4b-02814898e98b,e5402eb8-039d-11f1-8b4b-02814898e98b,0
0,126 Short Street,,d63e1b33-051d-11f1-8b4b-02814898e98b,9472957f-06ca-11f1-8b4b-02814898e98b,d5b80fd6-051d-11f1-8b4b-02814898e98b,0
0,127 E Hines Ave,Unit A1,ea51f525-039d-11f1-8b4b-02814898e98b,0ced2576-06cc-11f1-8b4b-02814898e98b,e5402eb8-039d-11f1-8b4b-02814898e98b,0
0,127 E Hines Ave,Unit A2,ea60a436-039d-11f1-8b4b-02814898e98b,0ced2576-06cc-11f1-8b4b-02814898e98b,e5402eb8-039d-11f1-8b4b-02814898e98b,0
0,127 E Hines Ave,Unit A3,ea6c3b42-039d-11f1-8b4b-02814898e98b,0ced2576-06cc-11f1-8b4b-02814898e98b,e5402eb8-039d-11f1-8b4b-02814898e98b,0
0,127 E Hines Ave,Unit B1,ea7883dc-039d-11f1-8b4b-02814898e98b,0ced2576-06cc-11f1-8b4b-02814898e98b,e5402eb8-039d-11f1-8b4b-02814898e98b,0
1,127 E Hines Ave,Unit B2,ea851db4-039d-11f1-8b4b-02814898e98b,0ced2576-06cc-11f1-8b4b-02814898e98b,e5402eb8-039d-11f1-8b4b-02814898e98b,0
0,127 E Hines Ave,Unit B3,ea92c72b-039d-11f1-8b4b-02814898e98b,0ced2576-06cc-11f1-8b4b-02814898e98b,e5402eb8-039d-11f1-8b4b-02814898e98b,0
0,127 E Hines Ave,Unit B4,eaa360d4-039d-11f1-8b4b-02814898e98b,0ced2576-06cc-11f1-8b4b-02814898e98b,e5402eb8-039d-11f1-8b4b-02814898e98b,0
0,127 E Hines Ave,Unit C1,eaafc708-039d-11f1-8b4b-02814898e98b,0ced2576-06cc-11f1-8b4b-02814898e98b,e5402eb8-039d-11f1-8b4b-02814898e98b,0
0,127 E Hines Ave,Unit C2,eabb8079-039d-11f1-8b4b-02814898e98b,0ced2576-06cc-11f1-8b4b-02814898e98b,e5402eb8-039d-11f1-8b4b-02814898e98b,0
0,127 E Hines Ave,Unit C3,eac78b86-039d-11f1-8b4b-02814898e98b,0ced2576-06cc-11f1-8b4b-02814898e98b,e5402eb8-039d-11f1-8b4b-02814898e98b,0
0,127 E Hines Ave,Unit C4,ead39984-039d-11f1-8b4b-02814898e98b,0ced2576-06cc-11f1-8b4b-02814898e98b,e5402eb8-039d-11f1-8b4b-02814898e98b,0
0,129 Crossing Drive,,0237015d-0e7d-11f1-8b4b-02814898e98b,\N,01f31050-0e7d-11f1-8b4b-02814898e98b,0
0,13 Delaine,Unit H.1,36b732cd-22ff-11eb-9ba0-024e14449321,\N,1af380ad-22ff-11eb-9ba0-024e14449321,0
0,130 Short Street,,d6475868-051d-11f1-8b4b-02814898e98b,9472957f-06ca-11f1-8b4b-02814898e98b,d5b80fd6-051d-11f1-8b4b-02814898e98b,0
0,1301A Kingsridge,Unit 1,39c7f36c-22ff-11eb-9ba0-024e14449321,\N,1b2704dd-22ff-11eb-9ba0-024e14449321,0
0,131 Crossing Drive,,4880986b-0e7d-11f1-8b4b-02814898e98b,\N,481daf63-0e7d-11f1-8b4b-02814898e98b,0
0,132 Short Street,,d6530813-051d-11f1-8b4b-02814898e98b,9472957f-06ca-11f1-8b4b-02814898e98b,d5b80fd6-051d-11f1-8b4b-02814898e98b,0
0,1336 Monterey Pine Drive,,5f0728ea-e477-11ed-ae7b-0249af2749f8,\N,f95d9e60-e476-11ed-ae7b-0249af2749f8,0
0,14 Ethell Pkwy,,bca09a17-d9c6-11ef-8b4b-02814898e98b,\N,bc6907c0-d9c6-11ef-8b4b-02814898e98b,0
0,14 Kleggstone Circle,,25b41587-9bf7-11ec-a39e-0683fa8b8728,\N,2590775f-9bf7-11ec-a39e-0683fa8b8728,0
0,1408 S. Madison,,41a3866a-2993-11ef-8b4b-02814898e98b,\N,417ebde2-2993-11ef-8b4b-02814898e98b,0
0,1410 Kingsridge Dr,,3427dca3-22ff-11eb-9ba0-024e14449321,\N,1bda8369-22ff-11eb-9ba0-024e14449321,0
0,1412 Kingsridge Dr,,129bdc36-88c5-11eb-8189-0684b23f11cf,\N,127e2485-88c5-11eb-8189-0684b23f11cf,0
0,1416 N. Douglas St,,26136828-0494-11f1-8b4b-02814898e98b,\N,25fdcb6b-0494-11f1-8b4b-02814898e98b,0
1,1426 Dillon Dr,,9eb5e063-8801-11eb-8189-0684b23f11cf,\N,9e61b664-8801-11eb-8189-0684b23f11cf,0
0,1433 Dillon Dr,,dcbe3f99-0a6f-11ec-a39e-0683fa8b8728,\N,dc9db590-0a6f-11ec-a39e-0683fa8b8728,0
0,1503 S. Bunn St,,7b221b8e-0a6d-11ec-a39e-0683fa8b8728,\N,7b01157c-0a6d-11ec-a39e-0683fa8b8728,0
0,1517 Woods Avenue - 4,,9df92f66-5fff-11ef-8b4b-02814898e98b,bb347dfc-5dbd-11f0-8b4b-02814898e98b,887de6bf-5fff-11ef-8b4b-02814898e98b,0
0,1604 Beech Street - B,,89f42682-a2de-11ef-8b4b-02814898e98b,\N,89cd7298-a2de-11ef-8b4b-02814898e98b,0
0,1612 Bryan St,Unit C,353a9b4c-22ff-11eb-9ba0-024e14449321,ed4672d0-8f1a-11eb-8189-0684b23f11cf,1d28cbed-22ff-11eb-9ba0-024e14449321,0
0,1612 Bryan St,Unit D,35893290-22ff-11eb-9ba0-024e14449321,ed4672d0-8f1a-11eb-8189-0684b23f11cf,1d28cbed-22ff-11eb-9ba0-024e14449321,0
0,1617 W Geneva Rd,,073bf3dc-0488-11f1-8b4b-02814898e98b,1bf3418e-060e-11f1-8b4b-02814898e98b,070355fc-0488-11f1-8b4b-02814898e98b,0
0,1619 W Geneva Rd,,0745daa4-0488-11f1-8b4b-02814898e98b,1bf3418e-060e-11f1-8b4b-02814898e98b,070355fc-0488-11f1-8b4b-02814898e98b,0
0,1622 Iowa Street,,cdec4a9c-9a41-11ec-a39e-0683fa8b8728,\N,cdc2b2ae-9a41-11ec-a39e-0683fa8b8728,0
0,1711 Rockingham Dr #2,,b7361faa-1f3f-11ed-bb58-0249af2749f8,\N,b70cc719-1f3f-11ed-bb58-0249af2749f8,0
0,1810 Vladimir Drive,,e865be63-03bc-11ed-a39e-0683fa8b8728,\N,e7c03cfc-03bc-11ed-a39e-0683fa8b8728,0
0,1818 Johnson Drive,,47debdd5-670d-11ef-8b4b-02814898e98b,\N,4798fbd6-670d-11ef-8b4b-02814898e98b,0
0,19 Delaine,,285ded0c-5f76-11ec-a39e-0683fa8b8728,\N,27fb35b3-5f76-11ec-a39e-0683fa8b8728,0
0,1900 Highview Road Rd.,Unit A3,f26c7dd5-03b5-11f1-8b4b-02814898e98b,93d55b6c-06b9-11f1-8b4b-02814898e98b,f126f0bd-03b5-11f1-8b4b-02814898e98b,0
0,1900 Highview Road Rd.,Unit A4,f2791714-03b5-11f1-8b4b-02814898e98b,93d55b6c-06b9-11f1-8b4b-02814898e98b,f126f0bd-03b5-11f1-8b4b-02814898e98b,0
0,1900 Highview Road Rd.,Unit A5,f28612a0-03b5-11f1-8b4b-02814898e98b,93d55b6c-06b9-11f1-8b4b-02814898e98b,f126f0bd-03b5-11f1-8b4b-02814898e98b,0
0,1900 Highview Road Rd.,Unit A6,f2920792-03b5-11f1-8b4b-02814898e98b,93d55b6c-06b9-11f1-8b4b-02814898e98b,f126f0bd-03b5-11f1-8b4b-02814898e98b,0
0,1900 Highview Road Rd.,Unit B3,f2cc5d3d-03b5-11f1-8b4b-02814898e98b,93d55b6c-06b9-11f1-8b4b-02814898e98b,f126f0bd-03b5-11f1-8b4b-02814898e98b,0
0,1900 Highview Road Rd.,Unit B4,f2d73fd8-03b5-11f1-8b4b-02814898e98b,93d55b6c-06b9-11f1-8b4b-02814898e98b,f126f0bd-03b5-11f1-8b4b-02814898e98b,0
0,1900 Highview Road Rd.,Unit B5,f2e285b8-03b5-11f1-8b4b-02814898e98b,93d55b6c-06b9-11f1-8b4b-02814898e98b,f126f0bd-03b5-11f1-8b4b-02814898e98b,0
0,1900 Highview Road Rd.,Unit B6,f2ee4115-03b5-11f1-8b4b-02814898e98b,93d55b6c-06b9-11f1-8b4b-02814898e98b,f126f0bd-03b5-11f1-8b4b-02814898e98b,0
0,1903 Brentwood Dr.,,6755be51-0548-11f1-8b4b-02814898e98b,c13d761f-06a8-11f1-8b4b-02814898e98b,67141120-0548-11f1-8b4b-02814898e98b,0
0,1903 Brentwood Dr.,,675fe625-0548-11f1-8b4b-02814898e98b,c13d761f-06a8-11f1-8b4b-02814898e98b,67141120-0548-11f1-8b4b-02814898e98b,0
0,1903 Woodfield Rd,,7e8c972e-bbff-11ef-8b4b-02814898e98b,\N,7e5e4124-bbff-11ef-8b4b-02814898e98b,0
0,200 W. Mulberry,Unit 3,dd306734-d467-11ef-8b4b-02814898e98b,d8e9b7f1-d467-11ef-8b4b-02814898e98b,1df57f3b-22ff-11eb-9ba0-024e14449321,0
0,200 W. Willow,Unit 99,17ca6198-822e-11f0-8b4b-02814898e98b,e9bddb13-2e7b-11ef-8b4b-02814898e98b,1ddb819d-22ff-11eb-9ba0-024e14449321,0
0,200 W. Willow,Unit 100,94026fe0-2301-11eb-9ba0-024e14449321,e9bddb13-2e7b-11ef-8b4b-02814898e98b,1ddb819d-22ff-11eb-9ba0-024e14449321,0
0,200 W. Willow,Unit 100,948b49d6-2301-11eb-9ba0-024e14449321,e9bddb13-2e7b-11ef-8b4b-02814898e98b,1ddb819d-22ff-11eb-9ba0-024e14449321,0
0,200 W. Willow,Unit 100,952a0f42-2301-11eb-9ba0-024e14449321,e9bddb13-2e7b-11ef-8b4b-02814898e98b,1ddb819d-22ff-11eb-9ba0-024e14449321,0
0,200 W. Willow,Unit 101,95aefb0b-2301-11eb-9ba0-024e14449321,6ddc0f06-2f3c-11ef-8b4b-02814898e98b,1ddb819d-22ff-11eb-9ba0-024e14449321,0
0,200 W. Willow,Unit 101,96eaaf40-2301-11eb-9ba0-024e14449321,6ddc0f06-2f3c-11ef-8b4b-02814898e98b,1ddb819d-22ff-11eb-9ba0-024e14449321,0
0,200 W. Willow,Unit 101,97c8f9f3-2301-11eb-9ba0-024e14449321,6ddc0f06-2f3c-11ef-8b4b-02814898e98b,1ddb819d-22ff-11eb-9ba0-024e14449321,0
0,200 W. Willow,Unit 102,9919f32e-2301-11eb-9ba0-024e14449321,6ddc0f06-2f3c-11ef-8b4b-02814898e98b,1ddb819d-22ff-11eb-9ba0-024e14449321,0
0,200 W. Willow,Unit 102,99ba0391-2301-11eb-9ba0-024e14449321,6ddc0f06-2f3c-11ef-8b4b-02814898e98b,1ddb819d-22ff-11eb-9ba0-024e14449321,0
0,200 W. Willow,Unit 102,9ab8623c-2301-11eb-9ba0-024e14449321,6ddc0f06-2f3c-11ef-8b4b-02814898e98b,1ddb819d-22ff-11eb-9ba0-024e14449321,0
0,200 W. Willow,Unit 103,9bdb784d-2301-11eb-9ba0-024e14449321,6ddc0f06-2f3c-11ef-8b4b-02814898e98b,1ddb819d-22ff-11eb-9ba0-024e14449321,0
0,200 W. Willow,Unit 103,9c6f9c09-2301-11eb-9ba0-024e14449321,6ddc0f06-2f3c-11ef-8b4b-02814898e98b,1ddb819d-22ff-11eb-9ba0-024e14449321,0
0,200 W. Willow,Unit 103,9d1e80ec-2301-11eb-9ba0-024e14449321,6ddc0f06-2f3c-11ef-8b4b-02814898e98b,1ddb819d-22ff-11eb-9ba0-024e14449321,0
0,200 W. Willow,Unit 104,9e18c938-2301-11eb-9ba0-024e14449321,e9bddb13-2e7b-11ef-8b4b-02814898e98b,1ddb819d-22ff-11eb-9ba0-024e14449321,0
0,200 W. Willow,Unit 104,9e71213e-2301-11eb-9ba0-024e14449321,e9bddb13-2e7b-11ef-8b4b-02814898e98b,1ddb819d-22ff-11eb-9ba0-024e14449321,0
0,200 W. Willow,Unit 104,9f061bc3-2301-11eb-9ba0-024e14449321,e9bddb13-2e7b-11ef-8b4b-02814898e98b,1ddb819d-22ff-11eb-9ba0-024e14449321,0
0,200 W. Willow,Unit 105,9f9e43a1-2301-11eb-9ba0-024e14449321,e9bddb13-2e7b-11ef-8b4b-02814898e98b,1ddb819d-22ff-11eb-9ba0-024e14449321,0
0,200 W. Willow,Unit 105,a0580a05-2301-11eb-9ba0-024e14449321,e9bddb13-2e7b-11ef-8b4b-02814898e98b,1ddb819d-22ff-11eb-9ba0-024e14449321,0
0,200 W. Willow,Unit 105,a0c35ccd-2301-11eb-9ba0-024e14449321,e9bddb13-2e7b-11ef-8b4b-02814898e98b,1ddb819d-22ff-11eb-9ba0-024e14449321,0
0,200 W. Willow,Unit 106,a2fc1ded-2301-11eb-9ba0-024e14449321,e9bddb13-2e7b-11ef-8b4b-02814898e98b,1ddb819d-22ff-11eb-9ba0-024e14449321,0
0,200 W. Willow,Unit 106,a1ae160d-2301-11eb-9ba0-024e14449321,e9bddb13-2e7b-11ef-8b4b-02814898e98b,1ddb819d-22ff-11eb-9ba0-024e14449321,0
0,200 W. Willow,Unit 106,a24bfc15-2301-11eb-9ba0-024e14449321,e9bddb13-2e7b-11ef-8b4b-02814898e98b,1ddb819d-22ff-11eb-9ba0-024e14449321,0
0,200 W. Willow,Unit 107,a42b10cf-2301-11eb-9ba0-024e14449321,e9bddb13-2e7b-11ef-8b4b-02814898e98b,1ddb819d-22ff-11eb-9ba0-024e14449321,0
0,200 W. Willow,Unit 107,a4ae2c04-2301-11eb-9ba0-024e14449321,e9bddb13-2e7b-11ef-8b4b-02814898e98b,1ddb819d-22ff-11eb-9ba0-024e14449321,0
0,200 W. Willow,Unit 107,a59fc62b-2301-11eb-9ba0-024e14449321,e9bddb13-2e7b-11ef-8b4b-02814898e98b,1ddb819d-22ff-11eb-9ba0-024e14449321,0
0,200 W. Willow,Unit 108,a6ade492-2301-11eb-9ba0-024e14449321,e9bddb13-2e7b-11ef-8b4b-02814898e98b,1ddb819d-22ff-11eb-9ba0-024e14449321,0
0,200 W. Willow,Unit 108,a77507af-2301-11eb-9ba0-024e14449321,e9bddb13-2e7b-11ef-8b4b-02814898e98b,1ddb819d-22ff-11eb-9ba0-024e14449321,0
0,200 W. Willow,Unit 108,a8131b6a-2301-11eb-9ba0-024e14449321,e9bddb13-2e7b-11ef-8b4b-02814898e98b,1ddb819d-22ff-11eb-9ba0-024e14449321,0
0,200 W. Willow,Unit 109,a90b5dc8-2301-11eb-9ba0-024e14449321,e9bddb13-2e7b-11ef-8b4b-02814898e98b,1ddb819d-22ff-11eb-9ba0-024e14449321,0
0,200 W. Willow,Unit 109,a8aff50e-2301-11eb-9ba0-024e14449321,e9bddb13-2e7b-11ef-8b4b-02814898e98b,1ddb819d-22ff-11eb-9ba0-024e14449321,0
0,200 W. Willow,Unit 109,a9ca671f-2301-11eb-9ba0-024e14449321,e9bddb13-2e7b-11ef-8b4b-02814898e98b,1ddb819d-22ff-11eb-9ba0-024e14449321,0
0,200 W. Willow,Unit 110,1b7c67cd-822e-11f0-8b4b-02814898e98b,e9bddb13-2e7b-11ef-8b4b-02814898e98b,1ddb819d-22ff-11eb-9ba0-024e14449321,0
0,200 W. Willow,Unit 111,ac05f48f-2301-11eb-9ba0-024e14449321,e9bddb13-2e7b-11ef-8b4b-02814898e98b,1ddb819d-22ff-11eb-9ba0-024e14449321,0
0,200 W. Willow,Unit 111,ac6300f1-2301-11eb-9ba0-024e14449321,e9bddb13-2e7b-11ef-8b4b-02814898e98b,1ddb819d-22ff-11eb-9ba0-024e14449321,0
0,200 W. Willow,Unit 111,acbcf243-2301-11eb-9ba0-024e14449321,e9bddb13-2e7b-11ef-8b4b-02814898e98b,1ddb819d-22ff-11eb-9ba0-024e14449321,0
0,200 W. Willow,Unit 112,1c277a98-822e-11f0-8b4b-02814898e98b,e9bddb13-2e7b-11ef-8b4b-02814898e98b,1ddb819d-22ff-11eb-9ba0-024e14449321,0
0,200 W. Willow,Unit 113,1c7ba22e-822e-11f0-8b4b-02814898e98b,e9bddb13-2e7b-11ef-8b4b-02814898e98b,1ddb819d-22ff-11eb-9ba0-024e14449321,0
0,200 W. Willow,Unit 114,1cdf3ced-822e-11f0-8b4b-02814898e98b,e9bddb13-2e7b-11ef-8b4b-02814898e98b,1ddb819d-22ff-11eb-9ba0-024e14449321,0
0,200 W. Willow,Unit 115,1d3ad1cd-822e-11f0-8b4b-02814898e98b,e9bddb13-2e7b-11ef-8b4b-02814898e98b,1ddb819d-22ff-11eb-9ba0-024e14449321,0
0,200 W. Willow,Unit 116,b5907ba4-2301-11eb-9ba0-024e14449321,e9bddb13-2e7b-11ef-8b4b-02814898e98b,1ddb819d-22ff-11eb-9ba0-024e14449321,0
0,200 W. Willow,Unit 116,b640ca70-2301-11eb-9ba0-024e14449321,e9bddb13-2e7b-11ef-8b4b-02814898e98b,1ddb819d-22ff-11eb-9ba0-024e14449321,0
0,200 W. Willow,Unit 116,b68d01e7-2301-11eb-9ba0-024e14449321,e9bddb13-2e7b-11ef-8b4b-02814898e98b,1ddb819d-22ff-11eb-9ba0-024e14449321,0
0,200 W. Willow,Unit 117,1dea9364-822e-11f0-8b4b-02814898e98b,e9bddb13-2e7b-11ef-8b4b-02814898e98b,1ddb819d-22ff-11eb-9ba0-024e14449321,0
0,200 W. Willow,Unit 118,b9f362bd-2301-11eb-9ba0-024e14449321,e9bddb13-2e7b-11ef-8b4b-02814898e98b,1ddb819d-22ff-11eb-9ba0-024e14449321,0
0,200 W. Willow,Unit 118,baa8c8d9-2301-11eb-9ba0-024e14449321,e9bddb13-2e7b-11ef-8b4b-02814898e98b,1ddb819d-22ff-11eb-9ba0-024e14449321,0
0,200 W. Willow,Unit 118,bb4069d5-2301-11eb-9ba0-024e14449321,e9bddb13-2e7b-11ef-8b4b-02814898e98b,1ddb819d-22ff-11eb-9ba0-024e14449321,0
0,200 W. Willow,Unit 119,1e9425af-822e-11f0-8b4b-02814898e98b,e9bddb13-2e7b-11ef-8b4b-02814898e98b,1ddb819d-22ff-11eb-9ba0-024e14449321,0
0,200 W. Willow,Unit 120,bda63a45-2301-11eb-9ba0-024e14449321,e9bddb13-2e7b-11ef-8b4b-02814898e98b,1ddb819d-22ff-11eb-9ba0-024e14449321,0
0,200 W. Willow,Unit 120,be425b5c-2301-11eb-9ba0-024e14449321,e9bddb13-2e7b-11ef-8b4b-02814898e98b,1ddb819d-22ff-11eb-9ba0-024e14449321,0
0,200 W. Willow,Unit 120,bec7fee3-2301-11eb-9ba0-024e14449321,e9bddb13-2e7b-11ef-8b4b-02814898e98b,1ddb819d-22ff-11eb-9ba0-024e14449321,0
0,200 W. Willow,Unit 121,1f3d8b8f-822e-11f0-8b4b-02814898e98b,e9bddb13-2e7b-11ef-8b4b-02814898e98b,1ddb819d-22ff-11eb-9ba0-024e14449321,0
0,200 W. Willow,Unit 122,1f9b3f36-822e-11f0-8b4b-02814898e98b,ba1e932a-2f40-11ef-8b4b-02814898e98b,1ddb819d-22ff-11eb-9ba0-024e14449321,0
0,200 W. Willow,Unit 123,1fec378d-822e-11f0-8b4b-02814898e98b,bb49f46d-1f89-11ef-8b4b-02814898e98b,1ddb819d-22ff-11eb-9ba0-024e14449321,0
0,200 W. Willow,Unit 124,c74ee27f-2301-11eb-9ba0-024e14449321,0bf3640c-2f39-11ef-8b4b-02814898e98b,1ddb819d-22ff-11eb-9ba0-024e14449321,0
0,200 W. Willow,Unit 124,c7a6e154-2301-11eb-9ba0-024e14449321,0bf3640c-2f39-11ef-8b4b-02814898e98b,1ddb819d-22ff-11eb-9ba0-024e14449321,0
0,200 W. Willow,Unit 124,c7fd342f-2301-11eb-9ba0-024e14449321,0bf3640c-2f39-11ef-8b4b-02814898e98b,1ddb819d-22ff-11eb-9ba0-024e14449321,0
0,200 W. Willow,Unit 125,20934880-822e-11f0-8b4b-02814898e98b,4166f43c-2f27-11ef-8b4b-02814898e98b,1ddb819d-22ff-11eb-9ba0-024e14449321,0
0,200 W. Willow,Unit 126,20ef21b0-822e-11f0-8b4b-02814898e98b,4166f43c-2f27-11ef-8b4b-02814898e98b,1ddb819d-22ff-11eb-9ba0-024e14449321,0
0,200 W. Willow,Unit 127,2143dac0-822e-11f0-8b4b-02814898e98b,4166f43c-2f27-11ef-8b4b-02814898e98b,1ddb819d-22ff-11eb-9ba0-024e14449321,0
0,200 W. Willow,Unit 128,219cc6f1-822e-11f0-8b4b-02814898e98b,4166f43c-2f27-11ef-8b4b-02814898e98b,1ddb819d-22ff-11eb-9ba0-024e14449321,0
0,200 W. Willow,Unit 129,d392fae6-2301-11eb-9ba0-024e14449321,4166f43c-2f27-11ef-8b4b-02814898e98b,1ddb819d-22ff-11eb-9ba0-024e14449321,0
0,200 W. Willow,Unit 129,d4161023-2301-11eb-9ba0-024e14449321,4166f43c-2f27-11ef-8b4b-02814898e98b,1ddb819d-22ff-11eb-9ba0-024e14449321,0
0,200 W. Willow,Unit 129,d49c1be2-2301-11eb-9ba0-024e14449321,4166f43c-2f27-11ef-8b4b-02814898e98b,1ddb819d-22ff-11eb-9ba0-024e14449321,0
0,200 W. Willow,Unit 130,d5cc6dc2-2301-11eb-9ba0-024e14449321,4166f43c-2f27-11ef-8b4b-02814898e98b,1ddb819d-22ff-11eb-9ba0-024e14449321,0
0,200 W. Willow,Unit 130,d6698ff3-2301-11eb-9ba0-024e14449321,4166f43c-2f27-11ef-8b4b-02814898e98b,1ddb819d-22ff-11eb-9ba0-024e14449321,0
0,200 W. Willow,Unit 130,d724eada-2301-11eb-9ba0-024e14449321,4166f43c-2f27-11ef-8b4b-02814898e98b,1ddb819d-22ff-11eb-9ba0-024e14449321,0
0,200 W. Willow,Unit 131,d8546709-2301-11eb-9ba0-024e14449321,4166f43c-2f27-11ef-8b4b-02814898e98b,1ddb819d-22ff-11eb-9ba0-024e14449321,0
0,200 W. Willow,Unit 131,d8f2c725-2301-11eb-9ba0-024e14449321,4166f43c-2f27-11ef-8b4b-02814898e98b,1ddb819d-22ff-11eb-9ba0-024e14449321,0
0,200 W. Willow,Unit 131,d97ec0ac-2301-11eb-9ba0-024e14449321,4166f43c-2f27-11ef-8b4b-02814898e98b,1ddb819d-22ff-11eb-9ba0-024e14449321,0
0,200 W. Willow,Unit 132,dac14117-2301-11eb-9ba0-024e14449321,4166f43c-2f27-11ef-8b4b-02814898e98b,1ddb819d-22ff-11eb-9ba0-024e14449321,0
0,200 W. Willow,Unit 132,db4b6c48-2301-11eb-9ba0-024e14449321,4166f43c-2f27-11ef-8b4b-02814898e98b,1ddb819d-22ff-11eb-9ba0-024e14449321,0
0,200 W. Willow,Unit 132,dbe9097f-2301-11eb-9ba0-024e14449321,4166f43c-2f27-11ef-8b4b-02814898e98b,1ddb819d-22ff-11eb-9ba0-024e14449321,0
0,200 W. Willow,Unit 133,234f3aa8-822e-11f0-8b4b-02814898e98b,4166f43c-2f27-11ef-8b4b-02814898e98b,1ddb819d-22ff-11eb-9ba0-024e14449321,0
0,200 W. Willow,Unit 134,23a952db-822e-11f0-8b4b-02814898e98b,4166f43c-2f27-11ef-8b4b-02814898e98b,1ddb819d-22ff-11eb-9ba0-024e14449321,0
0,200 W. Willow,Unit 135,2405e199-822e-11f0-8b4b-02814898e98b,4166f43c-2f27-11ef-8b4b-02814898e98b,1ddb819d-22ff-11eb-9ba0-024e14449321,0
0,200 W. Willow,Unit 136,2459a396-822e-11f0-8b4b-02814898e98b,4166f43c-2f27-11ef-8b4b-02814898e98b,1ddb819d-22ff-11eb-9ba0-024e14449321,0
0,200 W. Willow,Unit 137,24b7414e-822e-11f0-8b4b-02814898e98b,ba1e932a-2f40-11ef-8b4b-02814898e98b,1ddb819d-22ff-11eb-9ba0-024e14449321,0
0,200 W. Willow,Unit 138,25022610-822e-11f0-8b4b-02814898e98b,bb49f46d-1f89-11ef-8b4b-02814898e98b,1ddb819d-22ff-11eb-9ba0-024e14449321,0
0,200 W. Willow,Unit 139,256756c2-822e-11f0-8b4b-02814898e98b,0bf3640c-2f39-11ef-8b4b-02814898e98b,1ddb819d-22ff-11eb-9ba0-024e14449321,0
0,200 W. Willow,Unit 140,eef6e619-2301-11eb-9ba0-024e14449321,e9bddb13-2e7b-11ef-8b4b-02814898e98b,1ddb819d-22ff-11eb-9ba0-024e14449321,0
0,200 W. Willow,Unit 140,ef89287e-2301-11eb-9ba0-024e14449321,e9bddb13-2e7b-11ef-8b4b-02814898e98b,1ddb819d-22ff-11eb-9ba0-024e14449321,0
0,200 W. Willow,Unit 140,f00a8997-2301-11eb-9ba0-024e14449321,e9bddb13-2e7b-11ef-8b4b-02814898e98b,1ddb819d-22ff-11eb-9ba0-024e14449321,0
0,200 W. Willow,Unit 141,260c1dca-822e-11f0-8b4b-02814898e98b,bb49f46d-1f89-11ef-8b4b-02814898e98b,1ddb819d-22ff-11eb-9ba0-024e14449321,0
0,200 W. Willow,Unit 142,266053df-822e-11f0-8b4b-02814898e98b,0bf3640c-2f39-11ef-8b4b-02814898e98b,1ddb819d-22ff-11eb-9ba0-024e14449321,0
0,200 W. Willow,Unit 143,f66bc68f-2301-11eb-9ba0-024e14449321,e9bddb13-2e7b-11ef-8b4b-02814898e98b,1ddb819d-22ff-11eb-9ba0-024e14449321,0
0,200 W. Willow,Unit 143,f6f523a7-2301-11eb-9ba0-024e14449321,e9bddb13-2e7b-11ef-8b4b-02814898e98b,1ddb819d-22ff-11eb-9ba0-024e14449321,0
0,200 W. Willow,Unit 143,f7947565-2301-11eb-9ba0-024e14449321,e9bddb13-2e7b-11ef-8b4b-02814898e98b,1ddb819d-22ff-11eb-9ba0-024e14449321,0
0,200 W. Willow,Unit 144,f8857e44-2301-11eb-9ba0-024e14449321,e9bddb13-2e7b-11ef-8b4b-02814898e98b,1ddb819d-22ff-11eb-9ba0-024e14449321,0
0,200 W. Willow,Unit 144,f8d7e158-2301-11eb-9ba0-024e14449321,e9bddb13-2e7b-11ef-8b4b-02814898e98b,1ddb819d-22ff-11eb-9ba0-024e14449321,0
0,200 W. Willow,Unit 144,f92da271-2301-11eb-9ba0-024e14449321,e9bddb13-2e7b-11ef-8b4b-02814898e98b,1ddb819d-22ff-11eb-9ba0-024e14449321,0
0,200 W. Willow,Unit 145,f9ecc5b5-2301-11eb-9ba0-024e14449321,e9bddb13-2e7b-11ef-8b4b-02814898e98b,1ddb819d-22ff-11eb-9ba0-024e14449321,0
0,200 W. Willow,Unit 145,fa4096c8-2301-11eb-9ba0-024e14449321,e9bddb13-2e7b-11ef-8b4b-02814898e98b,1ddb819d-22ff-11eb-9ba0-024e14449321,0
0,200 W. Willow,Unit 145,faa97e33-2301-11eb-9ba0-024e14449321,e9bddb13-2e7b-11ef-8b4b-02814898e98b,1ddb819d-22ff-11eb-9ba0-024e14449321,0
0,200 W. Willow,Unit 146,faef7229-2301-11eb-9ba0-024e14449321,e9bddb13-2e7b-11ef-8b4b-02814898e98b,1ddb819d-22ff-11eb-9ba0-024e14449321,0
0,200 W. Willow,Unit 146,fba9264c-2301-11eb-9ba0-024e14449321,e9bddb13-2e7b-11ef-8b4b-02814898e98b,1ddb819d-22ff-11eb-9ba0-024e14449321,0
0,200 W. Willow,Unit 146,fbfffae2-2301-11eb-9ba0-024e14449321,e9bddb13-2e7b-11ef-8b4b-02814898e98b,1ddb819d-22ff-11eb-9ba0-024e14449321,0
0,200 W. Willow,Unit 80,114aba16-822e-11f0-8b4b-02814898e98b,bb49f46d-1f89-11ef-8b4b-02814898e98b,1ddb819d-22ff-11eb-9ba0-024e14449321,0
0,200 W. Willow,Unit 81,11b2637d-822e-11f0-8b4b-02814898e98b,0bf3640c-2f39-11ef-8b4b-02814898e98b,1ddb819d-22ff-11eb-9ba0-024e14449321,0
0,200 W. Willow,Unit 82,6d85ec8e-2301-11eb-9ba0-024e14449321,e9bddb13-2e7b-11ef-8b4b-02814898e98b,1ddb819d-22ff-11eb-9ba0-024e14449321,0
0,200 W. Willow,Unit 82,6dd044e8-2301-11eb-9ba0-024e14449321,e9bddb13-2e7b-11ef-8b4b-02814898e98b,1ddb819d-22ff-11eb-9ba0-024e14449321,0
0,200 W. Willow,Unit 82,6e3c7fbc-2301-11eb-9ba0-024e14449321,e9bddb13-2e7b-11ef-8b4b-02814898e98b,1ddb819d-22ff-11eb-9ba0-024e14449321,0
0,200 W. Willow,Unit 83,6edbfe92-2301-11eb-9ba0-024e14449321,e9bddb13-2e7b-11ef-8b4b-02814898e98b,1ddb819d-22ff-11eb-9ba0-024e14449321,0
0,200 W. Willow,Unit 83,6f36e8d0-2301-11eb-9ba0-024e14449321,e9bddb13-2e7b-11ef-8b4b-02814898e98b,1ddb819d-22ff-11eb-9ba0-024e14449321,0
0,200 W. Willow,Unit 83,6f8cd2e0-2301-11eb-9ba0-024e14449321,e9bddb13-2e7b-11ef-8b4b-02814898e98b,1ddb819d-22ff-11eb-9ba0-024e14449321,0
0,200 W. Willow,Unit 84,70bb1c00-2301-11eb-9ba0-024e14449321,e9bddb13-2e7b-11ef-8b4b-02814898e98b,1ddb819d-22ff-11eb-9ba0-024e14449321,0
0,200 W. Willow,Unit 84,713b1d09-2301-11eb-9ba0-024e14449321,e9bddb13-2e7b-11ef-8b4b-02814898e98b,1ddb819d-22ff-11eb-9ba0-024e14449321,0
0,200 W. Willow,Unit 84,71d040c4-2301-11eb-9ba0-024e14449321,e9bddb13-2e7b-11ef-8b4b-02814898e98b,1ddb819d-22ff-11eb-9ba0-024e14449321,0
0,200 W. Willow,Unit 109,1b23958c-822e-11f0-8b4b-02814898e98b,e9bddb13-2e7b-11ef-8b4b-02814898e98b,1ddb819d-22ff-11eb-9ba0-024e14449321,0
0,200 W. Willow,Unit 85,72e22974-2301-11eb-9ba0-024e14449321,e9bddb13-2e7b-11ef-8b4b-02814898e98b,1ddb819d-22ff-11eb-9ba0-024e14449321,0
0,200 W. Willow,Unit 85,735f9b69-2301-11eb-9ba0-024e14449321,e9bddb13-2e7b-11ef-8b4b-02814898e98b,1ddb819d-22ff-11eb-9ba0-024e14449321,0
0,200 W. Willow,Unit 85,74268084-2301-11eb-9ba0-024e14449321,e9bddb13-2e7b-11ef-8b4b-02814898e98b,1ddb819d-22ff-11eb-9ba0-024e14449321,0
0,200 W. Willow,Unit 86,136af3b2-822e-11f0-8b4b-02814898e98b,e9bddb13-2e7b-11ef-8b4b-02814898e98b,1ddb819d-22ff-11eb-9ba0-024e14449321,0
0,200 W. Willow,Unit 87,77e9de2f-2301-11eb-9ba0-024e14449321,e9bddb13-2e7b-11ef-8b4b-02814898e98b,1ddb819d-22ff-11eb-9ba0-024e14449321,0
0,200 W. Willow,Unit 87,78519610-2301-11eb-9ba0-024e14449321,e9bddb13-2e7b-11ef-8b4b-02814898e98b,1ddb819d-22ff-11eb-9ba0-024e14449321,0
0,200 W. Willow,Unit 87,78ae893c-2301-11eb-9ba0-024e14449321,e9bddb13-2e7b-11ef-8b4b-02814898e98b,1ddb819d-22ff-11eb-9ba0-024e14449321,0
0,200 W. Willow,Unit 88,141798b4-822e-11f0-8b4b-02814898e98b,e9bddb13-2e7b-11ef-8b4b-02814898e98b,1ddb819d-22ff-11eb-9ba0-024e14449321,0
0,200 W. Willow,Unit 89,7c5cb0a9-2301-11eb-9ba0-024e14449321,6ddc0f06-2f3c-11ef-8b4b-02814898e98b,1ddb819d-22ff-11eb-9ba0-024e14449321,0
0,200 W. Willow,Unit 89,7d3c4825-2301-11eb-9ba0-024e14449321,6ddc0f06-2f3c-11ef-8b4b-02814898e98b,1ddb819d-22ff-11eb-9ba0-024e14449321,0
0,200 W. Willow,Unit 89,7dd96a2a-2301-11eb-9ba0-024e14449321,6ddc0f06-2f3c-11ef-8b4b-02814898e98b,1ddb819d-22ff-11eb-9ba0-024e14449321,0
0,200 W. Willow,Unit 90,7eee6416-2301-11eb-9ba0-024e14449321,6ddc0f06-2f3c-11ef-8b4b-02814898e98b,1ddb819d-22ff-11eb-9ba0-024e14449321,0
0,200 W. Willow,Unit 90,7f7542c0-2301-11eb-9ba0-024e14449321,6ddc0f06-2f3c-11ef-8b4b-02814898e98b,1ddb819d-22ff-11eb-9ba0-024e14449321,0
0,200 W. Willow,Unit 90,80026d46-2301-11eb-9ba0-024e14449321,6ddc0f06-2f3c-11ef-8b4b-02814898e98b,1ddb819d-22ff-11eb-9ba0-024e14449321,0
0,200 W. Willow,Unit 91,81208604-2301-11eb-9ba0-024e14449321,6ddc0f06-2f3c-11ef-8b4b-02814898e98b,1ddb819d-22ff-11eb-9ba0-024e14449321,0
0,200 W. Willow,Unit 91,81d01789-2301-11eb-9ba0-024e14449321,6ddc0f06-2f3c-11ef-8b4b-02814898e98b,1ddb819d-22ff-11eb-9ba0-024e14449321,0
0,200 W. Willow,Unit 91,82521412-2301-11eb-9ba0-024e14449321,6ddc0f06-2f3c-11ef-8b4b-02814898e98b,1ddb819d-22ff-11eb-9ba0-024e14449321,0
0,200 W. Willow,Unit 92,8371f399-2301-11eb-9ba0-024e14449321,e9bddb13-2e7b-11ef-8b4b-02814898e98b,1ddb819d-22ff-11eb-9ba0-024e14449321,0
0,200 W. Willow,Unit 92,842329a5-2301-11eb-9ba0-024e14449321,e9bddb13-2e7b-11ef-8b4b-02814898e98b,1ddb819d-22ff-11eb-9ba0-024e14449321,0
0,200 W. Willow,Unit 92,84adbbbd-2301-11eb-9ba0-024e14449321,e9bddb13-2e7b-11ef-8b4b-02814898e98b,1ddb819d-22ff-11eb-9ba0-024e14449321,0
0,200 W. Willow,Unit 93,85ca6455-2301-11eb-9ba0-024e14449321,e9bddb13-2e7b-11ef-8b4b-02814898e98b,1ddb819d-22ff-11eb-9ba0-024e14449321,0
0,200 W. Willow,Unit 93,86442564-2301-11eb-9ba0-024e14449321,e9bddb13-2e7b-11ef-8b4b-02814898e98b,1ddb819d-22ff-11eb-9ba0-024e14449321,0
0,200 W. Willow,Unit 93,86d718b2-2301-11eb-9ba0-024e14449321,e9bddb13-2e7b-11ef-8b4b-02814898e98b,1ddb819d-22ff-11eb-9ba0-024e14449321,0
0,200 W. Willow,Unit 94,1621b559-822e-11f0-8b4b-02814898e98b,e9bddb13-2e7b-11ef-8b4b-02814898e98b,1ddb819d-22ff-11eb-9ba0-024e14449321,0
0,200 W. Willow,Unit 95,8a536491-2301-11eb-9ba0-024e14449321,e9bddb13-2e7b-11ef-8b4b-02814898e98b,1ddb819d-22ff-11eb-9ba0-024e14449321,0
0,200 W. Willow,Unit 95,8abb2bb6-2301-11eb-9ba0-024e14449321,e9bddb13-2e7b-11ef-8b4b-02814898e98b,1ddb819d-22ff-11eb-9ba0-024e14449321,0
0,200 W. Willow,Unit 95,8b1156ab-2301-11eb-9ba0-024e14449321,e9bddb13-2e7b-11ef-8b4b-02814898e98b,1ddb819d-22ff-11eb-9ba0-024e14449321,0
0,200 W. Willow,Unit 96,8c0bc835-2301-11eb-9ba0-024e14449321,e9bddb13-2e7b-11ef-8b4b-02814898e98b,1ddb819d-22ff-11eb-9ba0-024e14449321,0
0,200 W. Willow,Unit 96,8c6400b0-2301-11eb-9ba0-024e14449321,e9bddb13-2e7b-11ef-8b4b-02814898e98b,1ddb819d-22ff-11eb-9ba0-024e14449321,0
0,200 W. Willow,Unit 96,8cd5f78b-2301-11eb-9ba0-024e14449321,e9bddb13-2e7b-11ef-8b4b-02814898e98b,1ddb819d-22ff-11eb-9ba0-024e14449321,0
0,200 W. Willow,Unit 97,8db09103-2301-11eb-9ba0-024e14449321,bb49f46d-1f89-11ef-8b4b-02814898e98b,1ddb819d-22ff-11eb-9ba0-024e14449321,0
0,200 W. Willow,Unit 97,8e3a49fa-2301-11eb-9ba0-024e14449321,bb49f46d-1f89-11ef-8b4b-02814898e98b,1ddb819d-22ff-11eb-9ba0-024e14449321,0
0,200 W. Willow,Unit 98,17758543-822e-11f0-8b4b-02814898e98b,0bf3640c-2f39-11ef-8b4b-02814898e98b,1ddb819d-22ff-11eb-9ba0-024e14449321,0
0,201 Crossing Drive,,9ef6a657-0e7d-11f1-8b4b-02814898e98b,\N,9e973278-0e7d-11f1-8b4b-02814898e98b,0
0,201 E. Front St. ,Suite 100,a92caaf8-f1a7-11ed-8b4b-02814898e98b,\N,df9bc9d2-33ac-11ed-bb58-0249af2749f8,0
0,201 E. Front St. ,,ceea6ddd-15ee-11ee-8b4b-02814898e98b,\N,df9bc9d2-33ac-11ed-bb58-0249af2749f8,0
0,201 E. Front St. - 201,,6ae21a7b-7363-11ee-8b4b-02814898e98b,\N,df9bc9d2-33ac-11ed-bb58-0249af2749f8,0
0,201 S Evergreen Ln,,41cbca89-2852-11ec-a39e-0683fa8b8728,\N,41a5c05b-2852-11ec-a39e-0683fa8b8728,0
0,202 Maple Ave,,d65e44cb-051d-11f1-8b4b-02814898e98b,9472957f-06ca-11f1-8b4b-02814898e98b,d5b80fd6-051d-11f1-8b4b-02814898e98b,0
0,202 N. Fell,Unit 1,86b9fc11-d468-11ef-8b4b-02814898e98b,cb0c23d7-1f95-11ef-8b4b-02814898e98b,1d14e8af-22ff-11eb-9ba0-024e14449321,0
0,202 N. Fell,Unit 2,887031bb-d468-11ef-8b4b-02814898e98b,025d0316-28db-11ef-8b4b-02814898e98b,1d14e8af-22ff-11eb-9ba0-024e14449321,0
0,202 N. Fell,Unit 3,8a05b6d1-d468-11ef-8b4b-02814898e98b,e2dba8f6-28d6-11ef-8b4b-02814898e98b,1d14e8af-22ff-11eb-9ba0-024e14449321,0
0,202 N. Fell,Unit 4,8d56a356-d468-11ef-8b4b-02814898e98b,650ef617-28db-11ef-8b4b-02814898e98b,1d14e8af-22ff-11eb-9ba0-024e14449321,0
0,202 N. Fell,Unit 5,8f712665-d468-11ef-8b4b-02814898e98b,650ef617-28db-11ef-8b4b-02814898e98b,1d14e8af-22ff-11eb-9ba0-024e14449321,0
0,202 N. Fell,Unit 6,91339d34-d468-11ef-8b4b-02814898e98b,e2dba8f6-28d6-11ef-8b4b-02814898e98b,1d14e8af-22ff-11eb-9ba0-024e14449321,0
0,202 N. Fell,Unit 7,931ba94b-d468-11ef-8b4b-02814898e98b,025d0316-28db-11ef-8b4b-02814898e98b,1d14e8af-22ff-11eb-9ba0-024e14449321,0
0,202 N. Fell,Unit 8,953e39cd-d468-11ef-8b4b-02814898e98b,025d0316-28db-11ef-8b4b-02814898e98b,1d14e8af-22ff-11eb-9ba0-024e14449321,0
0,202 N. Fell,Unit 9,9722090d-d468-11ef-8b4b-02814898e98b,cb0c23d7-1f95-11ef-8b4b-02814898e98b,1d14e8af-22ff-11eb-9ba0-024e14449321,0
0,202 N. Fell,Unit 10,98b49393-d468-11ef-8b4b-02814898e98b,025d0316-28db-11ef-8b4b-02814898e98b,1d14e8af-22ff-11eb-9ba0-024e14449321,0
0,202 N. Fell,Unit 11,9a9a3518-d468-11ef-8b4b-02814898e98b,e2dba8f6-28d6-11ef-8b4b-02814898e98b,1d14e8af-22ff-11eb-9ba0-024e14449321,0
0,202 N. Fell,Unit 12,9cacf5bc-d468-11ef-8b4b-02814898e98b,650ef617-28db-11ef-8b4b-02814898e98b,1d14e8af-22ff-11eb-9ba0-024e14449321,0
0,202 N. Fell,Unit 13,9e71bb4f-d468-11ef-8b4b-02814898e98b,650ef617-28db-11ef-8b4b-02814898e98b,1d14e8af-22ff-11eb-9ba0-024e14449321,0
0,202 N. Fell,Unit 14,a08d457d-d468-11ef-8b4b-02814898e98b,e2dba8f6-28d6-11ef-8b4b-02814898e98b,1d14e8af-22ff-11eb-9ba0-024e14449321,0
0,202 N. Fell,Unit 15,a2cb3d57-d468-11ef-8b4b-02814898e98b,025d0316-28db-11ef-8b4b-02814898e98b,1d14e8af-22ff-11eb-9ba0-024e14449321,0
0,202 N. Fell,Unit 16,a4a735c2-d468-11ef-8b4b-02814898e98b,025d0316-28db-11ef-8b4b-02814898e98b,1d14e8af-22ff-11eb-9ba0-024e14449321,0
0,202 N. Fell,Unit 17,a6825087-d468-11ef-8b4b-02814898e98b,cb0c23d7-1f95-11ef-8b4b-02814898e98b,1d14e8af-22ff-11eb-9ba0-024e14449321,0
0,202 N. Fell,Unit 18,a7bf485f-d468-11ef-8b4b-02814898e98b,025d0316-28db-11ef-8b4b-02814898e98b,1d14e8af-22ff-11eb-9ba0-024e14449321,0
0,202 N. Fell,Unit 19,a9c98895-d468-11ef-8b4b-02814898e98b,e2dba8f6-28d6-11ef-8b4b-02814898e98b,1d14e8af-22ff-11eb-9ba0-024e14449321,0
0,202 N. Fell,Unit 20,abc65b5b-d468-11ef-8b4b-02814898e98b,650ef617-28db-11ef-8b4b-02814898e98b,1d14e8af-22ff-11eb-9ba0-024e14449321,0
0,202 N. Fell,Unit 21,ae039229-d468-11ef-8b4b-02814898e98b,650ef617-28db-11ef-8b4b-02814898e98b,1d14e8af-22ff-11eb-9ba0-024e14449321,0
0,202 N. Fell,Unit 22,afa4e608-d468-11ef-8b4b-02814898e98b,e2dba8f6-28d6-11ef-8b4b-02814898e98b,1d14e8af-22ff-11eb-9ba0-024e14449321,0
0,202 N. Fell,Unit 23,b1823e28-d468-11ef-8b4b-02814898e98b,025d0316-28db-11ef-8b4b-02814898e98b,1d14e8af-22ff-11eb-9ba0-024e14449321,0
0,202 N. Fell,Unit 24,b31b7003-d468-11ef-8b4b-02814898e98b,025d0316-28db-11ef-8b4b-02814898e98b,1d14e8af-22ff-11eb-9ba0-024e14449321,0
0,202 N. Fell,Unit 25,b5478eff-d468-11ef-8b4b-02814898e98b,cb0c23d7-1f95-11ef-8b4b-02814898e98b,1d14e8af-22ff-11eb-9ba0-024e14449321,0
0,202 N. Fell,Unit 26,b6f372ea-d468-11ef-8b4b-02814898e98b,025d0316-28db-11ef-8b4b-02814898e98b,1d14e8af-22ff-11eb-9ba0-024e14449321,0
0,202 N. Fell,Unit 27,b8e10eb0-d468-11ef-8b4b-02814898e98b,e2dba8f6-28d6-11ef-8b4b-02814898e98b,1d14e8af-22ff-11eb-9ba0-024e14449321,0
0,202 N. Fell,Unit 28,baa294f9-d468-11ef-8b4b-02814898e98b,650ef617-28db-11ef-8b4b-02814898e98b,1d14e8af-22ff-11eb-9ba0-024e14449321,0
0,202 N. Fell,Unit 29,bd0bfd3f-d468-11ef-8b4b-02814898e98b,650ef617-28db-11ef-8b4b-02814898e98b,1d14e8af-22ff-11eb-9ba0-024e14449321,0
0,202 N. Fell,Unit 30,bff225fb-d468-11ef-8b4b-02814898e98b,e2dba8f6-28d6-11ef-8b4b-02814898e98b,1d14e8af-22ff-11eb-9ba0-024e14449321,0
0,202 N. Fell,Unit 31,c25e0c67-d468-11ef-8b4b-02814898e98b,025d0316-28db-11ef-8b4b-02814898e98b,1d14e8af-22ff-11eb-9ba0-024e14449321,0
0,202 N. Fell,Unit 32,c417d2a4-d468-11ef-8b4b-02814898e98b,025d0316-28db-11ef-8b4b-02814898e98b,1d14e8af-22ff-11eb-9ba0-024e14449321,0
0,202 N. Fell - Parking Lot,,3a7308ce-4510-11ef-8b4b-02814898e98b,\N,1d14e8af-22ff-11eb-9ba0-024e14449321,0
0,202 W. Locust,Unit # 1,2908b6b0-822e-11f0-8b4b-02814898e98b,143a6278-1d0e-11ef-8b4b-02814898e98b,e478af4a-6041-11ed-9528-0a5c5a1a7776,0
0,202 W. Locust,Unit # 2,294af6fe-822e-11f0-8b4b-02814898e98b,143a6278-1d0e-11ef-8b4b-02814898e98b,e478af4a-6041-11ed-9528-0a5c5a1a7776,0
0,202 W. Locust,Unit # 3,298ebc50-822e-11f0-8b4b-02814898e98b,143a6278-1d0e-11ef-8b4b-02814898e98b,e478af4a-6041-11ed-9528-0a5c5a1a7776,0
0,202 W. Locust,Unit # 4,29cdec58-822e-11f0-8b4b-02814898e98b,143a6278-1d0e-11ef-8b4b-02814898e98b,e478af4a-6041-11ed-9528-0a5c5a1a7776,0
0,202 W. Locust,Unit # 5,2a15b59a-822e-11f0-8b4b-02814898e98b,143a6278-1d0e-11ef-8b4b-02814898e98b,e478af4a-6041-11ed-9528-0a5c5a1a7776,0
0,202 W. Locust,Unit # 6,e59b4f7f-6041-11ed-9528-0a5c5a1a7776,143a6278-1d0e-11ef-8b4b-02814898e98b,e478af4a-6041-11ed-9528-0a5c5a1a7776,0
0,202 W. Locust,Unit # 6,e5ad79f2-6041-11ed-9528-0a5c5a1a7776,143a6278-1d0e-11ef-8b4b-02814898e98b,e478af4a-6041-11ed-9528-0a5c5a1a7776,0
0,203 Crossing Drive,,d6592ff7-0e7e-11f1-8b4b-02814898e98b,\N,d607a4d6-0e7e-11f1-8b4b-02814898e98b,0
0,204 Maple Ave,,d6680eaf-051d-11f1-8b4b-02814898e98b,9472957f-06ca-11f1-8b4b-02814898e98b,d5b80fd6-051d-11f1-8b4b-02814898e98b,0
0,204 N. Fell,Unit 1,2ab85bb3-822e-11f0-8b4b-02814898e98b,2a96e5c7-28e4-11ef-8b4b-02814898e98b,1e7b25fe-22ff-11eb-9ba0-024e14449321,0
0,204 N. Fell,Unit 2,3a7e2d06-22ff-11eb-9ba0-024e14449321,2a96e5c7-28e4-11ef-8b4b-02814898e98b,1e7b25fe-22ff-11eb-9ba0-024e14449321,0
0,204 N. Fell,Unit 2,3af0c27c-22ff-11eb-9ba0-024e14449321,2a96e5c7-28e4-11ef-8b4b-02814898e98b,1e7b25fe-22ff-11eb-9ba0-024e14449321,0
0,204 N. Fell,Unit 2,3b651784-22ff-11eb-9ba0-024e14449321,2a96e5c7-28e4-11ef-8b4b-02814898e98b,1e7b25fe-22ff-11eb-9ba0-024e14449321,0
0,204 N. Fell,Unit 3,2b68556e-822e-11f0-8b4b-02814898e98b,2a96e5c7-28e4-11ef-8b4b-02814898e98b,1e7b25fe-22ff-11eb-9ba0-024e14449321,0
0,204 N. Fell,Unit 4,2bb5b603-822e-11f0-8b4b-02814898e98b,2a96e5c7-28e4-11ef-8b4b-02814898e98b,1e7b25fe-22ff-11eb-9ba0-024e14449321,0
0,204 N. Fell,Unit 5,2c08a032-822e-11f0-8b4b-02814898e98b,2a96e5c7-28e4-11ef-8b4b-02814898e98b,1e7b25fe-22ff-11eb-9ba0-024e14449321,0
0,204 N. Fell,Unit 6,45011ae2-22ff-11eb-9ba0-024e14449321,2a96e5c7-28e4-11ef-8b4b-02814898e98b,1e7b25fe-22ff-11eb-9ba0-024e14449321,0
0,204 N. Fell,Unit 6,456d8477-22ff-11eb-9ba0-024e14449321,2a96e5c7-28e4-11ef-8b4b-02814898e98b,1e7b25fe-22ff-11eb-9ba0-024e14449321,0
0,204 N. Fell,Unit 6,46278f07-22ff-11eb-9ba0-024e14449321,2a96e5c7-28e4-11ef-8b4b-02814898e98b,1e7b25fe-22ff-11eb-9ba0-024e14449321,0
0,204 N. Fell,Unit 7,2ca9b2fe-822e-11f0-8b4b-02814898e98b,2a96e5c7-28e4-11ef-8b4b-02814898e98b,1e7b25fe-22ff-11eb-9ba0-024e14449321,0
0,204 N. Oak St,Unit P,5c57a4de-22ff-11eb-9ba0-024e14449321,2d292f8b-1d11-11ef-8b4b-02814898e98b,1e973d16-22ff-11eb-9ba0-024e14449321,0
0,204 N. Oak St,Unit P,5cc69681-22ff-11eb-9ba0-024e14449321,2d292f8b-1d11-11ef-8b4b-02814898e98b,1e973d16-22ff-11eb-9ba0-024e14449321,0
0,204 W. Cypress,,5dc31726-22ff-11eb-9ba0-024e14449321,\N,1eae73bc-22ff-11eb-9ba0-024e14449321,0
0,205 Crossing Drive,,1a3f0427-0e7f-11f1-8b4b-02814898e98b,\N,19f82d5b-0e7f-11f1-8b4b-02814898e98b,0
0,205 N. Linden,Unit 1,60c4b47c-22ff-11eb-9ba0-024e14449321,b349dc41-2807-11ef-8b4b-02814898e98b,1ec83e57-22ff-11eb-9ba0-024e14449321,0
0,205 N. Linden,Unit 1,6120ac82-22ff-11eb-9ba0-024e14449321,b349dc41-2807-11ef-8b4b-02814898e98b,1ec83e57-22ff-11eb-9ba0-024e14449321,0
0,205 N. Linden,Unit 1,618c9177-22ff-11eb-9ba0-024e14449321,b349dc41-2807-11ef-8b4b-02814898e98b,1ec83e57-22ff-11eb-9ba0-024e14449321,0
0,205 N. Linden,Unit 4,673c5e53-22ff-11eb-9ba0-024e14449321,b349dc41-2807-11ef-8b4b-02814898e98b,1ec83e57-22ff-11eb-9ba0-024e14449321,0
0,205 N. Linden,Unit 4,67a466d7-22ff-11eb-9ba0-024e14449321,b349dc41-2807-11ef-8b4b-02814898e98b,1ec83e57-22ff-11eb-9ba0-024e14449321,0
0,205 N. Linden,Unit 4,6811ca14-22ff-11eb-9ba0-024e14449321,b349dc41-2807-11ef-8b4b-02814898e98b,1ec83e57-22ff-11eb-9ba0-024e14449321,0
0,206 Lindell,Unit 2,30d1cd8f-822e-11f0-8b4b-02814898e98b,d55302ef-1d15-11ef-8b4b-02814898e98b,1efd7814-22ff-11eb-9ba0-024e14449321,0
0,206 Lindell,Unit 3,3123a6ca-822e-11f0-8b4b-02814898e98b,b8589cba-21b2-11ef-8b4b-02814898e98b,1efd7814-22ff-11eb-9ba0-024e14449321,0
0,206 Lindell,Unit 4,316c637c-822e-11f0-8b4b-02814898e98b,b8589cba-21b2-11ef-8b4b-02814898e98b,1efd7814-22ff-11eb-9ba0-024e14449321,0
0,206 Mulberry,Unit 1,3181d336-22ff-11eb-9ba0-024e14449321,769b3190-280e-11ef-8b4b-02814898e98b,1f5cd169-22ff-11eb-9ba0-024e14449321,0
0,206 Mulberry,Unit 1,3239afd4-22ff-11eb-9ba0-024e14449321,769b3190-280e-11ef-8b4b-02814898e98b,1f5cd169-22ff-11eb-9ba0-024e14449321,0
0,206 Mulberry,Unit 1,32e14f30-22ff-11eb-9ba0-024e14449321,769b3190-280e-11ef-8b4b-02814898e98b,1f5cd169-22ff-11eb-9ba0-024e14449321,0
0,206 Mulberry,Unit 5,3b94ff41-22ff-11eb-9ba0-024e14449321,769b3190-280e-11ef-8b4b-02814898e98b,1f5cd169-22ff-11eb-9ba0-024e14449321,0
0,206 Mulberry,Unit 5,3c02ae4e-22ff-11eb-9ba0-024e14449321,769b3190-280e-11ef-8b4b-02814898e98b,1f5cd169-22ff-11eb-9ba0-024e14449321,0
0,206 Mulberry,Unit 5,3c77d25f-22ff-11eb-9ba0-024e14449321,769b3190-280e-11ef-8b4b-02814898e98b,1f5cd169-22ff-11eb-9ba0-024e14449321,0
0,206 Mulberry,Unit 6,3da3b439-22ff-11eb-9ba0-024e14449321,769b3190-280e-11ef-8b4b-02814898e98b,1f5cd169-22ff-11eb-9ba0-024e14449321,0
0,206 Mulberry,Unit 6,3e473b3c-22ff-11eb-9ba0-024e14449321,769b3190-280e-11ef-8b4b-02814898e98b,1f5cd169-22ff-11eb-9ba0-024e14449321,0
0,206 Mulberry,Unit 6,3f093ebe-22ff-11eb-9ba0-024e14449321,769b3190-280e-11ef-8b4b-02814898e98b,1f5cd169-22ff-11eb-9ba0-024e14449321,0
0,206 Mulberry,Unit 7,406dfc97-22ff-11eb-9ba0-024e14449321,769b3190-280e-11ef-8b4b-02814898e98b,1f5cd169-22ff-11eb-9ba0-024e14449321,0
0,206 Mulberry,Unit 7,41104ba8-22ff-11eb-9ba0-024e14449321,769b3190-280e-11ef-8b4b-02814898e98b,1f5cd169-22ff-11eb-9ba0-024e14449321,0
0,206 Mulberry,Unit 7,41d2af9c-22ff-11eb-9ba0-024e14449321,769b3190-280e-11ef-8b4b-02814898e98b,1f5cd169-22ff-11eb-9ba0-024e14449321,0
0,206 Mulberry,Unit 8,42f285ff-22ff-11eb-9ba0-024e14449321,769b3190-280e-11ef-8b4b-02814898e98b,1f5cd169-22ff-11eb-9ba0-024e14449321,0
0,206 Mulberry,Unit 8,4377024d-22ff-11eb-9ba0-024e14449321,769b3190-280e-11ef-8b4b-02814898e98b,1f5cd169-22ff-11eb-9ba0-024e14449321,0
0,206 Mulberry,Unit 8,43eb5690-22ff-11eb-9ba0-024e14449321,769b3190-280e-11ef-8b4b-02814898e98b,1f5cd169-22ff-11eb-9ba0-024e14449321,0
0,206 Mulberry,Unit 11,492e184a-22ff-11eb-9ba0-024e14449321,769b3190-280e-11ef-8b4b-02814898e98b,1f5cd169-22ff-11eb-9ba0-024e14449321,0
0,206 Mulberry,Unit 11,4998cae4-22ff-11eb-9ba0-024e14449321,769b3190-280e-11ef-8b4b-02814898e98b,1f5cd169-22ff-11eb-9ba0-024e14449321,0
0,206 Mulberry,Unit 11,4a0b9fde-22ff-11eb-9ba0-024e14449321,769b3190-280e-11ef-8b4b-02814898e98b,1f5cd169-22ff-11eb-9ba0-024e14449321,0
0,206 N. Fell - A,,c6a2339c-b343-11f0-8b4b-02814898e98b,1493b002-b36a-11f0-8b4b-02814898e98b,1f4e6a1d-b342-11f0-8b4b-02814898e98b,0
0,206 N. Fell - B,,172901bc-b344-11f0-8b4b-02814898e98b,1493b002-b36a-11f0-8b4b-02814898e98b,1f4e6a1d-b342-11f0-8b4b-02814898e98b,0
0,206 N. Fell - C,,6326211c-b344-11f0-8b4b-02814898e98b,12e99adb-b36e-11f0-8b4b-02814898e98b,1f4e6a1d-b342-11f0-8b4b-02814898e98b,0
0,206 N. Fell - D,,b13279ac-b344-11f0-8b4b-02814898e98b,12e99adb-b36e-11f0-8b4b-02814898e98b,1f4e6a1d-b342-11f0-8b4b-02814898e98b,0
0,207 Crossing Drive,,5ba33cb5-0e7f-11f1-8b4b-02814898e98b,\N,5b615fe2-0e7f-11f1-8b4b-02814898e98b,0
0,207 Goldenrod Road - Unit B,,a5db96a9-a2e0-11ef-8b4b-02814898e98b,\N,a5b57cf9-a2e0-11ef-8b4b-02814898e98b,0
0,208 Maple Ave,,d673194c-051d-11f1-8b4b-02814898e98b,9472957f-06ca-11f1-8b4b-02814898e98b,d5b80fd6-051d-11f1-8b4b-02814898e98b,0
0,208 W. Locust,Unit # 3,84d882cb-604b-11ed-9528-0a5c5a1a7776,ef85254f-280f-11ef-8b4b-02814898e98b,826eec13-604b-11ed-9528-0a5c5a1a7776,0
0,208 W. Locust,Unit # 3,84e9f932-604b-11ed-9528-0a5c5a1a7776,ef85254f-280f-11ef-8b4b-02814898e98b,826eec13-604b-11ed-9528-0a5c5a1a7776,0
0,208 W. Locust,Unit # 3,84fba3b5-604b-11ed-9528-0a5c5a1a7776,ef85254f-280f-11ef-8b4b-02814898e98b,826eec13-604b-11ed-9528-0a5c5a1a7776,0
0,208 W. Locust,Unit # 1,832ba69d-604b-11ed-9528-0a5c5a1a7776,ef85254f-280f-11ef-8b4b-02814898e98b,826eec13-604b-11ed-9528-0a5c5a1a7776,0
0,208 W. Locust,Unit # 1,833f5de9-604b-11ed-9528-0a5c5a1a7776,ef85254f-280f-11ef-8b4b-02814898e98b,826eec13-604b-11ed-9528-0a5c5a1a7776,0
0,208 W. Locust,Unit # 1,83521f1e-604b-11ed-9528-0a5c5a1a7776,ef85254f-280f-11ef-8b4b-02814898e98b,826eec13-604b-11ed-9528-0a5c5a1a7776,0
0,208 W. Locust,Unit # 2,6c102f6f-d469-11ef-8b4b-02814898e98b,e27fcfec-21b4-11ef-8b4b-02814898e98b,826eec13-604b-11ed-9528-0a5c5a1a7776,0
0,208 W. Locust,Unit # 4,6d0fd716-d469-11ef-8b4b-02814898e98b,ef85254f-280f-11ef-8b4b-02814898e98b,826eec13-604b-11ed-9528-0a5c5a1a7776,0
0,208 W. Locust,Unit # 5,6e1169ba-d469-11ef-8b4b-02814898e98b,ef85254f-280f-11ef-8b4b-02814898e98b,826eec13-604b-11ed-9528-0a5c5a1a7776,0
0,208 W. Locust,Unit # 7,7001a5ef-d469-11ef-8b4b-02814898e98b,ef85254f-280f-11ef-8b4b-02814898e98b,826eec13-604b-11ed-9528-0a5c5a1a7776,0
0,208 W. Locust,Unit # 8,84946bc0-604b-11ed-9528-0a5c5a1a7776,ef85254f-280f-11ef-8b4b-02814898e98b,826eec13-604b-11ed-9528-0a5c5a1a7776,0
0,208 W. Locust,Unit # 8,84a59fad-604b-11ed-9528-0a5c5a1a7776,ef85254f-280f-11ef-8b4b-02814898e98b,826eec13-604b-11ed-9528-0a5c5a1a7776,0
0,208 W. Locust,Unit # 8,84b67fa9-604b-11ed-9528-0a5c5a1a7776,ef85254f-280f-11ef-8b4b-02814898e98b,826eec13-604b-11ed-9528-0a5c5a1a7776,0
0,208 W. Locust - 6.3,Unit # 6,8422954f-604b-11ed-9528-0a5c5a1a7776,6a89d824-d469-11ef-8b4b-02814898e98b,826eec13-604b-11ed-9528-0a5c5a1a7776,0
0,208 W. Locust - 6.3,Unit # 6,850d08c9-604b-11ed-9528-0a5c5a1a7776,6a89d824-d469-11ef-8b4b-02814898e98b,826eec13-604b-11ed-9528-0a5c5a1a7776,0
0,208 W. Locust - 6.3,Unit # 6,8530db7f-604b-11ed-9528-0a5c5a1a7776,6a89d824-d469-11ef-8b4b-02814898e98b,826eec13-604b-11ed-9528-0a5c5a1a7776,0
0,211 Saratoga Rd,,74022ff4-22ff-11eb-9ba0-024e14449321,\N,1fc9b436-22ff-11eb-9ba0-024e14449321,0
0,212 Maple Ave,,d67bf7af-051d-11f1-8b4b-02814898e98b,9472957f-06ca-11f1-8b4b-02814898e98b,d5b80fd6-051d-11f1-8b4b-02814898e98b,0
0,213 Felmley Dr,,7837816f-22ff-11eb-9ba0-024e14449321,\N,1ffd3554-22ff-11eb-9ba0-024e14449321,0
0,214 W Willow St - 1,Unit 1,8e32cd4f-2300-11eb-9ba0-024e14449321,0b4fda57-2f1a-11ef-8b4b-02814898e98b,1db98752-22ff-11eb-9ba0-024e14449321,0
0,214 W Willow St - 1,Unit 1,8efa16c5-2300-11eb-9ba0-024e14449321,0b4fda57-2f1a-11ef-8b4b-02814898e98b,1db98752-22ff-11eb-9ba0-024e14449321,0
0,214 W Willow St - 1,Unit 1,8fbfe260-2300-11eb-9ba0-024e14449321,0b4fda57-2f1a-11ef-8b4b-02814898e98b,1db98752-22ff-11eb-9ba0-024e14449321,0
0,214 W Willow St - 11,Unit 11,3a1cc84c-822e-11f0-8b4b-02814898e98b,515ae1fa-2f19-11ef-8b4b-02814898e98b,1db98752-22ff-11eb-9ba0-024e14449321,0
0,214 W Willow St - 12,Unit 12,3a6bce58-822e-11f0-8b4b-02814898e98b,0b4fda57-2f1a-11ef-8b4b-02814898e98b,1db98752-22ff-11eb-9ba0-024e14449321,0
0,214 W Willow St - 13,Unit 13,3ac3caf0-822e-11f0-8b4b-02814898e98b,0b4fda57-2f1a-11ef-8b4b-02814898e98b,1db98752-22ff-11eb-9ba0-024e14449321,0
0,214 W Willow St - 14,Unit 14,b36fd7b9-2300-11eb-9ba0-024e14449321,0b4fda57-2f1a-11ef-8b4b-02814898e98b,1db98752-22ff-11eb-9ba0-024e14449321,0
0,214 W Willow St - 14,Unit 14,b5005cf8-2300-11eb-9ba0-024e14449321,0b4fda57-2f1a-11ef-8b4b-02814898e98b,1db98752-22ff-11eb-9ba0-024e14449321,0
0,214 W Willow St - 14,Unit 14,b5c6f155-2300-11eb-9ba0-024e14449321,0b4fda57-2f1a-11ef-8b4b-02814898e98b,1db98752-22ff-11eb-9ba0-024e14449321,0
0,214 W Willow St - 15,Unit 15,b6e78af9-2300-11eb-9ba0-024e14449321,0b4fda57-2f1a-11ef-8b4b-02814898e98b,1db98752-22ff-11eb-9ba0-024e14449321,0
0,214 W Willow St - 15,Unit 15,b7abe756-2300-11eb-9ba0-024e14449321,0b4fda57-2f1a-11ef-8b4b-02814898e98b,1db98752-22ff-11eb-9ba0-024e14449321,0
0,214 W Willow St - 15,Unit 15,b8727b9b-2300-11eb-9ba0-024e14449321,0b4fda57-2f1a-11ef-8b4b-02814898e98b,1db98752-22ff-11eb-9ba0-024e14449321,0
0,214 W Willow St - 16,Unit 16,b994612c-2300-11eb-9ba0-024e14449321,0b4fda57-2f1a-11ef-8b4b-02814898e98b,1db98752-22ff-11eb-9ba0-024e14449321,0
0,214 W Willow St - 16,Unit 16,b9e87389-2300-11eb-9ba0-024e14449321,0b4fda57-2f1a-11ef-8b4b-02814898e98b,1db98752-22ff-11eb-9ba0-024e14449321,0
0,214 W Willow St - 16,Unit 16,ba6e4bc5-2300-11eb-9ba0-024e14449321,0b4fda57-2f1a-11ef-8b4b-02814898e98b,1db98752-22ff-11eb-9ba0-024e14449321,0
0,214 W Willow St - 17,Unit 17,bba290d3-2300-11eb-9ba0-024e14449321,0b4fda57-2f1a-11ef-8b4b-02814898e98b,1db98752-22ff-11eb-9ba0-024e14449321,0
0,214 W Willow St - 17,Unit 17,bc7358c3-2300-11eb-9ba0-024e14449321,0b4fda57-2f1a-11ef-8b4b-02814898e98b,1db98752-22ff-11eb-9ba0-024e14449321,0
0,214 W Willow St - 17,Unit 17,bd3f282a-2300-11eb-9ba0-024e14449321,0b4fda57-2f1a-11ef-8b4b-02814898e98b,1db98752-22ff-11eb-9ba0-024e14449321,0
0,214 W Willow St - 18,Unit 18,bf06fe0a-2300-11eb-9ba0-024e14449321,0b4fda57-2f1a-11ef-8b4b-02814898e98b,1db98752-22ff-11eb-9ba0-024e14449321,0
0,214 W Willow St - 18,Unit 18,bfd55d4c-2300-11eb-9ba0-024e14449321,0b4fda57-2f1a-11ef-8b4b-02814898e98b,1db98752-22ff-11eb-9ba0-024e14449321,0
0,214 W Willow St - 18,Unit 18,c109db3e-2300-11eb-9ba0-024e14449321,0b4fda57-2f1a-11ef-8b4b-02814898e98b,1db98752-22ff-11eb-9ba0-024e14449321,0
0,214 W Willow St - 19,Unit 19,c25b0058-2300-11eb-9ba0-024e14449321,f42bac6a-21b5-11ef-8b4b-02814898e98b,1db98752-22ff-11eb-9ba0-024e14449321,0
0,214 W Willow St - 19,Unit 19,c30354e7-2300-11eb-9ba0-024e14449321,f42bac6a-21b5-11ef-8b4b-02814898e98b,1db98752-22ff-11eb-9ba0-024e14449321,0
0,214 W Willow St - 2,Unit 2,370b6f8d-822e-11f0-8b4b-02814898e98b,0b4fda57-2f1a-11ef-8b4b-02814898e98b,1db98752-22ff-11eb-9ba0-024e14449321,0
0,214 W Willow St - 20,Unit 20,c53aae30-2300-11eb-9ba0-024e14449321,943f7aed-2f19-11ef-8b4b-02814898e98b,1db98752-22ff-11eb-9ba0-024e14449321,0
0,214 W Willow St - 20,Unit 20,c59395a0-2300-11eb-9ba0-024e14449321,943f7aed-2f19-11ef-8b4b-02814898e98b,1db98752-22ff-11eb-9ba0-024e14449321,0
0,214 W Willow St - 20,Unit 20,c6b61dec-2300-11eb-9ba0-024e14449321,943f7aed-2f19-11ef-8b4b-02814898e98b,1db98752-22ff-11eb-9ba0-024e14449321,0
0,214 W Willow St - 21,Unit 21,3d83656f-822e-11f0-8b4b-02814898e98b,0b4fda57-2f1a-11ef-8b4b-02814898e98b,1db98752-22ff-11eb-9ba0-024e14449321,0
0,214 W Willow St - 22,Unit 22,cb3ae1e7-2300-11eb-9ba0-024e14449321,0b4fda57-2f1a-11ef-8b4b-02814898e98b,1db98752-22ff-11eb-9ba0-024e14449321,0
0,214 W Willow St - 22,Unit 22,cc0feb45-2300-11eb-9ba0-024e14449321,0b4fda57-2f1a-11ef-8b4b-02814898e98b,1db98752-22ff-11eb-9ba0-024e14449321,0
0,214 W Willow St - 22,Unit 22,cd1d13c7-2300-11eb-9ba0-024e14449321,0b4fda57-2f1a-11ef-8b4b-02814898e98b,1db98752-22ff-11eb-9ba0-024e14449321,0
0,214 W Willow St - 23,Unit 23,ceb409a4-2300-11eb-9ba0-024e14449321,0b4fda57-2f1a-11ef-8b4b-02814898e98b,1db98752-22ff-11eb-9ba0-024e14449321,0
0,214 W Willow St - 23,Unit 23,cf46e7f8-2300-11eb-9ba0-024e14449321,0b4fda57-2f1a-11ef-8b4b-02814898e98b,1db98752-22ff-11eb-9ba0-024e14449321,0
0,214 W Willow St - 23,Unit 23,d011082f-2300-11eb-9ba0-024e14449321,0b4fda57-2f1a-11ef-8b4b-02814898e98b,1db98752-22ff-11eb-9ba0-024e14449321,0
0,214 W Willow St - 24,Unit 24,3e94c2d9-822e-11f0-8b4b-02814898e98b,0b4fda57-2f1a-11ef-8b4b-02814898e98b,1db98752-22ff-11eb-9ba0-024e14449321,0
0,214 W Willow St - 25,Unit 25,3ef2b452-822e-11f0-8b4b-02814898e98b,0b4fda57-2f1a-11ef-8b4b-02814898e98b,1db98752-22ff-11eb-9ba0-024e14449321,0
0,214 W Willow St - 26,Unit 26,da350a4a-2300-11eb-9ba0-024e14449321,0b4fda57-2f1a-11ef-8b4b-02814898e98b,1db98752-22ff-11eb-9ba0-024e14449321,0
0,214 W Willow St - 26,Unit 26,d8a1c026-2300-11eb-9ba0-024e14449321,0b4fda57-2f1a-11ef-8b4b-02814898e98b,1db98752-22ff-11eb-9ba0-024e14449321,0
0,214 W Willow St - 26,Unit 26,d97051ca-2300-11eb-9ba0-024e14449321,0b4fda57-2f1a-11ef-8b4b-02814898e98b,1db98752-22ff-11eb-9ba0-024e14449321,0
0,214 W Willow St - 27,Unit 27,dbff6503-2300-11eb-9ba0-024e14449321,0b4fda57-2f1a-11ef-8b4b-02814898e98b,1db98752-22ff-11eb-9ba0-024e14449321,0
0,214 W Willow St - 27,Unit 27,dce0dc6f-2300-11eb-9ba0-024e14449321,0b4fda57-2f1a-11ef-8b4b-02814898e98b,1db98752-22ff-11eb-9ba0-024e14449321,0
0,214 W Willow St - 27,Unit 27,ddb24734-2300-11eb-9ba0-024e14449321,0b4fda57-2f1a-11ef-8b4b-02814898e98b,1db98752-22ff-11eb-9ba0-024e14449321,0
0,214 W Willow St - 28,Unit 28,de9ae06b-2300-11eb-9ba0-024e14449321,0b4fda57-2f1a-11ef-8b4b-02814898e98b,1db98752-22ff-11eb-9ba0-024e14449321,0
0,214 W Willow St - 28,Unit 28,df2d3230-2300-11eb-9ba0-024e14449321,0b4fda57-2f1a-11ef-8b4b-02814898e98b,1db98752-22ff-11eb-9ba0-024e14449321,0
0,214 W Willow St - 28,Unit 28,df9e28d2-2300-11eb-9ba0-024e14449321,0b4fda57-2f1a-11ef-8b4b-02814898e98b,1db98752-22ff-11eb-9ba0-024e14449321,0
0,214 W Willow St - 29,Unit 29,e07c616e-2300-11eb-9ba0-024e14449321,0b4fda57-2f1a-11ef-8b4b-02814898e98b,1db98752-22ff-11eb-9ba0-024e14449321,0
0,214 W Willow St - 29,Unit 29,e1105063-2300-11eb-9ba0-024e14449321,0b4fda57-2f1a-11ef-8b4b-02814898e98b,1db98752-22ff-11eb-9ba0-024e14449321,0
0,214 W Willow St - 29,Unit 29,e1e114a6-2300-11eb-9ba0-024e14449321,0b4fda57-2f1a-11ef-8b4b-02814898e98b,1db98752-22ff-11eb-9ba0-024e14449321,0
0,214 W Willow St - 3,Unit 3,375fc895-822e-11f0-8b4b-02814898e98b,0b4fda57-2f1a-11ef-8b4b-02814898e98b,1db98752-22ff-11eb-9ba0-024e14449321,0
0,214 W Willow St - 30,Unit 30,e3345a3b-2300-11eb-9ba0-024e14449321,fe8c69f9-2f18-11ef-8b4b-02814898e98b,1db98752-22ff-11eb-9ba0-024e14449321,0
0,214 W Willow St - 30,Unit 30,e3f31ca5-2300-11eb-9ba0-024e14449321,fe8c69f9-2f18-11ef-8b4b-02814898e98b,1db98752-22ff-11eb-9ba0-024e14449321,0
0,214 W Willow St - 30,Unit 30,e4644a23-2300-11eb-9ba0-024e14449321,fe8c69f9-2f18-11ef-8b4b-02814898e98b,1db98752-22ff-11eb-9ba0-024e14449321,0
0,214 W Willow St - 31,Unit 31,40e4cb90-822e-11f0-8b4b-02814898e98b,f42bac6a-21b5-11ef-8b4b-02814898e98b,1db98752-22ff-11eb-9ba0-024e14449321,0
0,214 W Willow St - 33,Unit 33,419728e2-822e-11f0-8b4b-02814898e98b,0b4fda57-2f1a-11ef-8b4b-02814898e98b,1db98752-22ff-11eb-9ba0-024e14449321,0
0,214 W Willow St - 34,Unit 34,41e863ad-822e-11f0-8b4b-02814898e98b,0b4fda57-2f1a-11ef-8b4b-02814898e98b,1db98752-22ff-11eb-9ba0-024e14449321,0
0,214 W Willow St - 35,Unit 35,ed0cda7a-2300-11eb-9ba0-024e14449321,0b4fda57-2f1a-11ef-8b4b-02814898e98b,1db98752-22ff-11eb-9ba0-024e14449321,0
0,214 W Willow St - 35,Unit 35,ed7fb70f-2300-11eb-9ba0-024e14449321,0b4fda57-2f1a-11ef-8b4b-02814898e98b,1db98752-22ff-11eb-9ba0-024e14449321,0
0,214 W Willow St - 35,Unit 35,ee03f81f-2300-11eb-9ba0-024e14449321,0b4fda57-2f1a-11ef-8b4b-02814898e98b,1db98752-22ff-11eb-9ba0-024e14449321,0
0,214 W Willow St - 36,Unit 36,ee5a9fc0-2300-11eb-9ba0-024e14449321,0b4fda57-2f1a-11ef-8b4b-02814898e98b,1db98752-22ff-11eb-9ba0-024e14449321,0
0,214 W Willow St - 36,Unit 36,efae5787-2300-11eb-9ba0-024e14449321,0b4fda57-2f1a-11ef-8b4b-02814898e98b,1db98752-22ff-11eb-9ba0-024e14449321,0
0,214 W Willow St - 36,Unit 36,f080e808-2300-11eb-9ba0-024e14449321,0b4fda57-2f1a-11ef-8b4b-02814898e98b,1db98752-22ff-11eb-9ba0-024e14449321,0
0,214 W Willow St - 37,Unit 37,42eeea21-822e-11f0-8b4b-02814898e98b,0b4fda57-2f1a-11ef-8b4b-02814898e98b,1db98752-22ff-11eb-9ba0-024e14449321,0
0,214 W Willow St - 38,Unit 38,4345fe73-822e-11f0-8b4b-02814898e98b,0b4fda57-2f1a-11ef-8b4b-02814898e98b,1db98752-22ff-11eb-9ba0-024e14449321,0
0,214 W Willow St - 39,Unit 39,439a2d12-822e-11f0-8b4b-02814898e98b,0b4fda57-2f1a-11ef-8b4b-02814898e98b,1db98752-22ff-11eb-9ba0-024e14449321,0
0,214 W Willow St - 4,Unit 4,9543aaf6-2300-11eb-9ba0-024e14449321,0b4fda57-2f1a-11ef-8b4b-02814898e98b,1db98752-22ff-11eb-9ba0-024e14449321,0
0,214 W Willow St - 4,Unit 4,96514d47-2300-11eb-9ba0-024e14449321,0b4fda57-2f1a-11ef-8b4b-02814898e98b,1db98752-22ff-11eb-9ba0-024e14449321,0
0,214 W Willow St - 4,Unit 4,9734fffd-2300-11eb-9ba0-024e14449321,0b4fda57-2f1a-11ef-8b4b-02814898e98b,1db98752-22ff-11eb-9ba0-024e14449321,0
0,214 W Willow St - 40,Unit 40,fae094bd-2300-11eb-9ba0-024e14449321,0b4fda57-2f1a-11ef-8b4b-02814898e98b,1db98752-22ff-11eb-9ba0-024e14449321,0
0,214 W Willow St - 40,Unit 40,fb65fdbc-2300-11eb-9ba0-024e14449321,0b4fda57-2f1a-11ef-8b4b-02814898e98b,1db98752-22ff-11eb-9ba0-024e14449321,0
0,214 W Willow St - 40,Unit 40,fc3362f4-2300-11eb-9ba0-024e14449321,0b4fda57-2f1a-11ef-8b4b-02814898e98b,1db98752-22ff-11eb-9ba0-024e14449321,0
0,214 W Willow St - 41,Unit 41,44523b28-822e-11f0-8b4b-02814898e98b,0b4fda57-2f1a-11ef-8b4b-02814898e98b,1db98752-22ff-11eb-9ba0-024e14449321,0
0,214 W Willow St - 42,Unit 42,44aa8923-822e-11f0-8b4b-02814898e98b,0b4fda57-2f1a-11ef-8b4b-02814898e98b,1db98752-22ff-11eb-9ba0-024e14449321,0
0,214 W Willow St - 43,Unit 43,44ffb619-822e-11f0-8b4b-02814898e98b,0b4fda57-2f1a-11ef-8b4b-02814898e98b,1db98752-22ff-11eb-9ba0-024e14449321,0
0,214 W Willow St - 44,Unit 44,45519317-822e-11f0-8b4b-02814898e98b,0b4fda57-2f1a-11ef-8b4b-02814898e98b,1db98752-22ff-11eb-9ba0-024e14449321,0
0,214 W Willow St - 45,Unit 45,45a8406f-822e-11f0-8b4b-02814898e98b,0b4fda57-2f1a-11ef-8b4b-02814898e98b,1db98752-22ff-11eb-9ba0-024e14449321,0
0,214 W Willow St - 46,Unit 46,0a625d27-2301-11eb-9ba0-024e14449321,0b4fda57-2f1a-11ef-8b4b-02814898e98b,1db98752-22ff-11eb-9ba0-024e14449321,0
0,214 W Willow St - 46,Unit 46,0ad0ec9b-2301-11eb-9ba0-024e14449321,0b4fda57-2f1a-11ef-8b4b-02814898e98b,1db98752-22ff-11eb-9ba0-024e14449321,0
0,214 W Willow St - 46,Unit 46,0b2c4f99-2301-11eb-9ba0-024e14449321,0b4fda57-2f1a-11ef-8b4b-02814898e98b,1db98752-22ff-11eb-9ba0-024e14449321,0
0,214 W Willow St - 48,Unit 48,46ba9d61-822e-11f0-8b4b-02814898e98b,0b4fda57-2f1a-11ef-8b4b-02814898e98b,1db98752-22ff-11eb-9ba0-024e14449321,0
0,214 W Willow St - 49,Unit 49,4711c134-822e-11f0-8b4b-02814898e98b,0b4fda57-2f1a-11ef-8b4b-02814898e98b,1db98752-22ff-11eb-9ba0-024e14449321,0
0,214 W Willow St - 5,Unit 5,99012088-2300-11eb-9ba0-024e14449321,fe8c69f9-2f18-11ef-8b4b-02814898e98b,1db98752-22ff-11eb-9ba0-024e14449321,0
0,214 W Willow St - 5,Unit 5,998e2934-2300-11eb-9ba0-024e14449321,fe8c69f9-2f18-11ef-8b4b-02814898e98b,1db98752-22ff-11eb-9ba0-024e14449321,0
0,214 W Willow St - 5,Unit 5,9a67f553-2300-11eb-9ba0-024e14449321,fe8c69f9-2f18-11ef-8b4b-02814898e98b,1db98752-22ff-11eb-9ba0-024e14449321,0
0,214 W Willow St - 50,Unit 50,4766e6c8-822e-11f0-8b4b-02814898e98b,0b4fda57-2f1a-11ef-8b4b-02814898e98b,1db98752-22ff-11eb-9ba0-024e14449321,0
0,214 W Willow St - 51,Unit 51,166aedba-2301-11eb-9ba0-024e14449321,0b4fda57-2f1a-11ef-8b4b-02814898e98b,1db98752-22ff-11eb-9ba0-024e14449321,0
0,214 W Willow St - 51,Unit 51,1769c9fd-2301-11eb-9ba0-024e14449321,0b4fda57-2f1a-11ef-8b4b-02814898e98b,1db98752-22ff-11eb-9ba0-024e14449321,0
0,214 W Willow St - 51,Unit 51,1804f8c7-2301-11eb-9ba0-024e14449321,0b4fda57-2f1a-11ef-8b4b-02814898e98b,1db98752-22ff-11eb-9ba0-024e14449321,0
0,214 W Willow St - 54,Unit 54,1eae3e8d-2301-11eb-9ba0-024e14449321,f42bac6a-21b5-11ef-8b4b-02814898e98b,1db98752-22ff-11eb-9ba0-024e14449321,0
0,214 W Willow St - 54,Unit 54,1f4b9a5e-2301-11eb-9ba0-024e14449321,f42bac6a-21b5-11ef-8b4b-02814898e98b,1db98752-22ff-11eb-9ba0-024e14449321,0
0,214 W Willow St - 55,Unit 55,490dcf4e-822e-11f0-8b4b-02814898e98b,0b4fda57-2f1a-11ef-8b4b-02814898e98b,1db98752-22ff-11eb-9ba0-024e14449321,0
0,214 W Willow St - 56,Unit 56,49709459-822e-11f0-8b4b-02814898e98b,0b4fda57-2f1a-11ef-8b4b-02814898e98b,1db98752-22ff-11eb-9ba0-024e14449321,0
0,214 W Willow St - 57,Unit 57,285d8a5b-2301-11eb-9ba0-024e14449321,0b4fda57-2f1a-11ef-8b4b-02814898e98b,1db98752-22ff-11eb-9ba0-024e14449321,0
0,214 W Willow St - 57,Unit 57,28e56883-2301-11eb-9ba0-024e14449321,0b4fda57-2f1a-11ef-8b4b-02814898e98b,1db98752-22ff-11eb-9ba0-024e14449321,0
0,214 W Willow St - 57,Unit 57,298ed697-2301-11eb-9ba0-024e14449321,0b4fda57-2f1a-11ef-8b4b-02814898e98b,1db98752-22ff-11eb-9ba0-024e14449321,0
0,214 W Willow St - 58,Unit 58,4a1c1c72-822e-11f0-8b4b-02814898e98b,0b4fda57-2f1a-11ef-8b4b-02814898e98b,1db98752-22ff-11eb-9ba0-024e14449321,0
0,214 W Willow St - 59,Unit 59,2d779254-2301-11eb-9ba0-024e14449321,0b4fda57-2f1a-11ef-8b4b-02814898e98b,1db98752-22ff-11eb-9ba0-024e14449321,0
0,214 W Willow St - 59,Unit 59,2e556f26-2301-11eb-9ba0-024e14449321,0b4fda57-2f1a-11ef-8b4b-02814898e98b,1db98752-22ff-11eb-9ba0-024e14449321,0
0,214 W Willow St - 59,Unit 59,2eee73f2-2301-11eb-9ba0-024e14449321,0b4fda57-2f1a-11ef-8b4b-02814898e98b,1db98752-22ff-11eb-9ba0-024e14449321,0
0,214 W Willow St - 6,Unit 6,385be0d7-822e-11f0-8b4b-02814898e98b,f42bac6a-21b5-11ef-8b4b-02814898e98b,1db98752-22ff-11eb-9ba0-024e14449321,0
0,214 W Willow St - 60,Unit 60,2f71ad42-2301-11eb-9ba0-024e14449321,0b4fda57-2f1a-11ef-8b4b-02814898e98b,1db98752-22ff-11eb-9ba0-024e14449321,0
0,214 W Willow St - 60,Unit 60,31492308-2301-11eb-9ba0-024e14449321,0b4fda57-2f1a-11ef-8b4b-02814898e98b,1db98752-22ff-11eb-9ba0-024e14449321,0
0,214 W Willow St - 60,Unit 60,32878117-2301-11eb-9ba0-024e14449321,0b4fda57-2f1a-11ef-8b4b-02814898e98b,1db98752-22ff-11eb-9ba0-024e14449321,0
0,214 W Willow St - 61,Unit 61,4b1de186-822e-11f0-8b4b-02814898e98b,0b4fda57-2f1a-11ef-8b4b-02814898e98b,1db98752-22ff-11eb-9ba0-024e14449321,0
0,214 W Willow St - 62,Unit 62,36702f65-2301-11eb-9ba0-024e14449321,0b4fda57-2f1a-11ef-8b4b-02814898e98b,1db98752-22ff-11eb-9ba0-024e14449321,0
0,214 W Willow St - 62,Unit 62,373c4991-2301-11eb-9ba0-024e14449321,0b4fda57-2f1a-11ef-8b4b-02814898e98b,1db98752-22ff-11eb-9ba0-024e14449321,0
0,214 W Willow St - 62,Unit 62,3873eda7-2301-11eb-9ba0-024e14449321,0b4fda57-2f1a-11ef-8b4b-02814898e98b,1db98752-22ff-11eb-9ba0-024e14449321,0
0,214 W Willow St - 63,Unit 63,4bc443d9-822e-11f0-8b4b-02814898e98b,0b4fda57-2f1a-11ef-8b4b-02814898e98b,1db98752-22ff-11eb-9ba0-024e14449321,0
0,214 W Willow St - 64,Unit 64,4c17ed70-822e-11f0-8b4b-02814898e98b,0b4fda57-2f1a-11ef-8b4b-02814898e98b,1db98752-22ff-11eb-9ba0-024e14449321,0
0,214 W Willow St - 65,Unit 65,3db1570e-2301-11eb-9ba0-024e14449321,0b4fda57-2f1a-11ef-8b4b-02814898e98b,1db98752-22ff-11eb-9ba0-024e14449321,0
0,214 W Willow St - 65,Unit 65,3e91536f-2301-11eb-9ba0-024e14449321,0b4fda57-2f1a-11ef-8b4b-02814898e98b,1db98752-22ff-11eb-9ba0-024e14449321,0
0,214 W Willow St - 65,Unit 65,3f7ff41d-2301-11eb-9ba0-024e14449321,0b4fda57-2f1a-11ef-8b4b-02814898e98b,1db98752-22ff-11eb-9ba0-024e14449321,0
0,214 W Willow St - 66,Unit 66,408832cc-2301-11eb-9ba0-024e14449321,0b4fda57-2f1a-11ef-8b4b-02814898e98b,1db98752-22ff-11eb-9ba0-024e14449321,0
0,214 W Willow St - 66,Unit 66,4137aaeb-2301-11eb-9ba0-024e14449321,0b4fda57-2f1a-11ef-8b4b-02814898e98b,1db98752-22ff-11eb-9ba0-024e14449321,0
0,214 W Willow St - 66,Unit 66,41dc0e41-2301-11eb-9ba0-024e14449321,0b4fda57-2f1a-11ef-8b4b-02814898e98b,1db98752-22ff-11eb-9ba0-024e14449321,0
0,214 W Willow St - 67,Unit 67,4d2c5822-822e-11f0-8b4b-02814898e98b,0b4fda57-2f1a-11ef-8b4b-02814898e98b,1db98752-22ff-11eb-9ba0-024e14449321,0
0,214 W Willow St - 68,Unit 68,4d8273fc-822e-11f0-8b4b-02814898e98b,0b4fda57-2f1a-11ef-8b4b-02814898e98b,1db98752-22ff-11eb-9ba0-024e14449321,0
0,214 W Willow St - 69,Unit 69,4dd8c2d0-822e-11f0-8b4b-02814898e98b,0b4fda57-2f1a-11ef-8b4b-02814898e98b,1db98752-22ff-11eb-9ba0-024e14449321,0
0,214 W Willow St - 70,Unit 70,4ac45335-2301-11eb-9ba0-024e14449321,0b4fda57-2f1a-11ef-8b4b-02814898e98b,1db98752-22ff-11eb-9ba0-024e14449321,0
0,214 W Willow St - 70,Unit 70,4b4c973e-2301-11eb-9ba0-024e14449321,0b4fda57-2f1a-11ef-8b4b-02814898e98b,1db98752-22ff-11eb-9ba0-024e14449321,0
0,214 W Willow St - 70,Unit 70,4be94d55-2301-11eb-9ba0-024e14449321,0b4fda57-2f1a-11ef-8b4b-02814898e98b,1db98752-22ff-11eb-9ba0-024e14449321,0
0,214 W Willow St - 71,Unit 71,4e89fa37-822e-11f0-8b4b-02814898e98b,0b4fda57-2f1a-11ef-8b4b-02814898e98b,1db98752-22ff-11eb-9ba0-024e14449321,0
0,214 W Willow St - 72,Unit 72,509b0ba3-2301-11eb-9ba0-024e14449321,0b4fda57-2f1a-11ef-8b4b-02814898e98b,1db98752-22ff-11eb-9ba0-024e14449321,0
0,214 W Willow St - 72,Unit 72,519e2a36-2301-11eb-9ba0-024e14449321,0b4fda57-2f1a-11ef-8b4b-02814898e98b,1db98752-22ff-11eb-9ba0-024e14449321,0
0,214 W Willow St - 72,Unit 72,52754a65-2301-11eb-9ba0-024e14449321,0b4fda57-2f1a-11ef-8b4b-02814898e98b,1db98752-22ff-11eb-9ba0-024e14449321,0
0,214 W Willow St - 73,Unit 73,53b55019-2301-11eb-9ba0-024e14449321,515ae1fa-2f19-11ef-8b4b-02814898e98b,1db98752-22ff-11eb-9ba0-024e14449321,0
0,214 W Willow St - 73,Unit 73,544cef88-2301-11eb-9ba0-024e14449321,515ae1fa-2f19-11ef-8b4b-02814898e98b,1db98752-22ff-11eb-9ba0-024e14449321,0
0,214 W Willow St - 73,Unit 73,552ddd40-2301-11eb-9ba0-024e14449321,515ae1fa-2f19-11ef-8b4b-02814898e98b,1db98752-22ff-11eb-9ba0-024e14449321,0
0,214 W Willow St - 74,Unit 74,56d49b3e-2301-11eb-9ba0-024e14449321,515ae1fa-2f19-11ef-8b4b-02814898e98b,1db98752-22ff-11eb-9ba0-024e14449321,0
0,214 W Willow St - 74,Unit 74,5770a42f-2301-11eb-9ba0-024e14449321,515ae1fa-2f19-11ef-8b4b-02814898e98b,1db98752-22ff-11eb-9ba0-024e14449321,0
0,214 W Willow St - 74,Unit 74,58ce7e76-2301-11eb-9ba0-024e14449321,515ae1fa-2f19-11ef-8b4b-02814898e98b,1db98752-22ff-11eb-9ba0-024e14449321,0
0,214 W Willow St - 75,Unit 75,5a0334a6-2301-11eb-9ba0-024e14449321,515ae1fa-2f19-11ef-8b4b-02814898e98b,1db98752-22ff-11eb-9ba0-024e14449321,0
0,214 W Willow St - 75,Unit 75,5adb9695-2301-11eb-9ba0-024e14449321,515ae1fa-2f19-11ef-8b4b-02814898e98b,1db98752-22ff-11eb-9ba0-024e14449321,0
0,214 W Willow St - 75,Unit 75,5b8e6639-2301-11eb-9ba0-024e14449321,515ae1fa-2f19-11ef-8b4b-02814898e98b,1db98752-22ff-11eb-9ba0-024e14449321,0
0,214 W Willow St - 76,Unit 76,504fc85f-822e-11f0-8b4b-02814898e98b,\N,1db98752-22ff-11eb-9ba0-024e14449321,0
0,214 W Willow St - 77,Unit 77,507fb85d-822e-11f0-8b4b-02814898e98b,\N,1db98752-22ff-11eb-9ba0-024e14449321,0
0,214 W Willow St - 78,Unit 78,50b003fa-822e-11f0-8b4b-02814898e98b,f42bac6a-21b5-11ef-8b4b-02814898e98b,1db98752-22ff-11eb-9ba0-024e14449321,0
0,214 W Willow St - 79,Unit 79,66bede23-2301-11eb-9ba0-024e14449321,f42bac6a-21b5-11ef-8b4b-02814898e98b,1db98752-22ff-11eb-9ba0-024e14449321,0
0,214 W Willow St - 79,Unit 79,67c82988-2301-11eb-9ba0-024e14449321,f42bac6a-21b5-11ef-8b4b-02814898e98b,1db98752-22ff-11eb-9ba0-024e14449321,0
0,214 W Willow St - 8,Unit 8,a0ecb556-2300-11eb-9ba0-024e14449321,0b4fda57-2f1a-11ef-8b4b-02814898e98b,1db98752-22ff-11eb-9ba0-024e14449321,0
0,214 W Willow St - 8,Unit 8,a19e5ddc-2300-11eb-9ba0-024e14449321,0b4fda57-2f1a-11ef-8b4b-02814898e98b,1db98752-22ff-11eb-9ba0-024e14449321,0
0,214 W Willow St - 8,Unit 8,a223b8ba-2300-11eb-9ba0-024e14449321,0b4fda57-2f1a-11ef-8b4b-02814898e98b,1db98752-22ff-11eb-9ba0-024e14449321,0
0,214 W Willow St - 9,Unit 9,39741cce-822e-11f0-8b4b-02814898e98b,515ae1fa-2f19-11ef-8b4b-02814898e98b,1db98752-22ff-11eb-9ba0-024e14449321,0
0,214 W. Willow,Unit 32,e75a8fd0-2300-11eb-9ba0-024e14449321,f42bac6a-21b5-11ef-8b4b-02814898e98b,1db98752-22ff-11eb-9ba0-024e14449321,0
0,214 W. Willow,Unit 32,e827e9fc-2300-11eb-9ba0-024e14449321,f42bac6a-21b5-11ef-8b4b-02814898e98b,1db98752-22ff-11eb-9ba0-024e14449321,0
0,214 W. Willow,Unit 47,0b8e70d9-2301-11eb-9ba0-024e14449321,0b4fda57-2f1a-11ef-8b4b-02814898e98b,1db98752-22ff-11eb-9ba0-024e14449321,0
0,214 W. Willow,Unit 47,0cc48a01-2301-11eb-9ba0-024e14449321,0b4fda57-2f1a-11ef-8b4b-02814898e98b,1db98752-22ff-11eb-9ba0-024e14449321,0
0,214 W. Willow,Unit 47,0d4cb645-2301-11eb-9ba0-024e14449321,0b4fda57-2f1a-11ef-8b4b-02814898e98b,1db98752-22ff-11eb-9ba0-024e14449321,0
0,214 W. Willow,Unit 53,4864a74c-822e-11f0-8b4b-02814898e98b,f42bac6a-21b5-11ef-8b4b-02814898e98b,1db98752-22ff-11eb-9ba0-024e14449321,0
0,214 W. Willow,Unit 7,38bf99f5-822e-11f0-8b4b-02814898e98b,f42bac6a-21b5-11ef-8b4b-02814898e98b,1db98752-22ff-11eb-9ba0-024e14449321,0
0,214 W. Willow,Unit 10,a730c726-2300-11eb-9ba0-024e14449321,515ae1fa-2f19-11ef-8b4b-02814898e98b,1db98752-22ff-11eb-9ba0-024e14449321,0
0,214 W. Willow,Unit 10,a7ff8f63-2300-11eb-9ba0-024e14449321,515ae1fa-2f19-11ef-8b4b-02814898e98b,1db98752-22ff-11eb-9ba0-024e14449321,0
0,214 W. Willow,Unit 10,a88e2cde-2300-11eb-9ba0-024e14449321,515ae1fa-2f19-11ef-8b4b-02814898e98b,1db98752-22ff-11eb-9ba0-024e14449321,0
0,216 Crossing Drive,,9c8d89b8-0e7f-11f1-8b4b-02814898e98b,\N,9c3e7266-0e7f-11f1-8b4b-02814898e98b,0
0,216 W. Mulberry,Unit 1,05881c79-d469-11ef-8b4b-02814898e98b,795c97a4-281b-11ef-8b4b-02814898e98b,1c0127a0-22ff-11eb-9ba0-024e14449321,0
0,216 W. Mulberry,Unit 2,073735c3-d469-11ef-8b4b-02814898e98b,774ab63c-281c-11ef-8b4b-02814898e98b,1c0127a0-22ff-11eb-9ba0-024e14449321,0
0,216 W. Mulberry,Unit 3,3c161499-2301-11eb-9ba0-024e14449321,e3544dd8-281b-11ef-8b4b-02814898e98b,1c0127a0-22ff-11eb-9ba0-024e14449321,0
0,216 W. Mulberry,Unit 3,3ca20923-2301-11eb-9ba0-024e14449321,e3544dd8-281b-11ef-8b4b-02814898e98b,1c0127a0-22ff-11eb-9ba0-024e14449321,0
0,216 W. Mulberry,Unit 3,3dd7b170-2301-11eb-9ba0-024e14449321,e3544dd8-281b-11ef-8b4b-02814898e98b,1c0127a0-22ff-11eb-9ba0-024e14449321,0
0,216 W. Mulberry,Unit 4,0b50e43a-d469-11ef-8b4b-02814898e98b,e3544dd8-281b-11ef-8b4b-02814898e98b,1c0127a0-22ff-11eb-9ba0-024e14449321,0
0,216 W. Mulberry,Unit 5,0cf09515-d469-11ef-8b4b-02814898e98b,052d781d-d469-11ef-8b4b-02814898e98b,1c0127a0-22ff-11eb-9ba0-024e14449321,0
0,216 W. Mulberry,Unit 6,0ed95acb-d469-11ef-8b4b-02814898e98b,2392cd3b-281c-11ef-8b4b-02814898e98b,1c0127a0-22ff-11eb-9ba0-024e14449321,0
0,216 W. Mulberry,Unit 7,1097f529-d469-11ef-8b4b-02814898e98b,795c97a4-281b-11ef-8b4b-02814898e98b,1c0127a0-22ff-11eb-9ba0-024e14449321,0
0,216 W. Mulberry,Unit 8,12b35671-d469-11ef-8b4b-02814898e98b,795c97a4-281b-11ef-8b4b-02814898e98b,1c0127a0-22ff-11eb-9ba0-024e14449321,0
0,216 W. Mulberry,Unit 9,14d6207e-d469-11ef-8b4b-02814898e98b,795c97a4-281b-11ef-8b4b-02814898e98b,1c0127a0-22ff-11eb-9ba0-024e14449321,0
0,216 W. Mulberry,Unit 10,16d906dc-d469-11ef-8b4b-02814898e98b,774ab63c-281c-11ef-8b4b-02814898e98b,1c0127a0-22ff-11eb-9ba0-024e14449321,0
0,216 W. Mulberry,Unit 11,18685d0a-d469-11ef-8b4b-02814898e98b,e3544dd8-281b-11ef-8b4b-02814898e98b,1c0127a0-22ff-11eb-9ba0-024e14449321,0
0,216 W. Mulberry,Unit 12,1a91aac6-d469-11ef-8b4b-02814898e98b,e3544dd8-281b-11ef-8b4b-02814898e98b,1c0127a0-22ff-11eb-9ba0-024e14449321,0
0,216 W. Mulberry,Unit 13,1c8bd78a-d469-11ef-8b4b-02814898e98b,0536a930-d469-11ef-8b4b-02814898e98b,1c0127a0-22ff-11eb-9ba0-024e14449321,0
0,216 W. Mulberry,Unit 14,1e34d723-d469-11ef-8b4b-02814898e98b,2392cd3b-281c-11ef-8b4b-02814898e98b,1c0127a0-22ff-11eb-9ba0-024e14449321,0
0,216 W. Mulberry,Unit 15,20251d0a-d469-11ef-8b4b-02814898e98b,795c97a4-281b-11ef-8b4b-02814898e98b,1c0127a0-22ff-11eb-9ba0-024e14449321,0
0,216 W. Mulberry,Unit 16,21fa1768-d469-11ef-8b4b-02814898e98b,795c97a4-281b-11ef-8b4b-02814898e98b,1c0127a0-22ff-11eb-9ba0-024e14449321,0
0,216 W. Mulberry,Unit 17,23fdd6a6-d469-11ef-8b4b-02814898e98b,795c97a4-281b-11ef-8b4b-02814898e98b,1c0127a0-22ff-11eb-9ba0-024e14449321,0
0,216 W. Mulberry,Unit 18,25f5405d-d469-11ef-8b4b-02814898e98b,774ab63c-281c-11ef-8b4b-02814898e98b,1c0127a0-22ff-11eb-9ba0-024e14449321,0
0,216 W. Mulberry,Unit 19,298462cb-d469-11ef-8b4b-02814898e98b,e3544dd8-281b-11ef-8b4b-02814898e98b,1c0127a0-22ff-11eb-9ba0-024e14449321,0
0,216 W. Mulberry,Unit 20,2bb897f5-d469-11ef-8b4b-02814898e98b,774ab63c-281c-11ef-8b4b-02814898e98b,1c0127a0-22ff-11eb-9ba0-024e14449321,0
0,216 W. Mulberry,Unit 21,2db4101c-d469-11ef-8b4b-02814898e98b,2392cd3b-281c-11ef-8b4b-02814898e98b,1c0127a0-22ff-11eb-9ba0-024e14449321,0
0,216 W. Mulberry,Unit 22,2fb997ef-d469-11ef-8b4b-02814898e98b,2392cd3b-281c-11ef-8b4b-02814898e98b,1c0127a0-22ff-11eb-9ba0-024e14449321,0
0,216 W. Mulberry,Unit 23,316d4e7e-d469-11ef-8b4b-02814898e98b,795c97a4-281b-11ef-8b4b-02814898e98b,1c0127a0-22ff-11eb-9ba0-024e14449321,0
0,216 W. Mulberry,Unit 24,33022d38-d469-11ef-8b4b-02814898e98b,795c97a4-281b-11ef-8b4b-02814898e98b,1c0127a0-22ff-11eb-9ba0-024e14449321,0
0,216 W. Mulberry,Unit 25,34ee1ce6-d469-11ef-8b4b-02814898e98b,795c97a4-281b-11ef-8b4b-02814898e98b,1c0127a0-22ff-11eb-9ba0-024e14449321,0
0,216 W. Mulberry,Unit 26,36a73b39-d469-11ef-8b4b-02814898e98b,774ab63c-281c-11ef-8b4b-02814898e98b,1c0127a0-22ff-11eb-9ba0-024e14449321,0
0,216 W. Mulberry,Unit 27,38ea0a52-d469-11ef-8b4b-02814898e98b,e3544dd8-281b-11ef-8b4b-02814898e98b,1c0127a0-22ff-11eb-9ba0-024e14449321,0
0,216 W. Mulberry,Unit 28,3ab7f325-d469-11ef-8b4b-02814898e98b,e3544dd8-281b-11ef-8b4b-02814898e98b,1c0127a0-22ff-11eb-9ba0-024e14449321,0
0,216 W. Mulberry,Unit 29,3d217e0f-d469-11ef-8b4b-02814898e98b,0545edca-d469-11ef-8b4b-02814898e98b,1c0127a0-22ff-11eb-9ba0-024e14449321,0
0,216 W. Mulberry,Unit 30,3f115579-d469-11ef-8b4b-02814898e98b,2392cd3b-281c-11ef-8b4b-02814898e98b,1c0127a0-22ff-11eb-9ba0-024e14449321,0
0,216 W. Mulberry,Unit 32,4250cc55-d469-11ef-8b4b-02814898e98b,795c97a4-281b-11ef-8b4b-02814898e98b,1c0127a0-22ff-11eb-9ba0-024e14449321,0
0,216 W. Mulberry - 31.2,Unit 31,40cea0ce-d469-11ef-8b4b-02814898e98b,054a490c-d469-11ef-8b4b-02814898e98b,1c0127a0-22ff-11eb-9ba0-024e14449321,0
0,217 Crossing Drive,,e034192e-55c9-11ef-8b4b-02814898e98b,\N,e000dba6-55c9-11ef-8b4b-02814898e98b,0
0,218 Maple Ave,,d684c4e2-051d-11f1-8b4b-02814898e98b,9472957f-06ca-11f1-8b4b-02814898e98b,d5b80fd6-051d-11f1-8b4b-02814898e98b,0
0,219 Crossing Drive,,9cddc540-55ca-11ef-8b4b-02814898e98b,\N,9cac0018-55ca-11ef-8b4b-02814898e98b,0
0,220 Crossing Drive,,d203e0ed-0e7f-11f1-8b4b-02814898e98b,\N,d1a408d3-0e7f-11f1-8b4b-02814898e98b,0
0,220 Ivanhoe Way,,db4ec88c-f61b-11ef-8b4b-02814898e98b,\N,db139e34-f61b-11ef-8b4b-02814898e98b,0
0,221 Crossing Drive,,4715ec02-c053-11ee-8b4b-02814898e98b,\N,46f5f7ac-c053-11ee-8b4b-02814898e98b,0
0,2215 W. Willow Knolls Road,Unit 100,76e71b1c-037e-11f1-8b4b-02814898e98b,d9703f4f-05f8-11f1-8b4b-02814898e98b,74ee9c93-037e-11f1-8b4b-02814898e98b,0
0,2215 W. Willow Knolls Road,Unit 101,76f3eacc-037e-11f1-8b4b-02814898e98b,40c0cd80-05f9-11f1-8b4b-02814898e98b,74ee9c93-037e-11f1-8b4b-02814898e98b,0
0,2215 W. Willow Knolls Road,Unit 102,7701681f-037e-11f1-8b4b-02814898e98b,84befb50-05f9-11f1-8b4b-02814898e98b,74ee9c93-037e-11f1-8b4b-02814898e98b,0
0,2215 W. Willow Knolls Road,Unit 104,770e2450-037e-11f1-8b4b-02814898e98b,40c0cd80-05f9-11f1-8b4b-02814898e98b,74ee9c93-037e-11f1-8b4b-02814898e98b,0
0,2215 W. Willow Knolls Road,Unit 106,771c7de8-037e-11f1-8b4b-02814898e98b,40c0cd80-05f9-11f1-8b4b-02814898e98b,74ee9c93-037e-11f1-8b4b-02814898e98b,0
0,2215 W. Willow Knolls Road,Unit 108,772a1064-037e-11f1-8b4b-02814898e98b,d9703f4f-05f8-11f1-8b4b-02814898e98b,74ee9c93-037e-11f1-8b4b-02814898e98b,0
0,2215 W. Willow Knolls Road,Unit 201,7736e293-037e-11f1-8b4b-02814898e98b,40c0cd80-05f9-11f1-8b4b-02814898e98b,74ee9c93-037e-11f1-8b4b-02814898e98b,0
0,2215 W. Willow Knolls Road,Unit 202,77460392-037e-11f1-8b4b-02814898e98b,40c0cd80-05f9-11f1-8b4b-02814898e98b,74ee9c93-037e-11f1-8b4b-02814898e98b,0
1,2215 W. Willow Knolls Road,Unit 203,77545748-037e-11f1-8b4b-02814898e98b,40c0cd80-05f9-11f1-8b4b-02814898e98b,74ee9c93-037e-11f1-8b4b-02814898e98b,0
0,2215 W. Willow Knolls Road,Unit 204,7761596d-037e-11f1-8b4b-02814898e98b,40c0cd80-05f9-11f1-8b4b-02814898e98b,74ee9c93-037e-11f1-8b4b-02814898e98b,0
0,2215 W. Willow Knolls Road,Unit 205,776fa319-037e-11f1-8b4b-02814898e98b,40c0cd80-05f9-11f1-8b4b-02814898e98b,74ee9c93-037e-11f1-8b4b-02814898e98b,0
0,2215 W. Willow Knolls Road,Unit 206,7780bc17-037e-11f1-8b4b-02814898e98b,40c0cd80-05f9-11f1-8b4b-02814898e98b,74ee9c93-037e-11f1-8b4b-02814898e98b,0
0,2215 W. Willow Knolls Road,Unit 207,77959138-037e-11f1-8b4b-02814898e98b,40c0cd80-05f9-11f1-8b4b-02814898e98b,74ee9c93-037e-11f1-8b4b-02814898e98b,0
0,2215 W. Willow Knolls Road,Unit 208,77a58012-037e-11f1-8b4b-02814898e98b,40c0cd80-05f9-11f1-8b4b-02814898e98b,74ee9c93-037e-11f1-8b4b-02814898e98b,0
0,2215 W. Willow Knolls Road,Unit 209,77bdf70d-037e-11f1-8b4b-02814898e98b,40c0cd80-05f9-11f1-8b4b-02814898e98b,74ee9c93-037e-11f1-8b4b-02814898e98b,0
0,2215 W. Willow Knolls Road,Unit 210,77d41002-037e-11f1-8b4b-02814898e98b,40c0cd80-05f9-11f1-8b4b-02814898e98b,74ee9c93-037e-11f1-8b4b-02814898e98b,0
0,2215 W. Willow Knolls Road,Unit 211,77eb0790-037e-11f1-8b4b-02814898e98b,40c0cd80-05f9-11f1-8b4b-02814898e98b,74ee9c93-037e-11f1-8b4b-02814898e98b,0
0,2215 W. Willow Knolls Road,Unit 212,78037e6c-037e-11f1-8b4b-02814898e98b,40c0cd80-05f9-11f1-8b4b-02814898e98b,74ee9c93-037e-11f1-8b4b-02814898e98b,0
0,2215 W. Willow Knolls Road,Unit 213,78208c92-037e-11f1-8b4b-02814898e98b,d9703f4f-05f8-11f1-8b4b-02814898e98b,74ee9c93-037e-11f1-8b4b-02814898e98b,0
0,2215 W. Willow Knolls Road,Unit 214,78398147-037e-11f1-8b4b-02814898e98b,d9703f4f-05f8-11f1-8b4b-02814898e98b,74ee9c93-037e-11f1-8b4b-02814898e98b,0
0,2215 W. Willow Knolls Road,Unit 301,78523353-037e-11f1-8b4b-02814898e98b,40c0cd80-05f9-11f1-8b4b-02814898e98b,74ee9c93-037e-11f1-8b4b-02814898e98b,0
1,2215 W. Willow Knolls Road,Unit 302,7876302d-037e-11f1-8b4b-02814898e98b,40c0cd80-05f9-11f1-8b4b-02814898e98b,74ee9c93-037e-11f1-8b4b-02814898e98b,0
0,2215 W. Willow Knolls Road,Unit 303,788a1570-037e-11f1-8b4b-02814898e98b,40c0cd80-05f9-11f1-8b4b-02814898e98b,74ee9c93-037e-11f1-8b4b-02814898e98b,0
0,2215 W. Willow Knolls Road,Unit 304,789da13d-037e-11f1-8b4b-02814898e98b,40c0cd80-05f9-11f1-8b4b-02814898e98b,74ee9c93-037e-11f1-8b4b-02814898e98b,0
0,2215 W. Willow Knolls Road,Unit 305,78ba4c01-037e-11f1-8b4b-02814898e98b,40c0cd80-05f9-11f1-8b4b-02814898e98b,74ee9c93-037e-11f1-8b4b-02814898e98b,0
1,2215 W. Willow Knolls Road,Unit 306,78d26ad0-037e-11f1-8b4b-02814898e98b,40c0cd80-05f9-11f1-8b4b-02814898e98b,74ee9c93-037e-11f1-8b4b-02814898e98b,0
0,2215 W. Willow Knolls Road,Unit 307,78e7c12c-037e-11f1-8b4b-02814898e98b,40c0cd80-05f9-11f1-8b4b-02814898e98b,74ee9c93-037e-11f1-8b4b-02814898e98b,0
0,2215 W. Willow Knolls Road,Unit 308,7900734b-037e-11f1-8b4b-02814898e98b,40c0cd80-05f9-11f1-8b4b-02814898e98b,74ee9c93-037e-11f1-8b4b-02814898e98b,0
0,2215 W. Willow Knolls Road,Unit 309,791abad5-037e-11f1-8b4b-02814898e98b,40c0cd80-05f9-11f1-8b4b-02814898e98b,74ee9c93-037e-11f1-8b4b-02814898e98b,0
0,2215 W. Willow Knolls Road,Unit 310,7931c38b-037e-11f1-8b4b-02814898e98b,40c0cd80-05f9-11f1-8b4b-02814898e98b,74ee9c93-037e-11f1-8b4b-02814898e98b,0
0,2215 W. Willow Knolls Road,Unit 311,794bea09-037e-11f1-8b4b-02814898e98b,40c0cd80-05f9-11f1-8b4b-02814898e98b,74ee9c93-037e-11f1-8b4b-02814898e98b,0
0,2215 W. Willow Knolls Road,Unit 312,79693e59-037e-11f1-8b4b-02814898e98b,40c0cd80-05f9-11f1-8b4b-02814898e98b,74ee9c93-037e-11f1-8b4b-02814898e98b,0
0,2215 W. Willow Knolls Road,Unit 313,797db8f8-037e-11f1-8b4b-02814898e98b,d9703f4f-05f8-11f1-8b4b-02814898e98b,74ee9c93-037e-11f1-8b4b-02814898e98b,0
0,2215 W. Willow Knolls Road,Unit 314,79930145-037e-11f1-8b4b-02814898e98b,d9703f4f-05f8-11f1-8b4b-02814898e98b,74ee9c93-037e-11f1-8b4b-02814898e98b,0
1,2215 W. Willow Knolls Road,Unit 401,79b076f1-037e-11f1-8b4b-02814898e98b,40c0cd80-05f9-11f1-8b4b-02814898e98b,74ee9c93-037e-11f1-8b4b-02814898e98b,0
0,2215 W. Willow Knolls Road,Unit 402,79c7262a-037e-11f1-8b4b-02814898e98b,40c0cd80-05f9-11f1-8b4b-02814898e98b,74ee9c93-037e-11f1-8b4b-02814898e98b,0
0,2215 W. Willow Knolls Road,Unit 403,79ddc2cd-037e-11f1-8b4b-02814898e98b,40c0cd80-05f9-11f1-8b4b-02814898e98b,74ee9c93-037e-11f1-8b4b-02814898e98b,0
0,2215 W. Willow Knolls Road,Unit 404,7a02f159-037e-11f1-8b4b-02814898e98b,40c0cd80-05f9-11f1-8b4b-02814898e98b,74ee9c93-037e-11f1-8b4b-02814898e98b,0
0,2215 W. Willow Knolls Road,Unit 405,7a15365e-037e-11f1-8b4b-02814898e98b,40c0cd80-05f9-11f1-8b4b-02814898e98b,74ee9c93-037e-11f1-8b4b-02814898e98b,0
0,2215 W. Willow Knolls Road,Unit 406,7a27e144-037e-11f1-8b4b-02814898e98b,40c0cd80-05f9-11f1-8b4b-02814898e98b,74ee9c93-037e-11f1-8b4b-02814898e98b,0
0,2215 W. Willow Knolls Road,Unit 407,7a3ab3c8-037e-11f1-8b4b-02814898e98b,40c0cd80-05f9-11f1-8b4b-02814898e98b,74ee9c93-037e-11f1-8b4b-02814898e98b,0
0,2215 W. Willow Knolls Road,Unit 408,7a4b1543-037e-11f1-8b4b-02814898e98b,40c0cd80-05f9-11f1-8b4b-02814898e98b,74ee9c93-037e-11f1-8b4b-02814898e98b,0
0,2215 W. Willow Knolls Road,Unit 409,7a5b732d-037e-11f1-8b4b-02814898e98b,40c0cd80-05f9-11f1-8b4b-02814898e98b,74ee9c93-037e-11f1-8b4b-02814898e98b,0
1,2215 W. Willow Knolls Road,Unit 410,7a6c19c7-037e-11f1-8b4b-02814898e98b,40c0cd80-05f9-11f1-8b4b-02814898e98b,74ee9c93-037e-11f1-8b4b-02814898e98b,0
0,2215 W. Willow Knolls Road,Unit 411,7a7985c3-037e-11f1-8b4b-02814898e98b,40c0cd80-05f9-11f1-8b4b-02814898e98b,74ee9c93-037e-11f1-8b4b-02814898e98b,0
0,2215 W. Willow Knolls Road,Unit 412,7a8a7576-037e-11f1-8b4b-02814898e98b,40c0cd80-05f9-11f1-8b4b-02814898e98b,74ee9c93-037e-11f1-8b4b-02814898e98b,0
0,2215 W. Willow Knolls Road,Unit 414,7a9e154a-037e-11f1-8b4b-02814898e98b,d9703f4f-05f8-11f1-8b4b-02814898e98b,74ee9c93-037e-11f1-8b4b-02814898e98b,0
0,2215 W. Willow Knolls Road,Unit 501,7abea166-037e-11f1-8b4b-02814898e98b,40c0cd80-05f9-11f1-8b4b-02814898e98b,74ee9c93-037e-11f1-8b4b-02814898e98b,0
1,2215 W. Willow Knolls Road,Unit 502,7ad47cb6-037e-11f1-8b4b-02814898e98b,40c0cd80-05f9-11f1-8b4b-02814898e98b,74ee9c93-037e-11f1-8b4b-02814898e98b,0
0,2215 W. Willow Knolls Road,Unit 503,7aec504b-037e-11f1-8b4b-02814898e98b,40c0cd80-05f9-11f1-8b4b-02814898e98b,74ee9c93-037e-11f1-8b4b-02814898e98b,0
0,2215 W. Willow Knolls Road,Unit 504,7b07c016-037e-11f1-8b4b-02814898e98b,40c0cd80-05f9-11f1-8b4b-02814898e98b,74ee9c93-037e-11f1-8b4b-02814898e98b,0
0,2215 W. Willow Knolls Road,Unit 505,7b213054-037e-11f1-8b4b-02814898e98b,40c0cd80-05f9-11f1-8b4b-02814898e98b,74ee9c93-037e-11f1-8b4b-02814898e98b,0
0,2215 W. Willow Knolls Road,Unit 506,7b3c0f6f-037e-11f1-8b4b-02814898e98b,40c0cd80-05f9-11f1-8b4b-02814898e98b,74ee9c93-037e-11f1-8b4b-02814898e98b,0
0,2215 W. Willow Knolls Road,Unit 507,7b537a9c-037e-11f1-8b4b-02814898e98b,40c0cd80-05f9-11f1-8b4b-02814898e98b,74ee9c93-037e-11f1-8b4b-02814898e98b,0
0,2215 W. Willow Knolls Road,Unit 508,7b615b32-037e-11f1-8b4b-02814898e98b,40c0cd80-05f9-11f1-8b4b-02814898e98b,74ee9c93-037e-11f1-8b4b-02814898e98b,0
0,2215 W. Willow Knolls Road,Unit 509,7b72b9b0-037e-11f1-8b4b-02814898e98b,40c0cd80-05f9-11f1-8b4b-02814898e98b,74ee9c93-037e-11f1-8b4b-02814898e98b,0
0,2215 W. Willow Knolls Road,Unit 510,7b8a43c4-037e-11f1-8b4b-02814898e98b,40c0cd80-05f9-11f1-8b4b-02814898e98b,74ee9c93-037e-11f1-8b4b-02814898e98b,0
0,2215 W. Willow Knolls Road,Unit 511,7ba2210f-037e-11f1-8b4b-02814898e98b,40c0cd80-05f9-11f1-8b4b-02814898e98b,74ee9c93-037e-11f1-8b4b-02814898e98b,0
0,2215 W. Willow Knolls Road,Unit 512,7bb4dec8-037e-11f1-8b4b-02814898e98b,40c0cd80-05f9-11f1-8b4b-02814898e98b,74ee9c93-037e-11f1-8b4b-02814898e98b,0
0,2215 W. Willow Knolls Road,Unit 513,7bc43e08-037e-11f1-8b4b-02814898e98b,d9703f4f-05f8-11f1-8b4b-02814898e98b,74ee9c93-037e-11f1-8b4b-02814898e98b,0
0,2215 W. Willow Knolls Road,Unit 514,7bd2bb19-037e-11f1-8b4b-02814898e98b,d9703f4f-05f8-11f1-8b4b-02814898e98b,74ee9c93-037e-11f1-8b4b-02814898e98b,0
0,2215 W. Willow Knolls Road,Unit 601,7be58714-037e-11f1-8b4b-02814898e98b,40c0cd80-05f9-11f1-8b4b-02814898e98b,74ee9c93-037e-11f1-8b4b-02814898e98b,0
0,2215 W. Willow Knolls Road,Unit 602,7bf5ab15-037e-11f1-8b4b-02814898e98b,40c0cd80-05f9-11f1-8b4b-02814898e98b,74ee9c93-037e-11f1-8b4b-02814898e98b,0
0,2215 W. Willow Knolls Road,Unit 603,7c06ff1c-037e-11f1-8b4b-02814898e98b,40c0cd80-05f9-11f1-8b4b-02814898e98b,74ee9c93-037e-11f1-8b4b-02814898e98b,0
0,2215 W. Willow Knolls Road,Unit 604,7c17f915-037e-11f1-8b4b-02814898e98b,40c0cd80-05f9-11f1-8b4b-02814898e98b,74ee9c93-037e-11f1-8b4b-02814898e98b,0
1,2215 W. Willow Knolls Road,Unit 605,7c27bf62-037e-11f1-8b4b-02814898e98b,40c0cd80-05f9-11f1-8b4b-02814898e98b,74ee9c93-037e-11f1-8b4b-02814898e98b,0
0,2215 W. Willow Knolls Road,Unit 606,7c381870-037e-11f1-8b4b-02814898e98b,40c0cd80-05f9-11f1-8b4b-02814898e98b,74ee9c93-037e-11f1-8b4b-02814898e98b,0
0,2215 W. Willow Knolls Road,Unit 607,7c48f9ee-037e-11f1-8b4b-02814898e98b,40c0cd80-05f9-11f1-8b4b-02814898e98b,74ee9c93-037e-11f1-8b4b-02814898e98b,0
0,2215 W. Willow Knolls Road,Unit 608,7c5dd1fd-037e-11f1-8b4b-02814898e98b,40c0cd80-05f9-11f1-8b4b-02814898e98b,74ee9c93-037e-11f1-8b4b-02814898e98b,0
0,2215 W. Willow Knolls Road,Unit 609,7c6f84a2-037e-11f1-8b4b-02814898e98b,40c0cd80-05f9-11f1-8b4b-02814898e98b,74ee9c93-037e-11f1-8b4b-02814898e98b,0
0,2215 W. Willow Knolls Road,Unit 610,7c836f30-037e-11f1-8b4b-02814898e98b,40c0cd80-05f9-11f1-8b4b-02814898e98b,74ee9c93-037e-11f1-8b4b-02814898e98b,0
1,2215 W. Willow Knolls Road,Unit 611,7c952c41-037e-11f1-8b4b-02814898e98b,40c0cd80-05f9-11f1-8b4b-02814898e98b,74ee9c93-037e-11f1-8b4b-02814898e98b,0
0,2215 W. Willow Knolls Road,Unit 612,7ca83f74-037e-11f1-8b4b-02814898e98b,40c0cd80-05f9-11f1-8b4b-02814898e98b,74ee9c93-037e-11f1-8b4b-02814898e98b,0
0,2215 W. Willow Knolls Road,Unit 613,7cb85c0e-037e-11f1-8b4b-02814898e98b,d9703f4f-05f8-11f1-8b4b-02814898e98b,74ee9c93-037e-11f1-8b4b-02814898e98b,0
0,2215 W. Willow Knolls Road,Unit 614,7ccc4535-037e-11f1-8b4b-02814898e98b,d9703f4f-05f8-11f1-8b4b-02814898e98b,74ee9c93-037e-11f1-8b4b-02814898e98b,0
0,2215 W. Willow Knolls Road,Unit 701,7cdbfb65-037e-11f1-8b4b-02814898e98b,d9703f4f-05f8-11f1-8b4b-02814898e98b,74ee9c93-037e-11f1-8b4b-02814898e98b,0
0,2215 W. Willow Knolls Road,Unit 702,7ced6b98-037e-11f1-8b4b-02814898e98b,d9703f4f-05f8-11f1-8b4b-02814898e98b,74ee9c93-037e-11f1-8b4b-02814898e98b,0
0,2215 W. Willow Knolls Road,Unit 703,7cfd24ef-037e-11f1-8b4b-02814898e98b,d9703f4f-05f8-11f1-8b4b-02814898e98b,74ee9c93-037e-11f1-8b4b-02814898e98b,0
0,2215 W. Willow Knolls Road,Unit 704,7d0cb2cb-037e-11f1-8b4b-02814898e98b,d9703f4f-05f8-11f1-8b4b-02814898e98b,74ee9c93-037e-11f1-8b4b-02814898e98b,0
0,2215 W. Willow Knolls Road,Unit 705,7d1d7d68-037e-11f1-8b4b-02814898e98b,d9703f4f-05f8-11f1-8b4b-02814898e98b,74ee9c93-037e-11f1-8b4b-02814898e98b,0
0,2215 W. Willow Knolls Road,Unit 706,7d2c9c8d-037e-11f1-8b4b-02814898e98b,d9703f4f-05f8-11f1-8b4b-02814898e98b,74ee9c93-037e-11f1-8b4b-02814898e98b,0
0,2215 W. Willow Knolls Road,Unit 707,7d3ce91d-037e-11f1-8b4b-02814898e98b,d9703f4f-05f8-11f1-8b4b-02814898e98b,74ee9c93-037e-11f1-8b4b-02814898e98b,0
0,2215 W. Willow Knolls Road,Unit 708,7d4b60ac-037e-11f1-8b4b-02814898e98b,d9703f4f-05f8-11f1-8b4b-02814898e98b,74ee9c93-037e-11f1-8b4b-02814898e98b,0
0,2215 W. Willow Knolls Road,Unit 709,7d58d5ad-037e-11f1-8b4b-02814898e98b,d9703f4f-05f8-11f1-8b4b-02814898e98b,74ee9c93-037e-11f1-8b4b-02814898e98b,0
0,2215 W. Willow Knolls Road,Unit 710,7d6621dc-037e-11f1-8b4b-02814898e98b,d9703f4f-05f8-11f1-8b4b-02814898e98b,74ee9c93-037e-11f1-8b4b-02814898e98b,0
0,2215 W. Willow Knolls Road,Unit 711,7d730891-037e-11f1-8b4b-02814898e98b,d9703f4f-05f8-11f1-8b4b-02814898e98b,74ee9c93-037e-11f1-8b4b-02814898e98b,0
0,2215 W. Willow Knolls Road,Unit 712,7d7f3678-037e-11f1-8b4b-02814898e98b,40c0cd80-05f9-11f1-8b4b-02814898e98b,74ee9c93-037e-11f1-8b4b-02814898e98b,0
0,2215 W. Willow Knolls Road,Unit 801,7d8abdda-037e-11f1-8b4b-02814898e98b,d9703f4f-05f8-11f1-8b4b-02814898e98b,74ee9c93-037e-11f1-8b4b-02814898e98b,0
1,2215 W. Willow Knolls Road,Unit 802,7da415dd-037e-11f1-8b4b-02814898e98b,d9703f4f-05f8-11f1-8b4b-02814898e98b,74ee9c93-037e-11f1-8b4b-02814898e98b,0
0,2215 W. Willow Knolls Road,Unit 803,7dcdf19b-037e-11f1-8b4b-02814898e98b,d9703f4f-05f8-11f1-8b4b-02814898e98b,74ee9c93-037e-11f1-8b4b-02814898e98b,0
0,2215 W. Willow Knolls Road,Unit 804,7deee208-037e-11f1-8b4b-02814898e98b,d9703f4f-05f8-11f1-8b4b-02814898e98b,74ee9c93-037e-11f1-8b4b-02814898e98b,0
0,2215 W. Willow Knolls Road,Unit 805,7e0ac4d3-037e-11f1-8b4b-02814898e98b,d9703f4f-05f8-11f1-8b4b-02814898e98b,74ee9c93-037e-11f1-8b4b-02814898e98b,0
0,2215 W. Willow Knolls Road,Unit 806,7e27cca8-037e-11f1-8b4b-02814898e98b,d9703f4f-05f8-11f1-8b4b-02814898e98b,74ee9c93-037e-11f1-8b4b-02814898e98b,0
0,2215 W. Willow Knolls Road,Unit 807,7e4509a3-037e-11f1-8b4b-02814898e98b,d9703f4f-05f8-11f1-8b4b-02814898e98b,74ee9c93-037e-11f1-8b4b-02814898e98b,0
0,2215 W. Willow Knolls Road,Unit 808,7e676162-037e-11f1-8b4b-02814898e98b,d9703f4f-05f8-11f1-8b4b-02814898e98b,74ee9c93-037e-11f1-8b4b-02814898e98b,0
0,2215 W. Willow Knolls Road,Unit 809,7e8f82bc-037e-11f1-8b4b-02814898e98b,d9703f4f-05f8-11f1-8b4b-02814898e98b,74ee9c93-037e-11f1-8b4b-02814898e98b,0
0,2215 W. Willow Knolls Road,Unit 810,7ead5588-037e-11f1-8b4b-02814898e98b,d9703f4f-05f8-11f1-8b4b-02814898e98b,74ee9c93-037e-11f1-8b4b-02814898e98b,0
0,2215 W. Willow Knolls Road,Unit 811,7ecad102-037e-11f1-8b4b-02814898e98b,d9703f4f-05f8-11f1-8b4b-02814898e98b,74ee9c93-037e-11f1-8b4b-02814898e98b,0
0,2215 W. Willow Knolls Road,Unit 812,7eeb739c-037e-11f1-8b4b-02814898e98b,d9703f4f-05f8-11f1-8b4b-02814898e98b,74ee9c93-037e-11f1-8b4b-02814898e98b,0
0,2215 W. Willow Knolls Road,Unit 901,7f0b8419-037e-11f1-8b4b-02814898e98b,d9703f4f-05f8-11f1-8b4b-02814898e98b,74ee9c93-037e-11f1-8b4b-02814898e98b,0
0,2215 W. Willow Knolls Road,Unit 902,7f30ebce-037e-11f1-8b4b-02814898e98b,d9703f4f-05f8-11f1-8b4b-02814898e98b,74ee9c93-037e-11f1-8b4b-02814898e98b,0
0,2215 W. Willow Knolls Road,Unit 903,7f51be44-037e-11f1-8b4b-02814898e98b,d9703f4f-05f8-11f1-8b4b-02814898e98b,74ee9c93-037e-11f1-8b4b-02814898e98b,0
0,2215 W. Willow Knolls Road,Unit 904,7f72caa7-037e-11f1-8b4b-02814898e98b,d9703f4f-05f8-11f1-8b4b-02814898e98b,74ee9c93-037e-11f1-8b4b-02814898e98b,0
0,2215 W. Willow Knolls Road,Unit 905,7f932d9c-037e-11f1-8b4b-02814898e98b,d9703f4f-05f8-11f1-8b4b-02814898e98b,74ee9c93-037e-11f1-8b4b-02814898e98b,0
0,2215 W. Willow Knolls Road,Unit 906,7fb6bab6-037e-11f1-8b4b-02814898e98b,d9703f4f-05f8-11f1-8b4b-02814898e98b,74ee9c93-037e-11f1-8b4b-02814898e98b,0
0,2215 W. Willow Knolls Road,Unit 907,7fdc1e49-037e-11f1-8b4b-02814898e98b,d9703f4f-05f8-11f1-8b4b-02814898e98b,74ee9c93-037e-11f1-8b4b-02814898e98b,0
0,2215 W. Willow Knolls Road,Unit 908,7ff062ed-037e-11f1-8b4b-02814898e98b,d9703f4f-05f8-11f1-8b4b-02814898e98b,74ee9c93-037e-11f1-8b4b-02814898e98b,0
0,2215 W. Willow Knolls Road,Unit 909,7ffe4fd1-037e-11f1-8b4b-02814898e98b,d9703f4f-05f8-11f1-8b4b-02814898e98b,74ee9c93-037e-11f1-8b4b-02814898e98b,0
0,2215 W. Willow Knolls Road,Unit 910,800e1671-037e-11f1-8b4b-02814898e98b,d9703f4f-05f8-11f1-8b4b-02814898e98b,74ee9c93-037e-11f1-8b4b-02814898e98b,0
0,2215 W. Willow Knolls Road,Unit 911,801c1586-037e-11f1-8b4b-02814898e98b,d9703f4f-05f8-11f1-8b4b-02814898e98b,74ee9c93-037e-11f1-8b4b-02814898e98b,0
0,2215 W. Willow Knolls Road,Unit 912,802a4dc4-037e-11f1-8b4b-02814898e98b,d9703f4f-05f8-11f1-8b4b-02814898e98b,74ee9c93-037e-11f1-8b4b-02814898e98b,0
0,2215 W. Willow Knolls Road - 2215-098,Unit 98,76d1d9b1-037e-11f1-8b4b-02814898e98b,84befb50-05f9-11f1-8b4b-02814898e98b,74ee9c93-037e-11f1-8b4b-02814898e98b,0
0,222 Crossing Drive,,0d7ad468-0e80-11f1-8b4b-02814898e98b,\N,0d3ea784-0e80-11f1-8b4b-02814898e98b,0
0,222 Maple Ave,,d68e1d11-051d-11f1-8b4b-02814898e98b,9472957f-06ca-11f1-8b4b-02814898e98b,d5b80fd6-051d-11f1-8b4b-02814898e98b,0
1,2221 W Willow Knolls Dr,Unit # 101,1b23b508-5b9d-11f1-b937-029b59f61d5d,4c766151-6055-11f1-b937-029b59f61d5d,1995eb9d-5b9d-11f1-b937-029b59f61d5d,0
0,2221 W Willow Knolls Dr,Unit # 103,1b442335-5b9d-11f1-b937-029b59f61d5d,4c766151-6055-11f1-b937-029b59f61d5d,1995eb9d-5b9d-11f1-b937-029b59f61d5d,0
0,2221 W Willow Knolls Dr,Unit # 105,1b6355a5-5b9d-11f1-b937-029b59f61d5d,4c766151-6055-11f1-b937-029b59f61d5d,1995eb9d-5b9d-11f1-b937-029b59f61d5d,0
0,2221 W Willow Knolls Dr,Unit # 107,1b7f4337-5b9d-11f1-b937-029b59f61d5d,4c766151-6055-11f1-b937-029b59f61d5d,1995eb9d-5b9d-11f1-b937-029b59f61d5d,0
0,2221 W Willow Knolls Dr,Unit # 301,1c0a78e2-5b9d-11f1-b937-029b59f61d5d,4c766151-6055-11f1-b937-029b59f61d5d,1995eb9d-5b9d-11f1-b937-029b59f61d5d,0
0,2221 W Willow Knolls Dr,Unit # 303,1c271cb0-5b9d-11f1-b937-029b59f61d5d,4c766151-6055-11f1-b937-029b59f61d5d,1995eb9d-5b9d-11f1-b937-029b59f61d5d,0
0,2221 W Willow Knolls Dr,Unit # 305,1c5c14cb-5b9d-11f1-b937-029b59f61d5d,4c766151-6055-11f1-b937-029b59f61d5d,1995eb9d-5b9d-11f1-b937-029b59f61d5d,0
0,2221 W Willow Knolls Dr,Unit # 307,1c84c471-5b9d-11f1-b937-029b59f61d5d,4c766151-6055-11f1-b937-029b59f61d5d,1995eb9d-5b9d-11f1-b937-029b59f61d5d,0
0,2228 N. Northcrest Dr.,,92abd2e0-0477-11f1-8b4b-02814898e98b,\N,9293d057-0477-11f1-8b4b-02814898e98b,0
0,223 Crossing Drive,,a1eea66a-c053-11ee-8b4b-02814898e98b,\N,a1a19c29-c053-11ee-8b4b-02814898e98b,0
0,224 Crossing Drive,,4f4cce0e-c05d-11ee-8b4b-02814898e98b,\N,4f2eb7b5-c05d-11ee-8b4b-02814898e98b,0
0,226 Crossing Drive,,8cbf5df7-c05d-11ee-8b4b-02814898e98b,\N,8c9d71c5-c05d-11ee-8b4b-02814898e98b,0
0,228 Crossing Drive,,c99ac2a2-c05d-11ee-8b4b-02814898e98b,\N,c981f361-c05d-11ee-8b4b-02814898e98b,0
0,230 Crossing Drive,,0ac4a96f-c05e-11ee-8b4b-02814898e98b,\N,0aaea5f4-c05e-11ee-8b4b-02814898e98b,0
0,2302 W. Laura Ave - 2302,,300d24da-05fd-11f1-8b4b-02814898e98b,\N,d165a892-0474-11f1-8b4b-02814898e98b,0
0,2302 W. Laura Ave - Garage,,e19982e8-0474-11f1-8b4b-02814898e98b,\N,d165a892-0474-11f1-8b4b-02814898e98b,0
0,232 Crossing Drive,,6bb81619-0e80-11f1-8b4b-02814898e98b,\N,6b7e6122-0e80-11f1-8b4b-02814898e98b,0
0,234 Crossing Drive,,2cf98f1e-0e81-11f1-8b4b-02814898e98b,\N,2ca0779a-0e81-11f1-8b4b-02814898e98b,0
0,236 Crossing Drive,,93d9310d-0e84-11f1-8b4b-02814898e98b,\N,938d8d23-0e84-11f1-8b4b-02814898e98b,0
0,238 Crossing Drive,,d3007126-0e84-11f1-8b4b-02814898e98b,\N,d2b10d52-0e84-11f1-8b4b-02814898e98b,0
0,239 Crossing Dr,,f16fa995-a2de-11ef-8b4b-02814898e98b,\N,f14458d4-a2de-11ef-8b4b-02814898e98b,0
0,25 Linda Lane,,6cf135f3-5f76-11ec-a39e-0683fa8b8728,\N,6cd0a68b-5f76-11ec-a39e-0683fa8b8728,0
0,26 Fetzer Court - Unit 4,,99cfe2ee-a2df-11ef-8b4b-02814898e98b,\N,99afab10-a2df-11ef-8b4b-02814898e98b,0
0,2612 W. Wardcliffe Dr.,,c32ff59f-0547-11f1-8b4b-02814898e98b,f1b086f7-06a7-11f1-8b4b-02814898e98b,c2e3e827-0547-11f1-8b4b-02814898e98b,0
0,2614 W. Wardcliffe Dr.,,c33d32c1-0547-11f1-8b4b-02814898e98b,c24778fb-06a7-11f1-8b4b-02814898e98b,c2e3e827-0547-11f1-8b4b-02814898e98b,0
0,2714 S. Aerial Dr.,,2358fefc-0547-11f1-8b4b-02814898e98b,f3fa82a9-05e6-11f1-8b4b-02814898e98b,230fa2fd-0547-11f1-8b4b-02814898e98b,0
0,2715 Rainbow Ave,,70320239-74ff-11ef-8b4b-02814898e98b,\N,70058c84-74ff-11ef-8b4b-02814898e98b,0
0,2716 S. Aerial Dr.,,2362ea75-0547-11f1-8b4b-02814898e98b,f3fa82a9-05e6-11f1-8b4b-02814898e98b,230fa2fd-0547-11f1-8b4b-02814898e98b,0
0,2717 Rainbow Ave,,25d4b4af-7500-11ef-8b4b-02814898e98b,\N,25b33f07-7500-11ef-8b4b-02814898e98b,0
0,2719 Rainbow Ave,,d85ca3e7-7500-11ef-8b4b-02814898e98b,\N,d82f1777-7500-11ef-8b4b-02814898e98b,0
0,2721 Rainbow Ave,,82f5a3a7-7501-11ef-8b4b-02814898e98b,\N,8265fdc6-7501-11ef-8b4b-02814898e98b,0
0,2723 Rainbow Ave,\N,717edef5-22ff-11eb-9ba0-024e14449321,\N,16293309-22ff-11eb-9ba0-024e14449321,0
0,2725 Rainbow Ave,\N,5f1d3549-22ff-11eb-9ba0-024e14449321,\N,1641da8d-22ff-11eb-9ba0-024e14449321,0
0,2727 Rainbow Ave,\N,6030dc41-22ff-11eb-9ba0-024e14449321,\N,165a85ca-22ff-11eb-9ba0-024e14449321,0
0,2729 Rainbow Ave,,608d6f91-22ff-11eb-9ba0-024e14449321,\N,167379cd-22ff-11eb-9ba0-024e14449321,0
0,2731 Rainbow Ave,\N,610586b4-22ff-11eb-9ba0-024e14449321,\N,168d1b9e-22ff-11eb-9ba0-024e14449321,0
0,2733 Rainbow Ave,\N,615d1756-22ff-11eb-9ba0-024e14449321,\N,16a67b01-22ff-11eb-9ba0-024e14449321,0
0,2735 Rainbow Ave,\N,61bc0329-22ff-11eb-9ba0-024e14449321,\N,16bf7f04-22ff-11eb-9ba0-024e14449321,0
0,2737 Rainbow Ave,,621b2eeb-22ff-11eb-9ba0-024e14449321,\N,16d90705-22ff-11eb-9ba0-024e14449321,0
0,2739 Rainbow Ave,\N,628d2cd0-22ff-11eb-9ba0-024e14449321,\N,16f4650e-22ff-11eb-9ba0-024e14449321,0
0,2741 Rainbow Ave,\N,62e2c398-22ff-11eb-9ba0-024e14449321,\N,170d7658-22ff-11eb-9ba0-024e14449321,0
0,28 Fetzer Court - Unit 21,,642533f2-a2e0-11ef-8b4b-02814898e98b,\N,640465dc-a2e0-11ef-8b4b-02814898e98b,0
0,28 Fetzer Court - Unit 3,,e9ad4bb1-a2df-11ef-8b4b-02814898e98b,\N,e98634f0-a2df-11ef-8b4b-02814898e98b,0
0,28 Fetzer Court - Unit 9,,2496c351-a2e0-11ef-8b4b-02814898e98b,\N,247418a1-a2e0-11ef-8b4b-02814898e98b,0
0,3004 Clearwater Ave - Parking Spots & Trash,,89d80617-9e1b-11f0-8b4b-02814898e98b,\N,179c09f9-22ff-11eb-9ba0-024e14449321,0
0,301 Eaton Ave,Unit B,d5ec752a-048f-11f1-8b4b-02814898e98b,1f5c35ee-0611-11f1-8b4b-02814898e98b,d4e2194b-048f-11f1-8b4b-02814898e98b,0
0,301 Eaton Ave,Unit C,d5f87251-048f-11f1-8b4b-02814898e98b,fe3224f3-0610-11f1-8b4b-02814898e98b,d4e2194b-048f-11f1-8b4b-02814898e98b,0
0,302 E Locust St,,79668217-22ff-11eb-9ba0-024e14449321,\N,17e79215-22ff-11eb-9ba0-024e14449321,0
0,302 W. Willow,Unit H.1,9cb564d9-22ff-11eb-9ba0-024e14449321,\N,182ae9dc-22ff-11eb-9ba0-024e14449321,0
0,303 N. University - 1,,d7be231e-bf21-11f0-8b4b-02814898e98b,bfeafb02-bf21-11f0-8b4b-02814898e98b,9519c3ec-bf21-11f0-8b4b-02814898e98b,0
0,303 N. University - 10,,61488220-bf22-11f0-8b4b-02814898e98b,bfeafb02-bf21-11f0-8b4b-02814898e98b,9519c3ec-bf21-11f0-8b4b-02814898e98b,0
0,303 N. University - 11,,69b76d98-bf22-11f0-8b4b-02814898e98b,bfeafb02-bf21-11f0-8b4b-02814898e98b,9519c3ec-bf21-11f0-8b4b-02814898e98b,0
0,303 N. University - 12,,7345b441-bf22-11f0-8b4b-02814898e98b,bfeafb02-bf21-11f0-8b4b-02814898e98b,9519c3ec-bf21-11f0-8b4b-02814898e98b,0
0,303 N. University - 13,,7b14d932-bf22-11f0-8b4b-02814898e98b,bfeafb02-bf21-11f0-8b4b-02814898e98b,9519c3ec-bf21-11f0-8b4b-02814898e98b,0
0,303 N. University - 14,,84190132-bf22-11f0-8b4b-02814898e98b,bfeafb02-bf21-11f0-8b4b-02814898e98b,9519c3ec-bf21-11f0-8b4b-02814898e98b,0
0,303 N. University - 15,,8cd71861-bf22-11f0-8b4b-02814898e98b,bfeafb02-bf21-11f0-8b4b-02814898e98b,9519c3ec-bf21-11f0-8b4b-02814898e98b,0
0,303 N. University - 16,,955ff170-bf22-11f0-8b4b-02814898e98b,bfeafb02-bf21-11f0-8b4b-02814898e98b,9519c3ec-bf21-11f0-8b4b-02814898e98b,0
0,303 N. University - 17,,9d81b19c-bf22-11f0-8b4b-02814898e98b,bfeafb02-bf21-11f0-8b4b-02814898e98b,9519c3ec-bf21-11f0-8b4b-02814898e98b,0
0,303 N. University - 18,,a612baae-bf22-11f0-8b4b-02814898e98b,bfeafb02-bf21-11f0-8b4b-02814898e98b,9519c3ec-bf21-11f0-8b4b-02814898e98b,0
0,303 N. University - 19,,ae92a6e6-bf22-11f0-8b4b-02814898e98b,bfeafb02-bf21-11f0-8b4b-02814898e98b,9519c3ec-bf21-11f0-8b4b-02814898e98b,0
0,303 N. University - 2,,e5630ab0-bf21-11f0-8b4b-02814898e98b,bfeafb02-bf21-11f0-8b4b-02814898e98b,9519c3ec-bf21-11f0-8b4b-02814898e98b,0
0,303 N. University - 20,,b6cdd23c-bf22-11f0-8b4b-02814898e98b,bfeafb02-bf21-11f0-8b4b-02814898e98b,9519c3ec-bf21-11f0-8b4b-02814898e98b,0
0,303 N. University - 21,,c00a852f-bf22-11f0-8b4b-02814898e98b,bfeafb02-bf21-11f0-8b4b-02814898e98b,9519c3ec-bf21-11f0-8b4b-02814898e98b,0
0,303 N. University - 22,,c8a8a0f6-bf22-11f0-8b4b-02814898e98b,bfeafb02-bf21-11f0-8b4b-02814898e98b,9519c3ec-bf21-11f0-8b4b-02814898e98b,0
0,303 N. University - 3,,fa343355-bf21-11f0-8b4b-02814898e98b,bfeafb02-bf21-11f0-8b4b-02814898e98b,9519c3ec-bf21-11f0-8b4b-02814898e98b,0
0,303 N. University - 4,,13d03ee6-bf22-11f0-8b4b-02814898e98b,bfeafb02-bf21-11f0-8b4b-02814898e98b,9519c3ec-bf21-11f0-8b4b-02814898e98b,0
0,303 N. University - 5,,2827c0b0-bf22-11f0-8b4b-02814898e98b,bfeafb02-bf21-11f0-8b4b-02814898e98b,9519c3ec-bf21-11f0-8b4b-02814898e98b,0
0,303 N. University - 6,,358d397a-bf22-11f0-8b4b-02814898e98b,bfeafb02-bf21-11f0-8b4b-02814898e98b,9519c3ec-bf21-11f0-8b4b-02814898e98b,0
0,303 N. University - 7,,401e69b1-bf22-11f0-8b4b-02814898e98b,bfeafb02-bf21-11f0-8b4b-02814898e98b,9519c3ec-bf21-11f0-8b4b-02814898e98b,0
0,303 N. University - 8,,4e4a1206-bf22-11f0-8b4b-02814898e98b,bfeafb02-bf21-11f0-8b4b-02814898e98b,9519c3ec-bf21-11f0-8b4b-02814898e98b,0
0,303 N. University - 9,,57d24723-bf22-11f0-8b4b-02814898e98b,bfeafb02-bf21-11f0-8b4b-02814898e98b,9519c3ec-bf21-11f0-8b4b-02814898e98b,0
0,303-303 1/2 E. College,Garage,93be8757-22ff-11eb-9ba0-024e14449321,\N,18941053-22ff-11eb-9ba0-024e14449321,0
0,303-303 1/2 E. College,Garage,940ce2f2-22ff-11eb-9ba0-024e14449321,\N,18941053-22ff-11eb-9ba0-024e14449321,0
0,304 Fell,Unit H.1,945c7915-22ff-11eb-9ba0-024e14449321,\N,18acbf17-22ff-11eb-9ba0-024e14449321,0
0,304 Martin St,,7b6f95c3-57a1-11ec-a39e-0683fa8b8728,\N,7b1c4cb7-57a1-11ec-a39e-0683fa8b8728,0
0,306 Normal,Unit 1,120bc07e-d468-11ef-8b4b-02814898e98b,05a5694e-459d-11eb-8189-0684b23f11cf,192d4d25-22ff-11eb-9ba0-024e14449321,0
0,308 N Fell Ave,Unit H,729758b9-22ff-11eb-9ba0-024e14449321,\N,19a754ce-22ff-11eb-9ba0-024e14449321,0
0,309-311 S. Main - Office,Unit 11,7f4af508-22ff-11eb-9ba0-024e14449321,\N,19c5c64f-22ff-11eb-9ba0-024e14449321,0
0,3164 Shepard Road,,d505a386-c26c-11ec-a39e-0683fa8b8728,\N,d49b9abb-c26c-11ec-a39e-0683fa8b8728,0
0,317 Riley Drive - A,,fe7c5c55-68c8-11f0-8b4b-02814898e98b,343f254a-6969-11f0-8b4b-02814898e98b,e343c85d-68c8-11f0-8b4b-02814898e98b,0
0,317 Riley Drive - B,,1143a692-68c9-11f0-8b4b-02814898e98b,343f254a-6969-11f0-8b4b-02814898e98b,e343c85d-68c8-11f0-8b4b-02814898e98b,0
0,322 N. Towanda Ave,,35399243-2deb-11ec-a39e-0683fa8b8728,\N,34fa5b17-2deb-11ec-a39e-0683fa8b8728,0
0,323 S. Towanda Ave,Unit #1,b2611179-5c80-11ed-9528-0a5c5a1a7776,\N,b2432a38-5c80-11ed-9528-0a5c5a1a7776,0
0,3301 W Willow Knolls Dr,Unit #  3301-4,13c7997f-5b77-11f1-b937-029b59f61d5d,b2a18edf-604c-11f1-b937-029b59f61d5d,12c8c54f-5b77-11f1-b937-029b59f61d5d,0
0,3301 W Willow Knolls Dr,Unit #  3301-8,140159d1-5b77-11f1-b937-029b59f61d5d,b2a18edf-604c-11f1-b937-029b59f61d5d,12c8c54f-5b77-11f1-b937-029b59f61d5d,0
0,3303 W Willow Knolls Dr,Unit #  3303-3,142bd6fe-5b77-11f1-b937-029b59f61d5d,b2a18edf-604c-11f1-b937-029b59f61d5d,12c8c54f-5b77-11f1-b937-029b59f61d5d,0
0,3303 W Willow Knolls Dr,Unit #  3303-7,1467e3bd-5b77-11f1-b937-029b59f61d5d,b2a18edf-604c-11f1-b937-029b59f61d5d,12c8c54f-5b77-11f1-b937-029b59f61d5d,0
0,3313 W Willow Knolls Dr,Unit #  3313-4,14b31d8b-5b77-11f1-b937-029b59f61d5d,b2a18edf-604c-11f1-b937-029b59f61d5d,12c8c54f-5b77-11f1-b937-029b59f61d5d,0
0,3313 W Willow Knolls Dr,Unit #  3313-8,15092ac7-5b77-11f1-b937-029b59f61d5d,b2a18edf-604c-11f1-b937-029b59f61d5d,12c8c54f-5b77-11f1-b937-029b59f61d5d,0
0,3317 W Willow Knolls Dr,Unit #  3317-3,15380432-5b77-11f1-b937-029b59f61d5d,b2a18edf-604c-11f1-b937-029b59f61d5d,12c8c54f-5b77-11f1-b937-029b59f61d5d,0
0,3317 W Willow Knolls Dr,Unit #  3317-7,15713043-5b77-11f1-b937-029b59f61d5d,b2a18edf-604c-11f1-b937-029b59f61d5d,12c8c54f-5b77-11f1-b937-029b59f61d5d,0
0,3629 N Leroy Ave,Unit A,076ea518-038e-11f1-8b4b-02814898e98b,504120c6-05ee-11f1-8b4b-02814898e98b,071b102f-038e-11f1-8b4b-02814898e98b,0
0,3629 N Leroy Ave,Unit B,0781a526-038e-11f1-8b4b-02814898e98b,504120c6-05ee-11f1-8b4b-02814898e98b,071b102f-038e-11f1-8b4b-02814898e98b,0
0,3730 N. Vincent ,,ee37c0f7-350b-11f1-8b4b-02814898e98b,\N,e7d0862a-0470-11f1-8b4b-02814898e98b,0
0,3810 N. Linden Ln,,1b6817f7-048b-11f1-8b4b-02814898e98b,53a3249b-060e-11f1-8b4b-02814898e98b,1b0e6589-048b-11f1-8b4b-02814898e98b,0
0,3812 N. Linden Ln,,1b73804f-048b-11f1-8b4b-02814898e98b,53a3249b-060e-11f1-8b4b-02814898e98b,1b0e6589-048b-11f1-8b4b-02814898e98b,0
0,3909 N Donna Lane,,6badf64d-0390-11f1-8b4b-02814898e98b,724f8935-05d7-11f1-8b4b-02814898e98b,6b5d3ef4-0390-11f1-8b4b-02814898e98b,0
0,3911 N Donna Lane,,6bbfed45-0390-11f1-8b4b-02814898e98b,724f8935-05d7-11f1-8b4b-02814898e98b,6b5d3ef4-0390-11f1-8b4b-02814898e98b,0
0,400 W. Vernon,Unit 1,2e3b2329-d468-11ef-8b4b-02814898e98b,4726eccb-2812-11ef-8b4b-02814898e98b,1a9ba817-22ff-11eb-9ba0-024e14449321,0
0,400 W. Vernon,Unit 4,33f4c9ce-d468-11ef-8b4b-02814898e98b,4726eccb-2812-11ef-8b4b-02814898e98b,1a9ba817-22ff-11eb-9ba0-024e14449321,0
0,400 W. Vernon,Unit 7,39612c94-d468-11ef-8b4b-02814898e98b,4726eccb-2812-11ef-8b4b-02814898e98b,1a9ba817-22ff-11eb-9ba0-024e14449321,0
0,400 W. Vernon - 5.4,Unit 5,35dd3e91-d468-11ef-8b4b-02814898e98b,2e06fc1e-d468-11ef-8b4b-02814898e98b,1a9ba817-22ff-11eb-9ba0-024e14449321,0
0,401 E College Ave,Unit 1,c07d2ba9-22ff-11eb-9ba0-024e14449321,646482b8-2904-11ef-8b4b-02814898e98b,1ab57fbd-22ff-11eb-9ba0-024e14449321,0
0,401 E College Ave,Unit 1,c0eb75e1-22ff-11eb-9ba0-024e14449321,646482b8-2904-11ef-8b4b-02814898e98b,1ab57fbd-22ff-11eb-9ba0-024e14449321,0
0,401 E College Ave,Unit 1,c1588467-22ff-11eb-9ba0-024e14449321,646482b8-2904-11ef-8b4b-02814898e98b,1ab57fbd-22ff-11eb-9ba0-024e14449321,0
0,401 E College Ave,Unit 2,c28f63a4-22ff-11eb-9ba0-024e14449321,646482b8-2904-11ef-8b4b-02814898e98b,1ab57fbd-22ff-11eb-9ba0-024e14449321,0
0,401 E College Ave,Unit 2,c34d4e22-22ff-11eb-9ba0-024e14449321,646482b8-2904-11ef-8b4b-02814898e98b,1ab57fbd-22ff-11eb-9ba0-024e14449321,0
0,401 E College Ave,Unit 2,c3f5941f-22ff-11eb-9ba0-024e14449321,646482b8-2904-11ef-8b4b-02814898e98b,1ab57fbd-22ff-11eb-9ba0-024e14449321,0
0,401 E College Ave,Unit 3,c5682d15-22ff-11eb-9ba0-024e14449321,323577b7-21c0-11ef-8b4b-02814898e98b,1ab57fbd-22ff-11eb-9ba0-024e14449321,0
0,401 E College Ave,Unit 3,c622be5d-22ff-11eb-9ba0-024e14449321,323577b7-21c0-11ef-8b4b-02814898e98b,1ab57fbd-22ff-11eb-9ba0-024e14449321,0
0,401 E College Ave,Unit 4,c7a160db-22ff-11eb-9ba0-024e14449321,323577b7-21c0-11ef-8b4b-02814898e98b,1ab57fbd-22ff-11eb-9ba0-024e14449321,0
0,401 E College Ave,Unit 4,c848390a-22ff-11eb-9ba0-024e14449321,323577b7-21c0-11ef-8b4b-02814898e98b,1ab57fbd-22ff-11eb-9ba0-024e14449321,0
0,401 E College Ave,Unit 5,c96f23e8-22ff-11eb-9ba0-024e14449321,323577b7-21c0-11ef-8b4b-02814898e98b,1ab57fbd-22ff-11eb-9ba0-024e14449321,0
0,401 E College Ave,Unit 5,c9dbd9ac-22ff-11eb-9ba0-024e14449321,323577b7-21c0-11ef-8b4b-02814898e98b,1ab57fbd-22ff-11eb-9ba0-024e14449321,0
0,401 E College Ave,Unit 6,5b7fbd36-822e-11f0-8b4b-02814898e98b,323577b7-21c0-11ef-8b4b-02814898e98b,1ab57fbd-22ff-11eb-9ba0-024e14449321,0
0,401 E College Ave,Unit 7,cc9518ed-22ff-11eb-9ba0-024e14449321,323577b7-21c0-11ef-8b4b-02814898e98b,1ab57fbd-22ff-11eb-9ba0-024e14449321,0
0,401 E College Ave,Unit 7,cd04e155-22ff-11eb-9ba0-024e14449321,323577b7-21c0-11ef-8b4b-02814898e98b,1ab57fbd-22ff-11eb-9ba0-024e14449321,0
0,401 E College Ave,Unit 8,ce38952a-22ff-11eb-9ba0-024e14449321,323577b7-21c0-11ef-8b4b-02814898e98b,1ab57fbd-22ff-11eb-9ba0-024e14449321,0
0,401 E College Ave,Unit 8,cee92152-22ff-11eb-9ba0-024e14449321,323577b7-21c0-11ef-8b4b-02814898e98b,1ab57fbd-22ff-11eb-9ba0-024e14449321,0
0,401 E College Ave,Unit 11,d298b5c8-22ff-11eb-9ba0-024e14449321,323577b7-21c0-11ef-8b4b-02814898e98b,1ab57fbd-22ff-11eb-9ba0-024e14449321,0
0,401 E College Ave,Unit 11,d3030de6-22ff-11eb-9ba0-024e14449321,323577b7-21c0-11ef-8b4b-02814898e98b,1ab57fbd-22ff-11eb-9ba0-024e14449321,0
0,401 E College Ave,Unit 12,d3f8b4fa-22ff-11eb-9ba0-024e14449321,323577b7-21c0-11ef-8b4b-02814898e98b,1ab57fbd-22ff-11eb-9ba0-024e14449321,0
0,401 E College Ave,Unit 12,d4600bb4-22ff-11eb-9ba0-024e14449321,323577b7-21c0-11ef-8b4b-02814898e98b,1ab57fbd-22ff-11eb-9ba0-024e14449321,0
0,401 E College Ave,Unit 13,d559c57c-22ff-11eb-9ba0-024e14449321,323577b7-21c0-11ef-8b4b-02814898e98b,1ab57fbd-22ff-11eb-9ba0-024e14449321,0
0,401 E College Ave,Unit 13,d5c8b80b-22ff-11eb-9ba0-024e14449321,323577b7-21c0-11ef-8b4b-02814898e98b,1ab57fbd-22ff-11eb-9ba0-024e14449321,0
0,401 E College Ave,Unit 14,d699d77d-22ff-11eb-9ba0-024e14449321,323577b7-21c0-11ef-8b4b-02814898e98b,1ab57fbd-22ff-11eb-9ba0-024e14449321,0
0,401 E College Ave,Unit 14,d7252416-22ff-11eb-9ba0-024e14449321,323577b7-21c0-11ef-8b4b-02814898e98b,1ab57fbd-22ff-11eb-9ba0-024e14449321,0
0,401 E College Ave,Unit 15,5e47d368-822e-11f0-8b4b-02814898e98b,646482b8-2904-11ef-8b4b-02814898e98b,1ab57fbd-22ff-11eb-9ba0-024e14449321,0
0,401 E College Ave,Unit 16,d9f2a8b9-22ff-11eb-9ba0-024e14449321,646482b8-2904-11ef-8b4b-02814898e98b,1ab57fbd-22ff-11eb-9ba0-024e14449321,0
0,401 E College Ave,Unit 16,da8b8ad2-22ff-11eb-9ba0-024e14449321,646482b8-2904-11ef-8b4b-02814898e98b,1ab57fbd-22ff-11eb-9ba0-024e14449321,0
0,401 E College Ave,Unit 16,db05e53d-22ff-11eb-9ba0-024e14449321,646482b8-2904-11ef-8b4b-02814898e98b,1ab57fbd-22ff-11eb-9ba0-024e14449321,0
0,401 E College Ave - 10.1,Unit 10,5ccc4789-822e-11f0-8b4b-02814898e98b,323577b7-21c0-11ef-8b4b-02814898e98b,1ab57fbd-22ff-11eb-9ba0-024e14449321,0
0,401 E College Ave - 9.1,Unit 9,5c8530f9-822e-11f0-8b4b-02814898e98b,323577b7-21c0-11ef-8b4b-02814898e98b,1ab57fbd-22ff-11eb-9ba0-024e14449321,0
0,401 N. Oak Street ,Unit 1,afa7b9b9-8cb3-11ef-8b4b-02814898e98b,a64699f8-d469-11ef-8b4b-02814898e98b,9a9abb36-8cb3-11ef-8b4b-02814898e98b,0
0,401 N. Oak Street ,Unit 2,b9af562e-8cb3-11ef-8b4b-02814898e98b,a649ab3f-d469-11ef-8b4b-02814898e98b,9a9abb36-8cb3-11ef-8b4b-02814898e98b,0
0,401 N. Oak Street ,Unit 3,c253f812-8cb3-11ef-8b4b-02814898e98b,a64cab87-d469-11ef-8b4b-02814898e98b,9a9abb36-8cb3-11ef-8b4b-02814898e98b,0
0,401 N. Oak Street ,,c97f60d5-8cb3-11ef-8b4b-02814898e98b,a64fa9d7-d469-11ef-8b4b-02814898e98b,9a9abb36-8cb3-11ef-8b4b-02814898e98b,0
1,402 E 2nd Street,,d6971302-051d-11f1-8b4b-02814898e98b,9472957f-06ca-11f1-8b4b-02814898e98b,d5b80fd6-051d-11f1-8b4b-02814898e98b,0
0,402 N. Main,Unit 101,609cb7de-822e-11f0-8b4b-02814898e98b,a6360c1a-28da-11ef-8b4b-02814898e98b,1d8ae175-22ff-11eb-9ba0-024e14449321,0
0,402 N. Main,Unit 103,4089ea6e-2300-11eb-9ba0-024e14449321,a6360c1a-28da-11ef-8b4b-02814898e98b,1d8ae175-22ff-11eb-9ba0-024e14449321,0
0,402 N. Main,Unit 103,40e34357-2300-11eb-9ba0-024e14449321,a6360c1a-28da-11ef-8b4b-02814898e98b,1d8ae175-22ff-11eb-9ba0-024e14449321,0
0,402 N. Main,Unit 103,4149c99c-2300-11eb-9ba0-024e14449321,a6360c1a-28da-11ef-8b4b-02814898e98b,1d8ae175-22ff-11eb-9ba0-024e14449321,0
0,402 N. Main,Unit 104,61519378-822e-11f0-8b4b-02814898e98b,a6360c1a-28da-11ef-8b4b-02814898e98b,1d8ae175-22ff-11eb-9ba0-024e14449321,0
0,402 N. Main,Unit 105,440ba058-2300-11eb-9ba0-024e14449321,a6360c1a-28da-11ef-8b4b-02814898e98b,1d8ae175-22ff-11eb-9ba0-024e14449321,0
0,402 N. Main,Unit 105,44a4b28a-2300-11eb-9ba0-024e14449321,a6360c1a-28da-11ef-8b4b-02814898e98b,1d8ae175-22ff-11eb-9ba0-024e14449321,0
0,402 N. Main,Unit 105,4532154e-2300-11eb-9ba0-024e14449321,a6360c1a-28da-11ef-8b4b-02814898e98b,1d8ae175-22ff-11eb-9ba0-024e14449321,0
0,402 N. Main,Unit 106,46a7e3aa-2300-11eb-9ba0-024e14449321,a6360c1a-28da-11ef-8b4b-02814898e98b,1d8ae175-22ff-11eb-9ba0-024e14449321,0
0,402 N. Main,Unit 106,476502dd-2300-11eb-9ba0-024e14449321,a6360c1a-28da-11ef-8b4b-02814898e98b,1d8ae175-22ff-11eb-9ba0-024e14449321,0
0,402 N. Main,Unit 106,47f8760e-2300-11eb-9ba0-024e14449321,a6360c1a-28da-11ef-8b4b-02814898e98b,1d8ae175-22ff-11eb-9ba0-024e14449321,0
0,402 N. Main,Unit 201,4941e927-2300-11eb-9ba0-024e14449321,3042a538-21c3-11ef-8b4b-02814898e98b,1d8ae175-22ff-11eb-9ba0-024e14449321,0
0,402 N. Main,Unit 201,4a27ac0c-2300-11eb-9ba0-024e14449321,3042a538-21c3-11ef-8b4b-02814898e98b,1d8ae175-22ff-11eb-9ba0-024e14449321,0
0,402 N. Main,Unit 203,630dd2b0-822e-11f0-8b4b-02814898e98b,a6360c1a-28da-11ef-8b4b-02814898e98b,1d8ae175-22ff-11eb-9ba0-024e14449321,0
0,402 N. Main,Unit 204,6365e6ae-822e-11f0-8b4b-02814898e98b,a6360c1a-28da-11ef-8b4b-02814898e98b,1d8ae175-22ff-11eb-9ba0-024e14449321,0
0,402 N. Main,Unit 205,52139eda-2300-11eb-9ba0-024e14449321,a6360c1a-28da-11ef-8b4b-02814898e98b,1d8ae175-22ff-11eb-9ba0-024e14449321,0
0,402 N. Main,Unit 205,52ae15ff-2300-11eb-9ba0-024e14449321,a6360c1a-28da-11ef-8b4b-02814898e98b,1d8ae175-22ff-11eb-9ba0-024e14449321,0
0,402 N. Main,Unit 205,53384851-2300-11eb-9ba0-024e14449321,a6360c1a-28da-11ef-8b4b-02814898e98b,1d8ae175-22ff-11eb-9ba0-024e14449321,0
0,402 N. Main,Unit 206,549cecd7-2300-11eb-9ba0-024e14449321,a6360c1a-28da-11ef-8b4b-02814898e98b,1d8ae175-22ff-11eb-9ba0-024e14449321,0
0,402 N. Main,Unit 206,552cae09-2300-11eb-9ba0-024e14449321,a6360c1a-28da-11ef-8b4b-02814898e98b,1d8ae175-22ff-11eb-9ba0-024e14449321,0
0,402 N. Main,Unit 206,55da176e-2300-11eb-9ba0-024e14449321,a6360c1a-28da-11ef-8b4b-02814898e98b,1d8ae175-22ff-11eb-9ba0-024e14449321,0
0,402 N. Main,Unit 301,5713537a-2300-11eb-9ba0-024e14449321,3042a538-21c3-11ef-8b4b-02814898e98b,1d8ae175-22ff-11eb-9ba0-024e14449321,0
0,402 N. Main,Unit 301,57c75823-2300-11eb-9ba0-024e14449321,3042a538-21c3-11ef-8b4b-02814898e98b,1d8ae175-22ff-11eb-9ba0-024e14449321,0
0,402 N. Main,Unit 302,58bbc437-2300-11eb-9ba0-024e14449321,044ed8a2-1d25-11ef-8b4b-02814898e98b,1d8ae175-22ff-11eb-9ba0-024e14449321,0
0,402 N. Main,Unit 303,651e7ebe-822e-11f0-8b4b-02814898e98b,a6360c1a-28da-11ef-8b4b-02814898e98b,1d8ae175-22ff-11eb-9ba0-024e14449321,0
0,402 N. Main,Unit 304,6575c7b3-822e-11f0-8b4b-02814898e98b,a6360c1a-28da-11ef-8b4b-02814898e98b,1d8ae175-22ff-11eb-9ba0-024e14449321,0
0,402 N. Main,Unit 305,5f2c920b-2300-11eb-9ba0-024e14449321,a6360c1a-28da-11ef-8b4b-02814898e98b,1d8ae175-22ff-11eb-9ba0-024e14449321,0
0,402 N. Main,Unit 305,5fb95332-2300-11eb-9ba0-024e14449321,a6360c1a-28da-11ef-8b4b-02814898e98b,1d8ae175-22ff-11eb-9ba0-024e14449321,0
0,402 N. Main,Unit 305,6059021f-2300-11eb-9ba0-024e14449321,a6360c1a-28da-11ef-8b4b-02814898e98b,1d8ae175-22ff-11eb-9ba0-024e14449321,0
0,402 N. Main,Unit 306,61b96bf8-2300-11eb-9ba0-024e14449321,a6360c1a-28da-11ef-8b4b-02814898e98b,1d8ae175-22ff-11eb-9ba0-024e14449321,0
0,402 N. Main,Unit 306,62491d4b-2300-11eb-9ba0-024e14449321,a6360c1a-28da-11ef-8b4b-02814898e98b,1d8ae175-22ff-11eb-9ba0-024e14449321,0
0,402 N. Main,Unit 306,62ea0932-2300-11eb-9ba0-024e14449321,a6360c1a-28da-11ef-8b4b-02814898e98b,1d8ae175-22ff-11eb-9ba0-024e14449321,0
0,402 N. Main,Unit 402,65fe3aef-2300-11eb-9ba0-024e14449321,044ed8a2-1d25-11ef-8b4b-02814898e98b,1d8ae175-22ff-11eb-9ba0-024e14449321,0
0,402 N. Main,Unit 403,67904721-2300-11eb-9ba0-024e14449321,a6360c1a-28da-11ef-8b4b-02814898e98b,1d8ae175-22ff-11eb-9ba0-024e14449321,0
0,402 N. Main,Unit 403,67ed95a7-2300-11eb-9ba0-024e14449321,a6360c1a-28da-11ef-8b4b-02814898e98b,1d8ae175-22ff-11eb-9ba0-024e14449321,0
0,402 N. Main,Unit 403,686240ef-2300-11eb-9ba0-024e14449321,a6360c1a-28da-11ef-8b4b-02814898e98b,1d8ae175-22ff-11eb-9ba0-024e14449321,0
0,402 N. Main,Unit 404,69b159ab-2300-11eb-9ba0-024e14449321,a6360c1a-28da-11ef-8b4b-02814898e98b,1d8ae175-22ff-11eb-9ba0-024e14449321,0
0,402 N. Main,Unit 404,6a381166-2300-11eb-9ba0-024e14449321,a6360c1a-28da-11ef-8b4b-02814898e98b,1d8ae175-22ff-11eb-9ba0-024e14449321,0
0,402 N. Main,Unit 404,6ac9001b-2300-11eb-9ba0-024e14449321,a6360c1a-28da-11ef-8b4b-02814898e98b,1d8ae175-22ff-11eb-9ba0-024e14449321,0
0,402 N. Main,Unit 405,67f60ddb-822e-11f0-8b4b-02814898e98b,a6360c1a-28da-11ef-8b4b-02814898e98b,1d8ae175-22ff-11eb-9ba0-024e14449321,0
0,402 N. Main,Unit 406,6e090e4f-2300-11eb-9ba0-024e14449321,a6360c1a-28da-11ef-8b4b-02814898e98b,1d8ae175-22ff-11eb-9ba0-024e14449321,0
0,402 N. Main,Unit 406,6e9e2080-2300-11eb-9ba0-024e14449321,a6360c1a-28da-11ef-8b4b-02814898e98b,1d8ae175-22ff-11eb-9ba0-024e14449321,0
0,402 N. Main,Unit 406,6f2b099b-2300-11eb-9ba0-024e14449321,a6360c1a-28da-11ef-8b4b-02814898e98b,1d8ae175-22ff-11eb-9ba0-024e14449321,0
0,404 E 2nd Street,,d6a018a5-051d-11f1-8b4b-02814898e98b,9472957f-06ca-11f1-8b4b-02814898e98b,d5b80fd6-051d-11f1-8b4b-02814898e98b,0
0,404 N. Main,Unit 1,37e6d695-2302-11eb-9ba0-024e14449321,e8eec532-2900-11ef-8b4b-02814898e98b,1e64c936-22ff-11eb-9ba0-024e14449321,0
0,404 N. Main,Unit 1,3892fcdc-2302-11eb-9ba0-024e14449321,e8eec532-2900-11ef-8b4b-02814898e98b,1e64c936-22ff-11eb-9ba0-024e14449321,0
0,404 N. Main,Unit 1,39949aad-2302-11eb-9ba0-024e14449321,e8eec532-2900-11ef-8b4b-02814898e98b,1e64c936-22ff-11eb-9ba0-024e14449321,0
0,404 N. Main,Unit 2,69821171-822e-11f0-8b4b-02814898e98b,35400de4-28fc-11ef-8b4b-02814898e98b,1e64c936-22ff-11eb-9ba0-024e14449321,0
0,404 N. Main,Unit 3,3ca8810a-2302-11eb-9ba0-024e14449321,1aab1cc1-28ff-11ef-8b4b-02814898e98b,1e64c936-22ff-11eb-9ba0-024e14449321,0
0,404 N. Main,Unit 3,3d65ed5d-2302-11eb-9ba0-024e14449321,1aab1cc1-28ff-11ef-8b4b-02814898e98b,1e64c936-22ff-11eb-9ba0-024e14449321,0
0,404 N. Main,Unit 3,3e2a267f-2302-11eb-9ba0-024e14449321,1aab1cc1-28ff-11ef-8b4b-02814898e98b,1e64c936-22ff-11eb-9ba0-024e14449321,0
0,404 N. Main,Unit 4,6a22e537-822e-11f0-8b4b-02814898e98b,e8eec532-2900-11ef-8b4b-02814898e98b,1e64c936-22ff-11eb-9ba0-024e14449321,0
0,404 N. Main,Unit 5,6a7ee96c-822e-11f0-8b4b-02814898e98b,e8eec532-2900-11ef-8b4b-02814898e98b,1e64c936-22ff-11eb-9ba0-024e14449321,0
0,404 N. Main,Unit 7,6b241edf-822e-11f0-8b4b-02814898e98b,e8eec532-2900-11ef-8b4b-02814898e98b,1e64c936-22ff-11eb-9ba0-024e14449321,0
0,404 N. Main,Unit 8,6b764931-822e-11f0-8b4b-02814898e98b,e8eec532-2900-11ef-8b4b-02814898e98b,1e64c936-22ff-11eb-9ba0-024e14449321,0
0,404 N. Main,Unit 9,49016c1f-2302-11eb-9ba0-024e14449321,35400de4-28fc-11ef-8b4b-02814898e98b,1e64c936-22ff-11eb-9ba0-024e14449321,0
0,404 N. Main,Unit 9,4994210b-2302-11eb-9ba0-024e14449321,35400de4-28fc-11ef-8b4b-02814898e98b,1e64c936-22ff-11eb-9ba0-024e14449321,0
0,404 N. Main,Unit 9,49e70d83-2302-11eb-9ba0-024e14449321,35400de4-28fc-11ef-8b4b-02814898e98b,1e64c936-22ff-11eb-9ba0-024e14449321,0
0,404 N. Main,Unit 10,4b247819-2302-11eb-9ba0-024e14449321,1aab1cc1-28ff-11ef-8b4b-02814898e98b,1e64c936-22ff-11eb-9ba0-024e14449321,0
0,404 N. Main,Unit 10,4bb49295-2302-11eb-9ba0-024e14449321,1aab1cc1-28ff-11ef-8b4b-02814898e98b,1e64c936-22ff-11eb-9ba0-024e14449321,0
0,404 N. Main,Unit 10,4c2e23e4-2302-11eb-9ba0-024e14449321,1aab1cc1-28ff-11ef-8b4b-02814898e98b,1e64c936-22ff-11eb-9ba0-024e14449321,0
0,404 N. Main,Unit 11,6c812633-822e-11f0-8b4b-02814898e98b,e8eec532-2900-11ef-8b4b-02814898e98b,1e64c936-22ff-11eb-9ba0-024e14449321,0
0,404 N. Main,Unit 12,5108a6e5-2302-11eb-9ba0-024e14449321,e8eec532-2900-11ef-8b4b-02814898e98b,1e64c936-22ff-11eb-9ba0-024e14449321,0
0,404 N. Main,Unit 12,51c5217a-2302-11eb-9ba0-024e14449321,e8eec532-2900-11ef-8b4b-02814898e98b,1e64c936-22ff-11eb-9ba0-024e14449321,0
0,404 N. Main,Unit 12,525a5f50-2302-11eb-9ba0-024e14449321,e8eec532-2900-11ef-8b4b-02814898e98b,1e64c936-22ff-11eb-9ba0-024e14449321,0
0,404 N. Main - 13.1,Unit 13,6d2ae73f-822e-11f0-8b4b-02814898e98b,e8eec532-2900-11ef-8b4b-02814898e98b,1e64c936-22ff-11eb-9ba0-024e14449321,0
0,404 N. Main - 14.1,Unit 14,6d7cce0c-822e-11f0-8b4b-02814898e98b,e8eec532-2900-11ef-8b4b-02814898e98b,1e64c936-22ff-11eb-9ba0-024e14449321,0
0,404 N. Main - 6.1,Unit 6,6ace3359-822e-11f0-8b4b-02814898e98b,e8eec532-2900-11ef-8b4b-02814898e98b,1e64c936-22ff-11eb-9ba0-024e14449321,0
0,405 S. Broadway,Unit 2,e1ddffda-22ff-11eb-9ba0-024e14449321,5a4b033d-1d27-11ef-8b4b-02814898e98b,1ae7da23-22ff-11eb-9ba0-024e14449321,0
0,405 S. Broadway,Unit 2,e2c47117-22ff-11eb-9ba0-024e14449321,5a4b033d-1d27-11ef-8b4b-02814898e98b,1ae7da23-22ff-11eb-9ba0-024e14449321,0
0,405 S. Broadway,Unit 3,e48012d9-22ff-11eb-9ba0-024e14449321,5a4b033d-1d27-11ef-8b4b-02814898e98b,1ae7da23-22ff-11eb-9ba0-024e14449321,0
0,405 S. Broadway,Unit 3,e55f34d5-22ff-11eb-9ba0-024e14449321,5a4b033d-1d27-11ef-8b4b-02814898e98b,1ae7da23-22ff-11eb-9ba0-024e14449321,0
0,405 S. Broadway,Unit 10,f04492fd-22ff-11eb-9ba0-024e14449321,5a4b033d-1d27-11ef-8b4b-02814898e98b,1ae7da23-22ff-11eb-9ba0-024e14449321,0
0,405 S. Broadway,Unit 10,f177ba70-22ff-11eb-9ba0-024e14449321,5a4b033d-1d27-11ef-8b4b-02814898e98b,1ae7da23-22ff-11eb-9ba0-024e14449321,0
0,405 S. Broadway,Unit 13,65cf143d-d468-11ef-8b4b-02814898e98b,46f3c51a-2a5a-11ef-8b4b-02814898e98b,1ae7da23-22ff-11eb-9ba0-024e14449321,0
0,405 S. Broadway,Unit 16,6a52e0b6-d468-11ef-8b4b-02814898e98b,8637be52-2a65-11ef-8b4b-02814898e98b,1ae7da23-22ff-11eb-9ba0-024e14449321,0
0,405 S. Broadway,Unit 17,6ca98cf0-d468-11ef-8b4b-02814898e98b,46f3c51a-2a5a-11ef-8b4b-02814898e98b,1ae7da23-22ff-11eb-9ba0-024e14449321,0
0,405 S. Broadway,Unit 18,058602c4-2300-11eb-9ba0-024e14449321,46f3c51a-2a5a-11ef-8b4b-02814898e98b,1ae7da23-22ff-11eb-9ba0-024e14449321,0
0,405 S. Broadway,Unit 18,064dca2b-2300-11eb-9ba0-024e14449321,46f3c51a-2a5a-11ef-8b4b-02814898e98b,1ae7da23-22ff-11eb-9ba0-024e14449321,0
0,405 S. Broadway,Unit 18,06f761b4-2300-11eb-9ba0-024e14449321,46f3c51a-2a5a-11ef-8b4b-02814898e98b,1ae7da23-22ff-11eb-9ba0-024e14449321,0
0,405 S. Broadway,Unit 19,704dd390-d468-11ef-8b4b-02814898e98b,8637be52-2a65-11ef-8b4b-02814898e98b,1ae7da23-22ff-11eb-9ba0-024e14449321,0
0,405 S. Broadway,Unit 20,727ee8f6-d468-11ef-8b4b-02814898e98b,46f3c51a-2a5a-11ef-8b4b-02814898e98b,1ae7da23-22ff-11eb-9ba0-024e14449321,0
0,405 S. Broadway,Unit 21,74a443ef-d468-11ef-8b4b-02814898e98b,46f3c51a-2a5a-11ef-8b4b-02814898e98b,1ae7da23-22ff-11eb-9ba0-024e14449321,0
0,405 S. Broadway,Unit 22,76953518-d468-11ef-8b4b-02814898e98b,46f3c51a-2a5a-11ef-8b4b-02814898e98b,1ae7da23-22ff-11eb-9ba0-024e14449321,0
0,405 S. Broadway,Unit 23,78b18d71-d468-11ef-8b4b-02814898e98b,46f3c51a-2a5a-11ef-8b4b-02814898e98b,1ae7da23-22ff-11eb-9ba0-024e14449321,0
0,405 S. Broadway,Unit 24,15bb15db-2300-11eb-9ba0-024e14449321,46f3c51a-2a5a-11ef-8b4b-02814898e98b,1ae7da23-22ff-11eb-9ba0-024e14449321,0
0,405 S. Broadway,Unit 24,16b87f84-2300-11eb-9ba0-024e14449321,46f3c51a-2a5a-11ef-8b4b-02814898e98b,1ae7da23-22ff-11eb-9ba0-024e14449321,0
0,405 S. Broadway,Unit 24,170bc605-2300-11eb-9ba0-024e14449321,46f3c51a-2a5a-11ef-8b4b-02814898e98b,1ae7da23-22ff-11eb-9ba0-024e14449321,0
0,405 S. Broadway,Unit 25,7c17dbfa-d468-11ef-8b4b-02814898e98b,8637be52-2a65-11ef-8b4b-02814898e98b,1ae7da23-22ff-11eb-9ba0-024e14449321,0
0,405 S. Broadway,Unit 26,7e50bf1f-d468-11ef-8b4b-02814898e98b,8637be52-2a65-11ef-8b4b-02814898e98b,1ae7da23-22ff-11eb-9ba0-024e14449321,0
0,405 S. Broadway,Unit 27,1d6e21bd-2300-11eb-9ba0-024e14449321,46f3c51a-2a5a-11ef-8b4b-02814898e98b,1ae7da23-22ff-11eb-9ba0-024e14449321,0
0,405 S. Broadway,Unit 27,1dea3428-2300-11eb-9ba0-024e14449321,46f3c51a-2a5a-11ef-8b4b-02814898e98b,1ae7da23-22ff-11eb-9ba0-024e14449321,0
0,405 S. Broadway,Unit 27,1dfc9fb8-2300-11eb-9ba0-024e14449321,46f3c51a-2a5a-11ef-8b4b-02814898e98b,1ae7da23-22ff-11eb-9ba0-024e14449321,0
0,405 S. Broadway,Unit 28,1e92c7c0-2300-11eb-9ba0-024e14449321,46f3c51a-2a5a-11ef-8b4b-02814898e98b,1ae7da23-22ff-11eb-9ba0-024e14449321,0
0,405 S. Broadway,Unit 28,1f5c98f8-2300-11eb-9ba0-024e14449321,46f3c51a-2a5a-11ef-8b4b-02814898e98b,1ae7da23-22ff-11eb-9ba0-024e14449321,0
0,405 S. Broadway,Unit 28,2017d4a4-2300-11eb-9ba0-024e14449321,46f3c51a-2a5a-11ef-8b4b-02814898e98b,1ae7da23-22ff-11eb-9ba0-024e14449321,0
0,405 S. Broadway,Unit 28,212cfc76-2300-11eb-9ba0-024e14449321,46f3c51a-2a5a-11ef-8b4b-02814898e98b,1ae7da23-22ff-11eb-9ba0-024e14449321,0
0,405 S. Broadway,Unit 29,22083494-2300-11eb-9ba0-024e14449321,46f3c51a-2a5a-11ef-8b4b-02814898e98b,1ae7da23-22ff-11eb-9ba0-024e14449321,0
0,405 S. Broadway,Unit 29,2254a755-2300-11eb-9ba0-024e14449321,46f3c51a-2a5a-11ef-8b4b-02814898e98b,1ae7da23-22ff-11eb-9ba0-024e14449321,0
0,405 S. Broadway,Unit 29,229d0f89-2300-11eb-9ba0-024e14449321,46f3c51a-2a5a-11ef-8b4b-02814898e98b,1ae7da23-22ff-11eb-9ba0-024e14449321,0
0,405 S. Broadway,Unit 29,233dab6e-2300-11eb-9ba0-024e14449321,46f3c51a-2a5a-11ef-8b4b-02814898e98b,1ae7da23-22ff-11eb-9ba0-024e14449321,0
0,406 Broadway,Unit # 1,27db0fbb-6053-11ed-9528-0a5c5a1a7776,a6fc01bf-2a6e-11ef-8b4b-02814898e98b,25ad28c7-6053-11ed-9528-0a5c5a1a7776,0
0,406 Broadway,Unit # 1,27ecf545-6053-11ed-9528-0a5c5a1a7776,a6fc01bf-2a6e-11ef-8b4b-02814898e98b,25ad28c7-6053-11ed-9528-0a5c5a1a7776,0
0,406 Broadway,Unit # 1,28006cd2-6053-11ed-9528-0a5c5a1a7776,a6fc01bf-2a6e-11ef-8b4b-02814898e98b,25ad28c7-6053-11ed-9528-0a5c5a1a7776,0
0,406 Broadway,Unit # 2,2821f90b-6053-11ed-9528-0a5c5a1a7776,a6fc01bf-2a6e-11ef-8b4b-02814898e98b,25ad28c7-6053-11ed-9528-0a5c5a1a7776,0
0,406 Broadway,Unit # 2,28324356-6053-11ed-9528-0a5c5a1a7776,a6fc01bf-2a6e-11ef-8b4b-02814898e98b,25ad28c7-6053-11ed-9528-0a5c5a1a7776,0
0,406 Broadway,Unit # 2,2843bc1d-6053-11ed-9528-0a5c5a1a7776,a6fc01bf-2a6e-11ef-8b4b-02814898e98b,25ad28c7-6053-11ed-9528-0a5c5a1a7776,0
0,406 Broadway,Unit # 3,6eb8d33e-822e-11f0-8b4b-02814898e98b,a6fc01bf-2a6e-11ef-8b4b-02814898e98b,25ad28c7-6053-11ed-9528-0a5c5a1a7776,0
0,406 Broadway,Unit # 4,2900e0ae-6053-11ed-9528-0a5c5a1a7776,a6fc01bf-2a6e-11ef-8b4b-02814898e98b,25ad28c7-6053-11ed-9528-0a5c5a1a7776,0
0,406 Broadway,Unit # 4,2921df6e-6053-11ed-9528-0a5c5a1a7776,a6fc01bf-2a6e-11ef-8b4b-02814898e98b,25ad28c7-6053-11ed-9528-0a5c5a1a7776,0
0,406 Broadway,Unit # 4,294372b6-6053-11ed-9528-0a5c5a1a7776,a6fc01bf-2a6e-11ef-8b4b-02814898e98b,25ad28c7-6053-11ed-9528-0a5c5a1a7776,0
0,406 Broadway,Unit # 5,2987cebc-6053-11ed-9528-0a5c5a1a7776,a6fc01bf-2a6e-11ef-8b4b-02814898e98b,25ad28c7-6053-11ed-9528-0a5c5a1a7776,0
0,406 Broadway,Unit # 5,29b17c70-6053-11ed-9528-0a5c5a1a7776,a6fc01bf-2a6e-11ef-8b4b-02814898e98b,25ad28c7-6053-11ed-9528-0a5c5a1a7776,0
0,406 Broadway,Unit # 5,29d4982c-6053-11ed-9528-0a5c5a1a7776,a6fc01bf-2a6e-11ef-8b4b-02814898e98b,25ad28c7-6053-11ed-9528-0a5c5a1a7776,0
0,406 Broadway,Unit # 6,6fac7d9d-822e-11f0-8b4b-02814898e98b,a6fc01bf-2a6e-11ef-8b4b-02814898e98b,25ad28c7-6053-11ed-9528-0a5c5a1a7776,0
0,406 Broadway,Unit # 7,2aabdde2-6053-11ed-9528-0a5c5a1a7776,a6fc01bf-2a6e-11ef-8b4b-02814898e98b,25ad28c7-6053-11ed-9528-0a5c5a1a7776,0
0,406 Broadway,Unit # 7,2acdce82-6053-11ed-9528-0a5c5a1a7776,a6fc01bf-2a6e-11ef-8b4b-02814898e98b,25ad28c7-6053-11ed-9528-0a5c5a1a7776,0
0,406 Broadway,Unit # 7,2af2dcc3-6053-11ed-9528-0a5c5a1a7776,a6fc01bf-2a6e-11ef-8b4b-02814898e98b,25ad28c7-6053-11ed-9528-0a5c5a1a7776,0
0,406 Broadway,Unit # 8,2b40134c-6053-11ed-9528-0a5c5a1a7776,a6fc01bf-2a6e-11ef-8b4b-02814898e98b,25ad28c7-6053-11ed-9528-0a5c5a1a7776,0
0,406 Broadway,Unit # 8,2b64c5bb-6053-11ed-9528-0a5c5a1a7776,a6fc01bf-2a6e-11ef-8b4b-02814898e98b,25ad28c7-6053-11ed-9528-0a5c5a1a7776,0
0,406 Broadway,Unit # 8,2b89119b-6053-11ed-9528-0a5c5a1a7776,a6fc01bf-2a6e-11ef-8b4b-02814898e98b,25ad28c7-6053-11ed-9528-0a5c5a1a7776,0
0,406 Broadway,Unit # 9,2bc3e2d9-6053-11ed-9528-0a5c5a1a7776,a6fc01bf-2a6e-11ef-8b4b-02814898e98b,25ad28c7-6053-11ed-9528-0a5c5a1a7776,0
0,406 Broadway,Unit # 9,2bd53cff-6053-11ed-9528-0a5c5a1a7776,a6fc01bf-2a6e-11ef-8b4b-02814898e98b,25ad28c7-6053-11ed-9528-0a5c5a1a7776,0
0,406 Broadway,Unit # 9,2be6799b-6053-11ed-9528-0a5c5a1a7776,a6fc01bf-2a6e-11ef-8b4b-02814898e98b,25ad28c7-6053-11ed-9528-0a5c5a1a7776,0
0,406 Broadway,Unit # 10,2c0aa573-6053-11ed-9528-0a5c5a1a7776,a6fc01bf-2a6e-11ef-8b4b-02814898e98b,25ad28c7-6053-11ed-9528-0a5c5a1a7776,0
0,406 Broadway,Unit # 10,2c1c4b15-6053-11ed-9528-0a5c5a1a7776,a6fc01bf-2a6e-11ef-8b4b-02814898e98b,25ad28c7-6053-11ed-9528-0a5c5a1a7776,0
0,406 Broadway,Unit # 10,2c2dc121-6053-11ed-9528-0a5c5a1a7776,a6fc01bf-2a6e-11ef-8b4b-02814898e98b,25ad28c7-6053-11ed-9528-0a5c5a1a7776,0
0,406 Broadway,Unit # 11,71264301-822e-11f0-8b4b-02814898e98b,a6fc01bf-2a6e-11ef-8b4b-02814898e98b,25ad28c7-6053-11ed-9528-0a5c5a1a7776,0
0,406 Broadway,Unit # 12,2cbad699-6053-11ed-9528-0a5c5a1a7776,a6fc01bf-2a6e-11ef-8b4b-02814898e98b,25ad28c7-6053-11ed-9528-0a5c5a1a7776,0
0,406 Broadway,Unit # 12,2ce3b0e1-6053-11ed-9528-0a5c5a1a7776,a6fc01bf-2a6e-11ef-8b4b-02814898e98b,25ad28c7-6053-11ed-9528-0a5c5a1a7776,0
0,406 Broadway,Unit # 12,2d107499-6053-11ed-9528-0a5c5a1a7776,a6fc01bf-2a6e-11ef-8b4b-02814898e98b,25ad28c7-6053-11ed-9528-0a5c5a1a7776,0
0,406 Broadway,Unit # 13,2d39652c-6053-11ed-9528-0a5c5a1a7776,a6fc01bf-2a6e-11ef-8b4b-02814898e98b,25ad28c7-6053-11ed-9528-0a5c5a1a7776,0
0,406 Broadway,Unit # 13,2d4df236-6053-11ed-9528-0a5c5a1a7776,a6fc01bf-2a6e-11ef-8b4b-02814898e98b,25ad28c7-6053-11ed-9528-0a5c5a1a7776,0
0,406 Broadway,Unit # 13,2d6156a3-6053-11ed-9528-0a5c5a1a7776,a6fc01bf-2a6e-11ef-8b4b-02814898e98b,25ad28c7-6053-11ed-9528-0a5c5a1a7776,0
0,406 Broadway,Unit # 13,2d747e2f-6053-11ed-9528-0a5c5a1a7776,a6fc01bf-2a6e-11ef-8b4b-02814898e98b,25ad28c7-6053-11ed-9528-0a5c5a1a7776,0
0,406 Broadway,Unit # 14,7208efc1-822e-11f0-8b4b-02814898e98b,a6fc01bf-2a6e-11ef-8b4b-02814898e98b,25ad28c7-6053-11ed-9528-0a5c5a1a7776,0
0,406 Broadway,Unit # 15,7253197a-822e-11f0-8b4b-02814898e98b,a6fc01bf-2a6e-11ef-8b4b-02814898e98b,25ad28c7-6053-11ed-9528-0a5c5a1a7776,0
0,406 Broadway,Unit # 16,72b484af-822e-11f0-8b4b-02814898e98b,a6fc01bf-2a6e-11ef-8b4b-02814898e98b,25ad28c7-6053-11ed-9528-0a5c5a1a7776,0
0,406 Broadway,Unit # 17,7300e102-822e-11f0-8b4b-02814898e98b,a6fc01bf-2a6e-11ef-8b4b-02814898e98b,25ad28c7-6053-11ed-9528-0a5c5a1a7776,0
0,406 Broadway,Unit # 18,2f6ed2a8-6053-11ed-9528-0a5c5a1a7776,a6fc01bf-2a6e-11ef-8b4b-02814898e98b,25ad28c7-6053-11ed-9528-0a5c5a1a7776,0
0,406 Broadway,Unit # 18,2f91ddb3-6053-11ed-9528-0a5c5a1a7776,a6fc01bf-2a6e-11ef-8b4b-02814898e98b,25ad28c7-6053-11ed-9528-0a5c5a1a7776,0
0,406 Broadway,Unit # 18,2fb4513b-6053-11ed-9528-0a5c5a1a7776,a6fc01bf-2a6e-11ef-8b4b-02814898e98b,25ad28c7-6053-11ed-9528-0a5c5a1a7776,0
0,406 Broadway,Unit # 18,2fd669f0-6053-11ed-9528-0a5c5a1a7776,a6fc01bf-2a6e-11ef-8b4b-02814898e98b,25ad28c7-6053-11ed-9528-0a5c5a1a7776,0
0,406 Broadway,Unit # 19,301b4787-6053-11ed-9528-0a5c5a1a7776,a6fc01bf-2a6e-11ef-8b4b-02814898e98b,25ad28c7-6053-11ed-9528-0a5c5a1a7776,0
0,406 Broadway,Unit # 19,30401859-6053-11ed-9528-0a5c5a1a7776,a6fc01bf-2a6e-11ef-8b4b-02814898e98b,25ad28c7-6053-11ed-9528-0a5c5a1a7776,0
0,406 Broadway,Unit # 19,3063e1ab-6053-11ed-9528-0a5c5a1a7776,a6fc01bf-2a6e-11ef-8b4b-02814898e98b,25ad28c7-6053-11ed-9528-0a5c5a1a7776,0
0,406 Broadway,Unit # 20,73e95422-822e-11f0-8b4b-02814898e98b,a6fc01bf-2a6e-11ef-8b4b-02814898e98b,25ad28c7-6053-11ed-9528-0a5c5a1a7776,0
0,406 Broadway,Unit # 21,31358abd-6053-11ed-9528-0a5c5a1a7776,a6fc01bf-2a6e-11ef-8b4b-02814898e98b,25ad28c7-6053-11ed-9528-0a5c5a1a7776,0
0,406 Broadway,Unit # 21,315969a6-6053-11ed-9528-0a5c5a1a7776,a6fc01bf-2a6e-11ef-8b4b-02814898e98b,25ad28c7-6053-11ed-9528-0a5c5a1a7776,0
0,406 Broadway,Unit # 21,317cd947-6053-11ed-9528-0a5c5a1a7776,a6fc01bf-2a6e-11ef-8b4b-02814898e98b,25ad28c7-6053-11ed-9528-0a5c5a1a7776,0
0,406 Broadway,Unit # 22,31c62e87-6053-11ed-9528-0a5c5a1a7776,a6fc01bf-2a6e-11ef-8b4b-02814898e98b,25ad28c7-6053-11ed-9528-0a5c5a1a7776,0
0,406 Broadway,Unit # 22,31ec767e-6053-11ed-9528-0a5c5a1a7776,a6fc01bf-2a6e-11ef-8b4b-02814898e98b,25ad28c7-6053-11ed-9528-0a5c5a1a7776,0
0,406 Broadway,Unit # 22,32144968-6053-11ed-9528-0a5c5a1a7776,a6fc01bf-2a6e-11ef-8b4b-02814898e98b,25ad28c7-6053-11ed-9528-0a5c5a1a7776,0
0,406 Broadway,Unit # 23,74d28b9e-822e-11f0-8b4b-02814898e98b,a6fc01bf-2a6e-11ef-8b4b-02814898e98b,25ad28c7-6053-11ed-9528-0a5c5a1a7776,0
0,406 Broadway,Unit # 24,3302d741-6053-11ed-9528-0a5c5a1a7776,a6fc01bf-2a6e-11ef-8b4b-02814898e98b,25ad28c7-6053-11ed-9528-0a5c5a1a7776,0
0,406 Broadway,Unit # 24,3329b637-6053-11ed-9528-0a5c5a1a7776,a6fc01bf-2a6e-11ef-8b4b-02814898e98b,25ad28c7-6053-11ed-9528-0a5c5a1a7776,0
0,406 Broadway,Unit # 24,334f1b7b-6053-11ed-9528-0a5c5a1a7776,a6fc01bf-2a6e-11ef-8b4b-02814898e98b,25ad28c7-6053-11ed-9528-0a5c5a1a7776,0
0,406 E 2nd Street,,d6a92639-051d-11f1-8b4b-02814898e98b,9472957f-06ca-11f1-8b4b-02814898e98b,d5b80fd6-051d-11f1-8b4b-02814898e98b,0
0,406 W. Locust,Unit 1,1d328b71-d468-11ef-8b4b-02814898e98b,2381503c-21c8-11ef-8b4b-02814898e98b,1b1d49a6-22ff-11eb-9ba0-024e14449321,0
0,406 W. Locust,Unit 2,1f142cdf-d468-11ef-8b4b-02814898e98b,2381503c-21c8-11ef-8b4b-02814898e98b,1b1d49a6-22ff-11eb-9ba0-024e14449321,0
0,406 W. Locust,Unit 3,20a92ac1-d468-11ef-8b4b-02814898e98b,2381503c-21c8-11ef-8b4b-02814898e98b,1b1d49a6-22ff-11eb-9ba0-024e14449321,0
0,406 W. Locust,Unit 4,22177be5-d468-11ef-8b4b-02814898e98b,2381503c-21c8-11ef-8b4b-02814898e98b,1b1d49a6-22ff-11eb-9ba0-024e14449321,0
0,406 W. Locust,Unit 5,23b5ae4b-d468-11ef-8b4b-02814898e98b,24d883df-1dc4-11ef-8b4b-02814898e98b,1b1d49a6-22ff-11eb-9ba0-024e14449321,0
0,406 W. Locust,Unit 6,262bcdc7-d468-11ef-8b4b-02814898e98b,24d883df-1dc4-11ef-8b4b-02814898e98b,1b1d49a6-22ff-11eb-9ba0-024e14449321,0
0,406 W. Locust,Unit 9,27ae5070-d468-11ef-8b4b-02814898e98b,24d883df-1dc4-11ef-8b4b-02814898e98b,1b1d49a6-22ff-11eb-9ba0-024e14449321,0
0,406 W. Locust,Unit 10,28bc13ef-d468-11ef-8b4b-02814898e98b,24d883df-1dc4-11ef-8b4b-02814898e98b,1b1d49a6-22ff-11eb-9ba0-024e14449321,0
0,406 W. Locust,Unit 11,2a166d5b-d468-11ef-8b4b-02814898e98b,24d883df-1dc4-11ef-8b4b-02814898e98b,1b1d49a6-22ff-11eb-9ba0-024e14449321,0
0,406 W. Locust,Unit 12,2ae54a13-d468-11ef-8b4b-02814898e98b,24d883df-1dc4-11ef-8b4b-02814898e98b,1b1d49a6-22ff-11eb-9ba0-024e14449321,0
0,406 W. Locust,Unit 15,c065c3a0-22ff-11eb-9ba0-024e14449321,24d883df-1dc4-11ef-8b4b-02814898e98b,1b1d49a6-22ff-11eb-9ba0-024e14449321,0
0,406 W. Locust,Unit 15,c0ce15cb-22ff-11eb-9ba0-024e14449321,24d883df-1dc4-11ef-8b4b-02814898e98b,1b1d49a6-22ff-11eb-9ba0-024e14449321,0
0,406 W. Locust,Unit 16,2d082624-d468-11ef-8b4b-02814898e98b,24d883df-1dc4-11ef-8b4b-02814898e98b,1b1d49a6-22ff-11eb-9ba0-024e14449321,0
0,407 W. Willow,Unit # 1,744a96cf-d469-11ef-8b4b-02814898e98b,6250d696-2cbc-11ef-8b4b-02814898e98b,6b2919db-6062-11ed-9528-0a5c5a1a7776,0
0,407 W. Willow,Unit # 2,6beb7cd9-6062-11ed-9528-0a5c5a1a7776,6250d696-2cbc-11ef-8b4b-02814898e98b,6b2919db-6062-11ed-9528-0a5c5a1a7776,0
0,407 W. Willow,Unit # 2,6bfbcf98-6062-11ed-9528-0a5c5a1a7776,6250d696-2cbc-11ef-8b4b-02814898e98b,6b2919db-6062-11ed-9528-0a5c5a1a7776,0
0,407 W. Willow,Unit # 2,6c0bf556-6062-11ed-9528-0a5c5a1a7776,6250d696-2cbc-11ef-8b4b-02814898e98b,6b2919db-6062-11ed-9528-0a5c5a1a7776,0
0,407 W. Willow,Unit # 3,76c85e5c-d469-11ef-8b4b-02814898e98b,6250d696-2cbc-11ef-8b4b-02814898e98b,6b2919db-6062-11ed-9528-0a5c5a1a7776,0
0,407 W. Willow,Unit # 4,78301b32-d469-11ef-8b4b-02814898e98b,6250d696-2cbc-11ef-8b4b-02814898e98b,6b2919db-6062-11ed-9528-0a5c5a1a7776,0
0,407 W. Willow,Unit # 6,7a09916c-d469-11ef-8b4b-02814898e98b,6250d696-2cbc-11ef-8b4b-02814898e98b,6b2919db-6062-11ed-9528-0a5c5a1a7776,0
0,407 W. Willow - 5.2,Unit # 5,79177bda-d469-11ef-8b4b-02814898e98b,\N,6b2919db-6062-11ed-9528-0a5c5a1a7776,0
0,408 E 2nd Street,,d6b2169b-051d-11f1-8b4b-02814898e98b,9472957f-06ca-11f1-8b4b-02814898e98b,d5b80fd6-051d-11f1-8b4b-02814898e98b,0
0,409 Park Creek Court,,5b07c320-81d0-11ef-8b4b-02814898e98b,\N,5ae6b66b-81d0-11ef-8b4b-02814898e98b,0
0,409 School,Unit H.1,cb134ffe-22ff-11eb-9ba0-024e14449321,\N,1b5754f8-22ff-11eb-9ba0-024e14449321,0
0,410 E 2nd Street,,d6bb474f-051d-11f1-8b4b-02814898e98b,9472957f-06ca-11f1-8b4b-02814898e98b,d5b80fd6-051d-11f1-8b4b-02814898e98b,0
0,410 N. Main,Unit 1,d09e31f0-22ff-11eb-9ba0-024e14449321,970bca25-21d4-11ef-8b4b-02814898e98b,1b709538-22ff-11eb-9ba0-024e14449321,0
0,410 N. Main,Unit 1,d134255e-22ff-11eb-9ba0-024e14449321,970bca25-21d4-11ef-8b4b-02814898e98b,1b709538-22ff-11eb-9ba0-024e14449321,0
0,410 N. Main,Unit 2,d25d643c-22ff-11eb-9ba0-024e14449321,970bca25-21d4-11ef-8b4b-02814898e98b,1b709538-22ff-11eb-9ba0-024e14449321,0
0,410 N. Main,Unit 2,d376f09d-22ff-11eb-9ba0-024e14449321,970bca25-21d4-11ef-8b4b-02814898e98b,1b709538-22ff-11eb-9ba0-024e14449321,0
0,410 N. Main,Unit 3,767309e5-822e-11f0-8b4b-02814898e98b,970bca25-21d4-11ef-8b4b-02814898e98b,1b709538-22ff-11eb-9ba0-024e14449321,0
0,410 N. Main,Unit 4,d819db1a-22ff-11eb-9ba0-024e14449321,970bca25-21d4-11ef-8b4b-02814898e98b,1b709538-22ff-11eb-9ba0-024e14449321,0
0,410 N. Main,Unit 4,d9432124-22ff-11eb-9ba0-024e14449321,970bca25-21d4-11ef-8b4b-02814898e98b,1b709538-22ff-11eb-9ba0-024e14449321,0
0,410 N. Main,Unit 5,db6bfe9c-22ff-11eb-9ba0-024e14449321,970bca25-21d4-11ef-8b4b-02814898e98b,1b709538-22ff-11eb-9ba0-024e14449321,0
0,410 N. Main,Unit 5,dc2e8654-22ff-11eb-9ba0-024e14449321,970bca25-21d4-11ef-8b4b-02814898e98b,1b709538-22ff-11eb-9ba0-024e14449321,0
0,410 N. Main,Unit 6,dd78e097-22ff-11eb-9ba0-024e14449321,970bca25-21d4-11ef-8b4b-02814898e98b,1b709538-22ff-11eb-9ba0-024e14449321,0
0,410 N. Main,Unit 6,de30d2e7-22ff-11eb-9ba0-024e14449321,970bca25-21d4-11ef-8b4b-02814898e98b,1b709538-22ff-11eb-9ba0-024e14449321,0
0,410 N. Main,Unit 7,7794dfbf-822e-11f0-8b4b-02814898e98b,970bca25-21d4-11ef-8b4b-02814898e98b,1b709538-22ff-11eb-9ba0-024e14449321,0
0,410 N. Main,Unit 8,e1e0237a-22ff-11eb-9ba0-024e14449321,970bca25-21d4-11ef-8b4b-02814898e98b,1b709538-22ff-11eb-9ba0-024e14449321,0
0,410 N. Main,Unit 8,e2d9bf9d-22ff-11eb-9ba0-024e14449321,970bca25-21d4-11ef-8b4b-02814898e98b,1b709538-22ff-11eb-9ba0-024e14449321,0
0,410 N. Main,Unit 9,7825a82c-822e-11f0-8b4b-02814898e98b,970bca25-21d4-11ef-8b4b-02814898e98b,1b709538-22ff-11eb-9ba0-024e14449321,0
0,410 N. Main,Unit 10,e62fb4e3-22ff-11eb-9ba0-024e14449321,970bca25-21d4-11ef-8b4b-02814898e98b,1b709538-22ff-11eb-9ba0-024e14449321,0
0,410 N. Main,Unit 10,e6a140a6-22ff-11eb-9ba0-024e14449321,970bca25-21d4-11ef-8b4b-02814898e98b,1b709538-22ff-11eb-9ba0-024e14449321,0
0,410 N. Main,Unit 11,78ace8ca-822e-11f0-8b4b-02814898e98b,970bca25-21d4-11ef-8b4b-02814898e98b,1b709538-22ff-11eb-9ba0-024e14449321,0
0,410 N. Main,Unit 12,e97f31bc-22ff-11eb-9ba0-024e14449321,970bca25-21d4-11ef-8b4b-02814898e98b,1b709538-22ff-11eb-9ba0-024e14449321,0
0,410 N. Main,Unit 12,e9e47a84-22ff-11eb-9ba0-024e14449321,970bca25-21d4-11ef-8b4b-02814898e98b,1b709538-22ff-11eb-9ba0-024e14449321,0
0,410 N. Main,Unit 13,ea6a52d9-22ff-11eb-9ba0-024e14449321,970bca25-21d4-11ef-8b4b-02814898e98b,1b709538-22ff-11eb-9ba0-024e14449321,0
0,410 N. Main,Unit 13,eae977bd-22ff-11eb-9ba0-024e14449321,970bca25-21d4-11ef-8b4b-02814898e98b,1b709538-22ff-11eb-9ba0-024e14449321,0
0,410 N. Main,Unit 13,eb6db61a-22ff-11eb-9ba0-024e14449321,970bca25-21d4-11ef-8b4b-02814898e98b,1b709538-22ff-11eb-9ba0-024e14449321,0
0,410 N. Main,Unit 14,ebf39395-22ff-11eb-9ba0-024e14449321,970bca25-21d4-11ef-8b4b-02814898e98b,1b709538-22ff-11eb-9ba0-024e14449321,0
0,410 N. Main,Unit 14,ec6838f1-22ff-11eb-9ba0-024e14449321,970bca25-21d4-11ef-8b4b-02814898e98b,1b709538-22ff-11eb-9ba0-024e14449321,0
0,410 N. Main,Unit 14,ecda9d3a-22ff-11eb-9ba0-024e14449321,970bca25-21d4-11ef-8b4b-02814898e98b,1b709538-22ff-11eb-9ba0-024e14449321,0
0,410 N. Main,Unit 15,79e3ceb9-822e-11f0-8b4b-02814898e98b,970bca25-21d4-11ef-8b4b-02814898e98b,1b709538-22ff-11eb-9ba0-024e14449321,0
0,410 N. Main,Unit 16,f086251f-22ff-11eb-9ba0-024e14449321,970bca25-21d4-11ef-8b4b-02814898e98b,1b709538-22ff-11eb-9ba0-024e14449321,0
0,410 N. Main,Unit 16,f189a661-22ff-11eb-9ba0-024e14449321,970bca25-21d4-11ef-8b4b-02814898e98b,1b709538-22ff-11eb-9ba0-024e14449321,0
0,410 N. Main,Unit 17,7a73c3f1-822e-11f0-8b4b-02814898e98b,970bca25-21d4-11ef-8b4b-02814898e98b,1b709538-22ff-11eb-9ba0-024e14449321,0
0,410 N. Main,Unit 18,f4995dbb-22ff-11eb-9ba0-024e14449321,970bca25-21d4-11ef-8b4b-02814898e98b,1b709538-22ff-11eb-9ba0-024e14449321,0
0,410 N. Main,Unit 18,f50d298a-22ff-11eb-9ba0-024e14449321,970bca25-21d4-11ef-8b4b-02814898e98b,1b709538-22ff-11eb-9ba0-024e14449321,0
0,410 W. Vernon,Unit 1,7b36d8a6-822e-11f0-8b4b-02814898e98b,dcdd5de6-1dc8-11ef-8b4b-02814898e98b,1b9c2b55-22ff-11eb-9ba0-024e14449321,0
0,410 W. Vernon,Unit 2,f81529a0-22ff-11eb-9ba0-024e14449321,dcdd5de6-1dc8-11ef-8b4b-02814898e98b,1b9c2b55-22ff-11eb-9ba0-024e14449321,0
0,410 W. Vernon,Unit 3,7bbf7686-822e-11f0-8b4b-02814898e98b,dcdd5de6-1dc8-11ef-8b4b-02814898e98b,1b9c2b55-22ff-11eb-9ba0-024e14449321,0
0,410 W. Vernon,Unit 4,7c1e2510-822e-11f0-8b4b-02814898e98b,0690f651-21d9-11ef-8b4b-02814898e98b,1b9c2b55-22ff-11eb-9ba0-024e14449321,0
0,410 W. Vernon,Unit 6,fbbcbe88-22ff-11eb-9ba0-024e14449321,dcdd5de6-1dc8-11ef-8b4b-02814898e98b,1b9c2b55-22ff-11eb-9ba0-024e14449321,0
0,410 W. Vernon,Unit 8,7d4b3bea-822e-11f0-8b4b-02814898e98b,0690f651-21d9-11ef-8b4b-02814898e98b,1b9c2b55-22ff-11eb-9ba0-024e14449321,0
0,410 W. Vernon,Unit 9,7d8c1b17-822e-11f0-8b4b-02814898e98b,dcdd5de6-1dc8-11ef-8b4b-02814898e98b,1b9c2b55-22ff-11eb-9ba0-024e14449321,0
0,410 W. Vernon,Unit 10,7dccdcea-822e-11f0-8b4b-02814898e98b,dcdd5de6-1dc8-11ef-8b4b-02814898e98b,1b9c2b55-22ff-11eb-9ba0-024e14449321,0
0,410 W. Vernon,Unit 11,7e154853-822e-11f0-8b4b-02814898e98b,dcdd5de6-1dc8-11ef-8b4b-02814898e98b,1b9c2b55-22ff-11eb-9ba0-024e14449321,0
0,410 W. Vernon,Unit 12,05e01ab6-2300-11eb-9ba0-024e14449321,0690f651-21d9-11ef-8b4b-02814898e98b,1b9c2b55-22ff-11eb-9ba0-024e14449321,0
0,410 W. Vernon,Unit 12,0649202a-2300-11eb-9ba0-024e14449321,0690f651-21d9-11ef-8b4b-02814898e98b,1b9c2b55-22ff-11eb-9ba0-024e14449321,0
0,410 W. Vernon,Unit 2,7b79a1f1-822e-11f0-8b4b-02814898e98b,dcdd5de6-1dc8-11ef-8b4b-02814898e98b,1b9c2b55-22ff-11eb-9ba0-024e14449321,0
0,410 W. Vernon - 5.1,Unit 5,7c62d2f8-822e-11f0-8b4b-02814898e98b,dcdd5de6-1dc8-11ef-8b4b-02814898e98b,1b9c2b55-22ff-11eb-9ba0-024e14449321,0
0,410 W. Vernon - 7.1,Unit 7,7cfe2104-822e-11f0-8b4b-02814898e98b,dcdd5de6-1dc8-11ef-8b4b-02814898e98b,1b9c2b55-22ff-11eb-9ba0-024e14449321,0
0,411 E 2nd Street,,d6c4a9c4-051d-11f1-8b4b-02814898e98b,9472957f-06ca-11f1-8b4b-02814898e98b,d5b80fd6-051d-11f1-8b4b-02814898e98b,0
0,412 E 2nd Street,,d6ce7e08-051d-11f1-8b4b-02814898e98b,9472957f-06ca-11f1-8b4b-02814898e98b,d5b80fd6-051d-11f1-8b4b-02814898e98b,0
0,413 E 2nd Street,,d6d7e5ab-051d-11f1-8b4b-02814898e98b,9472957f-06ca-11f1-8b4b-02814898e98b,d5b80fd6-051d-11f1-8b4b-02814898e98b,0
0,413 N. Center,Unit A,ebe4bbd1-42ab-11ee-8b4b-02814898e98b,\N,b49a9dd1-42ab-11ee-8b4b-02814898e98b,0
0,413 W. Doubet Ct.,,7ff9057c-0496-11f1-8b4b-02814898e98b,\N,7fdeb4c8-0496-11f1-8b4b-02814898e98b,0
0,414 E 2nd Street,,d6e0f8f7-051d-11f1-8b4b-02814898e98b,9472957f-06ca-11f1-8b4b-02814898e98b,d5b80fd6-051d-11f1-8b4b-02814898e98b,0
0,414 W Willow St - H,Unit H.1,0dc994a2-2300-11eb-9ba0-024e14449321,\N,1be43962-22ff-11eb-9ba0-024e14449321,0
0,415 E 2nd Street,,d6ed49e6-051d-11f1-8b4b-02814898e98b,9472957f-06ca-11f1-8b4b-02814898e98b,d5b80fd6-051d-11f1-8b4b-02814898e98b,0
0,416 E 2nd Street,,d6f67ff8-051d-11f1-8b4b-02814898e98b,9472957f-06ca-11f1-8b4b-02814898e98b,d5b80fd6-051d-11f1-8b4b-02814898e98b,0
0,417 E 2nd Street,,d6ff6e67-051d-11f1-8b4b-02814898e98b,9472957f-06ca-11f1-8b4b-02814898e98b,d5b80fd6-051d-11f1-8b4b-02814898e98b,0
0,4207 Knollridge Rd,Unit A1,e9bab689-039d-11f1-8b4b-02814898e98b,0ced2576-06cc-11f1-8b4b-02814898e98b,e5402eb8-039d-11f1-8b4b-02814898e98b,0
0,4207 Knollridge Rd,Unit A3,e9c63072-039d-11f1-8b4b-02814898e98b,0ced2576-06cc-11f1-8b4b-02814898e98b,e5402eb8-039d-11f1-8b4b-02814898e98b,0
0,4207 Knollridge Rd,Unit A4,e9d29387-039d-11f1-8b4b-02814898e98b,0ced2576-06cc-11f1-8b4b-02814898e98b,e5402eb8-039d-11f1-8b4b-02814898e98b,0
0,4207 Knollridge Rd,Unit B1,e9e2377f-039d-11f1-8b4b-02814898e98b,0ced2576-06cc-11f1-8b4b-02814898e98b,e5402eb8-039d-11f1-8b4b-02814898e98b,0
0,4207 Knollridge Rd,Unit B2,e9f027f7-039d-11f1-8b4b-02814898e98b,0ced2576-06cc-11f1-8b4b-02814898e98b,e5402eb8-039d-11f1-8b4b-02814898e98b,0
1,4207 Knollridge Rd,Unit B3,ea015228-039d-11f1-8b4b-02814898e98b,0ced2576-06cc-11f1-8b4b-02814898e98b,e5402eb8-039d-11f1-8b4b-02814898e98b,0
0,4207 Knollridge Rd,Unit B4,ea0f6eeb-039d-11f1-8b4b-02814898e98b,0ced2576-06cc-11f1-8b4b-02814898e98b,e5402eb8-039d-11f1-8b4b-02814898e98b,0
0,4207 Knollridge Rd,Unit C1,ea1e8fb7-039d-11f1-8b4b-02814898e98b,0ced2576-06cc-11f1-8b4b-02814898e98b,e5402eb8-039d-11f1-8b4b-02814898e98b,0
0,4207 Knollridge Rd,Unit C2,ea2aa4b7-039d-11f1-8b4b-02814898e98b,0ced2576-06cc-11f1-8b4b-02814898e98b,e5402eb8-039d-11f1-8b4b-02814898e98b,0
0,4207 Knollridge Rd,Unit C3,ea381cbc-039d-11f1-8b4b-02814898e98b,0ced2576-06cc-11f1-8b4b-02814898e98b,e5402eb8-039d-11f1-8b4b-02814898e98b,0
0,4207 Knollridge Rd,Unit C4,ea44b583-039d-11f1-8b4b-02814898e98b,0ced2576-06cc-11f1-8b4b-02814898e98b,e5402eb8-039d-11f1-8b4b-02814898e98b,0
0,4213 Knollridge Rd,Unit A1,e9388e1c-039d-11f1-8b4b-02814898e98b,0ced2576-06cc-11f1-8b4b-02814898e98b,e5402eb8-039d-11f1-8b4b-02814898e98b,0
1,4213 Knollridge Rd,Unit A2,e94572d7-039d-11f1-8b4b-02814898e98b,0ced2576-06cc-11f1-8b4b-02814898e98b,e5402eb8-039d-11f1-8b4b-02814898e98b,0
0,4213 Knollridge Rd,Unit A4,e95188f0-039d-11f1-8b4b-02814898e98b,0ced2576-06cc-11f1-8b4b-02814898e98b,e5402eb8-039d-11f1-8b4b-02814898e98b,0
0,4213 Knollridge Rd,Unit B1,e95e047b-039d-11f1-8b4b-02814898e98b,0ced2576-06cc-11f1-8b4b-02814898e98b,e5402eb8-039d-11f1-8b4b-02814898e98b,0
0,4213 Knollridge Rd,Unit B2,e96b162b-039d-11f1-8b4b-02814898e98b,0ced2576-06cc-11f1-8b4b-02814898e98b,e5402eb8-039d-11f1-8b4b-02814898e98b,0
0,4213 Knollridge Rd,Unit B3,e975bc38-039d-11f1-8b4b-02814898e98b,0ced2576-06cc-11f1-8b4b-02814898e98b,e5402eb8-039d-11f1-8b4b-02814898e98b,0
1,4213 Knollridge Rd,Unit B4,e9811630-039d-11f1-8b4b-02814898e98b,0ced2576-06cc-11f1-8b4b-02814898e98b,e5402eb8-039d-11f1-8b4b-02814898e98b,0
1,4213 Knollridge Rd,Unit C1,e98d2f49-039d-11f1-8b4b-02814898e98b,0ced2576-06cc-11f1-8b4b-02814898e98b,e5402eb8-039d-11f1-8b4b-02814898e98b,0
0,4213 Knollridge Rd,Unit C2,e9991b73-039d-11f1-8b4b-02814898e98b,0ced2576-06cc-11f1-8b4b-02814898e98b,e5402eb8-039d-11f1-8b4b-02814898e98b,0
0,4213 Knollridge Rd,Unit C3,e9a47e43-039d-11f1-8b4b-02814898e98b,0ced2576-06cc-11f1-8b4b-02814898e98b,e5402eb8-039d-11f1-8b4b-02814898e98b,0
0,4213 Knollridge Rd,Unit C4,e9af9cdb-039d-11f1-8b4b-02814898e98b,0ced2576-06cc-11f1-8b4b-02814898e98b,e5402eb8-039d-11f1-8b4b-02814898e98b,0
0,4221 Knoll Ridge Rd,Unit C2,e9122978-039d-11f1-8b4b-02814898e98b,0ced2576-06cc-11f1-8b4b-02814898e98b,e5402eb8-039d-11f1-8b4b-02814898e98b,0
0,4221 Knollridge,Unit C3,e91fa0c4-039d-11f1-8b4b-02814898e98b,0ced2576-06cc-11f1-8b4b-02814898e98b,e5402eb8-039d-11f1-8b4b-02814898e98b,0
0,4221 Knollridge Rd,Unit A1,e8a6c2fe-039d-11f1-8b4b-02814898e98b,0ced2576-06cc-11f1-8b4b-02814898e98b,e5402eb8-039d-11f1-8b4b-02814898e98b,0
1,4221 Knollridge Rd,Unit A2,e8b34374-039d-11f1-8b4b-02814898e98b,0ced2576-06cc-11f1-8b4b-02814898e98b,e5402eb8-039d-11f1-8b4b-02814898e98b,0
0,4221 Knollridge Rd,Unit A4,e8c00182-039d-11f1-8b4b-02814898e98b,0ced2576-06cc-11f1-8b4b-02814898e98b,e5402eb8-039d-11f1-8b4b-02814898e98b,0
0,4221 Knollridge Rd,Unit B1,e8d020aa-039d-11f1-8b4b-02814898e98b,0ced2576-06cc-11f1-8b4b-02814898e98b,e5402eb8-039d-11f1-8b4b-02814898e98b,0
0,4221 Knollridge Rd,Unit B2,e8db9ab2-039d-11f1-8b4b-02814898e98b,0ced2576-06cc-11f1-8b4b-02814898e98b,e5402eb8-039d-11f1-8b4b-02814898e98b,0
0,4221 Knollridge Rd,Unit B3,e8e828a9-039d-11f1-8b4b-02814898e98b,0ced2576-06cc-11f1-8b4b-02814898e98b,e5402eb8-039d-11f1-8b4b-02814898e98b,0
0,4221 Knollridge Rd,Unit B4,e8f6591d-039d-11f1-8b4b-02814898e98b,0ced2576-06cc-11f1-8b4b-02814898e98b,e5402eb8-039d-11f1-8b4b-02814898e98b,0
1,4221 Knollridge Rd,Unit C1,e904d50c-039d-11f1-8b4b-02814898e98b,0ced2576-06cc-11f1-8b4b-02814898e98b,e5402eb8-039d-11f1-8b4b-02814898e98b,0
0,4221 Knollridge Rd,Unit C4,e92b513b-039d-11f1-8b4b-02814898e98b,0ced2576-06cc-11f1-8b4b-02814898e98b,e5402eb8-039d-11f1-8b4b-02814898e98b,0
0,4227 Knollridge Rd,Unit A2,e8210fb1-039d-11f1-8b4b-02814898e98b,0ced2576-06cc-11f1-8b4b-02814898e98b,e5402eb8-039d-11f1-8b4b-02814898e98b,0
1,4227 Knollridge Rd,Unit A3,e82e9296-039d-11f1-8b4b-02814898e98b,0ced2576-06cc-11f1-8b4b-02814898e98b,e5402eb8-039d-11f1-8b4b-02814898e98b,0
0,4227 Knollridge Rd,Unit A4,e83b05ee-039d-11f1-8b4b-02814898e98b,0ced2576-06cc-11f1-8b4b-02814898e98b,e5402eb8-039d-11f1-8b4b-02814898e98b,0
0,4227 Knollridge Rd,Unit B1,e845ac32-039d-11f1-8b4b-02814898e98b,0ced2576-06cc-11f1-8b4b-02814898e98b,e5402eb8-039d-11f1-8b4b-02814898e98b,0
0,4227 Knollridge Rd,Unit B2,e850a5dc-039d-11f1-8b4b-02814898e98b,0ced2576-06cc-11f1-8b4b-02814898e98b,e5402eb8-039d-11f1-8b4b-02814898e98b,0
0,4227 Knollridge Rd,Unit B3,e85afad4-039d-11f1-8b4b-02814898e98b,0ced2576-06cc-11f1-8b4b-02814898e98b,e5402eb8-039d-11f1-8b4b-02814898e98b,0
0,4227 Knollridge Rd,Unit B4,e8660ce2-039d-11f1-8b4b-02814898e98b,0ced2576-06cc-11f1-8b4b-02814898e98b,e5402eb8-039d-11f1-8b4b-02814898e98b,0
1,4227 Knollridge Rd,Unit C1,e8706513-039d-11f1-8b4b-02814898e98b,0ced2576-06cc-11f1-8b4b-02814898e98b,e5402eb8-039d-11f1-8b4b-02814898e98b,0
0,4227 Knollridge Rd,Unit C2,e87a700f-039d-11f1-8b4b-02814898e98b,0ced2576-06cc-11f1-8b4b-02814898e98b,e5402eb8-039d-11f1-8b4b-02814898e98b,0
0,4227 Knollridge Rd,Unit C3,e88e618f-039d-11f1-8b4b-02814898e98b,0ced2576-06cc-11f1-8b4b-02814898e98b,e5402eb8-039d-11f1-8b4b-02814898e98b,0
0,4227 Knollridge Rd,Unit C4,e89b192b-039d-11f1-8b4b-02814898e98b,0ced2576-06cc-11f1-8b4b-02814898e98b,e5402eb8-039d-11f1-8b4b-02814898e98b,0
0,4233 Knollridge Rd,Unit A2,e7a1e6fb-039d-11f1-8b4b-02814898e98b,0ced2576-06cc-11f1-8b4b-02814898e98b,e5402eb8-039d-11f1-8b4b-02814898e98b,0
1,4233 Knollridge Rd,Unit A3,e7ad5c1c-039d-11f1-8b4b-02814898e98b,0ced2576-06cc-11f1-8b4b-02814898e98b,e5402eb8-039d-11f1-8b4b-02814898e98b,0
0,4233 Knollridge Rd,Unit A4,e7b88ede-039d-11f1-8b4b-02814898e98b,0ced2576-06cc-11f1-8b4b-02814898e98b,e5402eb8-039d-11f1-8b4b-02814898e98b,0
0,4233 Knollridge Rd,Unit B1,e7c5ae1c-039d-11f1-8b4b-02814898e98b,0ced2576-06cc-11f1-8b4b-02814898e98b,e5402eb8-039d-11f1-8b4b-02814898e98b,0
0,4233 Knollridge Rd,Unit B2,e7d210c6-039d-11f1-8b4b-02814898e98b,0ced2576-06cc-11f1-8b4b-02814898e98b,e5402eb8-039d-11f1-8b4b-02814898e98b,0
0,4233 Knollridge Rd,Unit B3,e7dd0061-039d-11f1-8b4b-02814898e98b,0ced2576-06cc-11f1-8b4b-02814898e98b,e5402eb8-039d-11f1-8b4b-02814898e98b,0
0,4233 Knollridge Rd,Unit B4,e7e9681e-039d-11f1-8b4b-02814898e98b,0ced2576-06cc-11f1-8b4b-02814898e98b,e5402eb8-039d-11f1-8b4b-02814898e98b,0
1,4233 Knollridge Rd,Unit C1,e7f43ad5-039d-11f1-8b4b-02814898e98b,0ced2576-06cc-11f1-8b4b-02814898e98b,e5402eb8-039d-11f1-8b4b-02814898e98b,0
0,4233 Knollridge Rd,Unit C2,e7ff839e-039d-11f1-8b4b-02814898e98b,0ced2576-06cc-11f1-8b4b-02814898e98b,e5402eb8-039d-11f1-8b4b-02814898e98b,0
0,4233 Knollridge Rd,Unit C3,e80b13d8-039d-11f1-8b4b-02814898e98b,0ced2576-06cc-11f1-8b4b-02814898e98b,e5402eb8-039d-11f1-8b4b-02814898e98b,0
1,4233 Knollridge Rd,Unit C4,e8163859-039d-11f1-8b4b-02814898e98b,0ced2576-06cc-11f1-8b4b-02814898e98b,e5402eb8-039d-11f1-8b4b-02814898e98b,0
0,4241 Knollridge Rd,Unit A1,e7163444-039d-11f1-8b4b-02814898e98b,0ced2576-06cc-11f1-8b4b-02814898e98b,e5402eb8-039d-11f1-8b4b-02814898e98b,0
0,4241 Knollridge Rd,Unit A2,e723f3aa-039d-11f1-8b4b-02814898e98b,0ced2576-06cc-11f1-8b4b-02814898e98b,e5402eb8-039d-11f1-8b4b-02814898e98b,0
0,4241 Knollridge Rd,Unit A3,e730a5a5-039d-11f1-8b4b-02814898e98b,0ced2576-06cc-11f1-8b4b-02814898e98b,e5402eb8-039d-11f1-8b4b-02814898e98b,0
0,4241 Knollridge Rd,Unit B1,e73d75da-039d-11f1-8b4b-02814898e98b,0ced2576-06cc-11f1-8b4b-02814898e98b,e5402eb8-039d-11f1-8b4b-02814898e98b,0
0,4241 Knollridge Rd,Unit B2,e74a10eb-039d-11f1-8b4b-02814898e98b,0ced2576-06cc-11f1-8b4b-02814898e98b,e5402eb8-039d-11f1-8b4b-02814898e98b,0
0,4241 Knollridge Rd,Unit B3,e75880b1-039d-11f1-8b4b-02814898e98b,0ced2576-06cc-11f1-8b4b-02814898e98b,e5402eb8-039d-11f1-8b4b-02814898e98b,0
0,4241 Knollridge Rd,Unit B4,e7653e01-039d-11f1-8b4b-02814898e98b,0ced2576-06cc-11f1-8b4b-02814898e98b,e5402eb8-039d-11f1-8b4b-02814898e98b,0
0,4241 Knollridge Rd,Unit C1,e77309a8-039d-11f1-8b4b-02814898e98b,0ced2576-06cc-11f1-8b4b-02814898e98b,e5402eb8-039d-11f1-8b4b-02814898e98b,0
0,4241 Knollridge Rd,Unit C2,e77e6ba8-039d-11f1-8b4b-02814898e98b,0ced2576-06cc-11f1-8b4b-02814898e98b,e5402eb8-039d-11f1-8b4b-02814898e98b,0
0,4241 Knollridge Rd,Unit C3,e7891417-039d-11f1-8b4b-02814898e98b,0ced2576-06cc-11f1-8b4b-02814898e98b,e5402eb8-039d-11f1-8b4b-02814898e98b,0
0,4241 Knollridge Rd,Unit C4,e796c8e0-039d-11f1-8b4b-02814898e98b,0ced2576-06cc-11f1-8b4b-02814898e98b,e5402eb8-039d-11f1-8b4b-02814898e98b,0
0,501 Broadway,Unit 12,ddbb42f5-d468-11ef-8b4b-02814898e98b,7033d6e7-28c5-11ef-8b4b-02814898e98b,1da0414c-22ff-11eb-9ba0-024e14449321,0
0,501 Broadway,Unit 13,df3c606f-d468-11ef-8b4b-02814898e98b,7033d6e7-28c5-11ef-8b4b-02814898e98b,1da0414c-22ff-11eb-9ba0-024e14449321,0
0,501 Broadway,Unit 16,e34dd464-d468-11ef-8b4b-02814898e98b,7033d6e7-28c5-11ef-8b4b-02814898e98b,1da0414c-22ff-11eb-9ba0-024e14449321,0
0,501 Broadway,Unit 21,e7abfb3d-d468-11ef-8b4b-02814898e98b,7033d6e7-28c5-11ef-8b4b-02814898e98b,1da0414c-22ff-11eb-9ba0-024e14449321,0
0,501 Broadway,Unit 22,e91279c8-d468-11ef-8b4b-02814898e98b,7033d6e7-28c5-11ef-8b4b-02814898e98b,1da0414c-22ff-11eb-9ba0-024e14449321,0
0,501 Broadway,Unit 23,eaa9547a-d468-11ef-8b4b-02814898e98b,7033d6e7-28c5-11ef-8b4b-02814898e98b,1da0414c-22ff-11eb-9ba0-024e14449321,0
0,501 Broadway,Unit 24,ec94e9f5-d468-11ef-8b4b-02814898e98b,7033d6e7-28c5-11ef-8b4b-02814898e98b,1da0414c-22ff-11eb-9ba0-024e14449321,0
0,501 Broadway,Unit 26,eefc253b-d468-11ef-8b4b-02814898e98b,7033d6e7-28c5-11ef-8b4b-02814898e98b,1da0414c-22ff-11eb-9ba0-024e14449321,0
0,501 Broadway,Unit 28,f20c1838-d468-11ef-8b4b-02814898e98b,7033d6e7-28c5-11ef-8b4b-02814898e98b,1da0414c-22ff-11eb-9ba0-024e14449321,0
0,501 Broadway - 11.2,Unit 11,dbd6da43-d468-11ef-8b4b-02814898e98b,db90c2cc-d468-11ef-8b4b-02814898e98b,1da0414c-22ff-11eb-9ba0-024e14449321,0
0,501 Broadway - 14,Unit 14,e07b3a85-d468-11ef-8b4b-02814898e98b,db9a71b4-d468-11ef-8b4b-02814898e98b,1da0414c-22ff-11eb-9ba0-024e14449321,0
0,501 Broadway - 17.2,Unit 17,e507a455-d468-11ef-8b4b-02814898e98b,db9ff75c-d468-11ef-8b4b-02814898e98b,1da0414c-22ff-11eb-9ba0-024e14449321,0
0,501 Broadway - 18.3,Unit 18,e5f7adb7-d468-11ef-8b4b-02814898e98b,dba3a8f9-d468-11ef-8b4b-02814898e98b,1da0414c-22ff-11eb-9ba0-024e14449321,0
0,503 S. Broadway,Unit 1,951a1b0d-22ff-11eb-9ba0-024e14449321,80671dda-298e-11ef-8b4b-02814898e98b,1c86181b-22ff-11eb-9ba0-024e14449321,0
0,503 S. Broadway,Unit 1,965430f6-22ff-11eb-9ba0-024e14449321,80671dda-298e-11ef-8b4b-02814898e98b,1c86181b-22ff-11eb-9ba0-024e14449321,0
0,503 S. Broadway,Unit 1,97ba4c7a-22ff-11eb-9ba0-024e14449321,80671dda-298e-11ef-8b4b-02814898e98b,1c86181b-22ff-11eb-9ba0-024e14449321,0
0,503 S. Broadway,Unit 2,98d28a6e-22ff-11eb-9ba0-024e14449321,80671dda-298e-11ef-8b4b-02814898e98b,1c86181b-22ff-11eb-9ba0-024e14449321,0
0,503 S. Broadway,Unit 2,99371c6c-22ff-11eb-9ba0-024e14449321,80671dda-298e-11ef-8b4b-02814898e98b,1c86181b-22ff-11eb-9ba0-024e14449321,0
0,503 S. Broadway,Unit 2,99e95cb2-22ff-11eb-9ba0-024e14449321,80671dda-298e-11ef-8b4b-02814898e98b,1c86181b-22ff-11eb-9ba0-024e14449321,0
0,503 S. Broadway,Unit 4,9c9a6a3e-22ff-11eb-9ba0-024e14449321,80671dda-298e-11ef-8b4b-02814898e98b,1c86181b-22ff-11eb-9ba0-024e14449321,0
0,503 S. Broadway,Unit 4,9d404d31-22ff-11eb-9ba0-024e14449321,80671dda-298e-11ef-8b4b-02814898e98b,1c86181b-22ff-11eb-9ba0-024e14449321,0
0,503 S. Broadway,Unit 4,9dbf5e45-22ff-11eb-9ba0-024e14449321,80671dda-298e-11ef-8b4b-02814898e98b,1c86181b-22ff-11eb-9ba0-024e14449321,0
0,504 W. Willow,Unit 1,9ec81d48-22ff-11eb-9ba0-024e14449321,3f9c5f51-298f-11ef-8b4b-02814898e98b,1ca0c0f5-22ff-11eb-9ba0-024e14449321,0
0,504 W. Willow,Unit 1,9f86196c-22ff-11eb-9ba0-024e14449321,3f9c5f51-298f-11ef-8b4b-02814898e98b,1ca0c0f5-22ff-11eb-9ba0-024e14449321,0
0,504 W. Willow,Unit 1,9fed92ff-22ff-11eb-9ba0-024e14449321,3f9c5f51-298f-11ef-8b4b-02814898e98b,1ca0c0f5-22ff-11eb-9ba0-024e14449321,0
0,504 W. Willow,Unit 2,a15cbf92-22ff-11eb-9ba0-024e14449321,3f9c5f51-298f-11ef-8b4b-02814898e98b,1ca0c0f5-22ff-11eb-9ba0-024e14449321,0
0,504 W. Willow,Unit 2,a20f4b0c-22ff-11eb-9ba0-024e14449321,3f9c5f51-298f-11ef-8b4b-02814898e98b,1ca0c0f5-22ff-11eb-9ba0-024e14449321,0
0,504 W. Willow,Unit 2,a291c8ab-22ff-11eb-9ba0-024e14449321,3f9c5f51-298f-11ef-8b4b-02814898e98b,1ca0c0f5-22ff-11eb-9ba0-024e14449321,0
0,504 W. Willow,Unit 4,a5bc2fe8-22ff-11eb-9ba0-024e14449321,3f9c5f51-298f-11ef-8b4b-02814898e98b,1ca0c0f5-22ff-11eb-9ba0-024e14449321,0
0,504 W. Willow,Unit 4,a67b48bf-22ff-11eb-9ba0-024e14449321,3f9c5f51-298f-11ef-8b4b-02814898e98b,1ca0c0f5-22ff-11eb-9ba0-024e14449321,0
0,504 W. Willow,Unit 4,a77fa1cd-22ff-11eb-9ba0-024e14449321,3f9c5f51-298f-11ef-8b4b-02814898e98b,1ca0c0f5-22ff-11eb-9ba0-024e14449321,0
0,504 W. Willow,Unit 5,a8a3e197-22ff-11eb-9ba0-024e14449321,3f9c5f51-298f-11ef-8b4b-02814898e98b,1ca0c0f5-22ff-11eb-9ba0-024e14449321,0
0,504 W. Willow,Unit 5,a9087887-22ff-11eb-9ba0-024e14449321,3f9c5f51-298f-11ef-8b4b-02814898e98b,1ca0c0f5-22ff-11eb-9ba0-024e14449321,0
0,504 W. Willow,Unit 5,a9afced9-22ff-11eb-9ba0-024e14449321,3f9c5f51-298f-11ef-8b4b-02814898e98b,1ca0c0f5-22ff-11eb-9ba0-024e14449321,0
0,504 W. Willow,Unit 8,b22c4cdb-22ff-11eb-9ba0-024e14449321,3f9c5f51-298f-11ef-8b4b-02814898e98b,1ca0c0f5-22ff-11eb-9ba0-024e14449321,0
0,504 W. Willow,Unit 8,b2a0a770-22ff-11eb-9ba0-024e14449321,3f9c5f51-298f-11ef-8b4b-02814898e98b,1ca0c0f5-22ff-11eb-9ba0-024e14449321,0
0,504 W. Willow,Unit 8,b3153280-22ff-11eb-9ba0-024e14449321,3f9c5f51-298f-11ef-8b4b-02814898e98b,1ca0c0f5-22ff-11eb-9ba0-024e14449321,0
0,504 W. Willow,Unit 9,b3af6094-22ff-11eb-9ba0-024e14449321,3f9c5f51-298f-11ef-8b4b-02814898e98b,1ca0c0f5-22ff-11eb-9ba0-024e14449321,0
0,504 W. Willow,Unit 9,b42429be-22ff-11eb-9ba0-024e14449321,3f9c5f51-298f-11ef-8b4b-02814898e98b,1ca0c0f5-22ff-11eb-9ba0-024e14449321,0
0,504 W. Willow,Unit 9,b4959ca2-22ff-11eb-9ba0-024e14449321,3f9c5f51-298f-11ef-8b4b-02814898e98b,1ca0c0f5-22ff-11eb-9ba0-024e14449321,0
0,504 W. Willow,Unit 10,b5a295a0-22ff-11eb-9ba0-024e14449321,3f9c5f51-298f-11ef-8b4b-02814898e98b,1ca0c0f5-22ff-11eb-9ba0-024e14449321,0
0,504 W. Willow,Unit 10,b629a0cd-22ff-11eb-9ba0-024e14449321,3f9c5f51-298f-11ef-8b4b-02814898e98b,1ca0c0f5-22ff-11eb-9ba0-024e14449321,0
0,504 W. Willow,Unit 10,b6abba2d-22ff-11eb-9ba0-024e14449321,3f9c5f51-298f-11ef-8b4b-02814898e98b,1ca0c0f5-22ff-11eb-9ba0-024e14449321,0
0,505 S. Broadway,Unit A,840ce33e-822e-11f0-8b4b-02814898e98b,f7852c78-1dcd-11ef-8b4b-02814898e98b,1cb70438-22ff-11eb-9ba0-024e14449321,0
0,505 S. Broadway,Unit B,8458125f-822e-11f0-8b4b-02814898e98b,4b42884c-1dce-11ef-8b4b-02814898e98b,1cb70438-22ff-11eb-9ba0-024e14449321,0
0,505 S. Broadway,Unit C,bb57d86c-22ff-11eb-9ba0-024e14449321,4b42884c-1dce-11ef-8b4b-02814898e98b,1cb70438-22ff-11eb-9ba0-024e14449321,0
0,505 S. Broadway,Unit D,84cf290e-822e-11f0-8b4b-02814898e98b,4b42884c-1dce-11ef-8b4b-02814898e98b,1cb70438-22ff-11eb-9ba0-024e14449321,0
0,506 N. Linden - 1,,3b84ebdb-d292-11ef-8b4b-02814898e98b,7940b5cb-34ea-11f0-8b4b-02814898e98b,c2fb8084-cf85-11ef-8b4b-02814898e98b,0
0,506 N. Linden - 2,,499bc0ec-d292-11ef-8b4b-02814898e98b,7940b5cb-34ea-11f0-8b4b-02814898e98b,c2fb8084-cf85-11ef-8b4b-02814898e98b,0
0,506 N. Linden - 3,,54d884da-d292-11ef-8b4b-02814898e98b,7940b5cb-34ea-11f0-8b4b-02814898e98b,c2fb8084-cf85-11ef-8b4b-02814898e98b,0
0,506 N. Linden - 4,,5b389db8-d292-11ef-8b4b-02814898e98b,7940b5cb-34ea-11f0-8b4b-02814898e98b,c2fb8084-cf85-11ef-8b4b-02814898e98b,0
0,506 N. Linden - 5,,6109777f-d292-11ef-8b4b-02814898e98b,7940b5cb-34ea-11f0-8b4b-02814898e98b,c2fb8084-cf85-11ef-8b4b-02814898e98b,0
0,506 N. Linden - 5,,c09a14af-0995-11f0-8b4b-02814898e98b,7940b5cb-34ea-11f0-8b4b-02814898e98b,c2fb8084-cf85-11ef-8b4b-02814898e98b,0
0,506 N. Linden - 6,,67d50e1c-d292-11ef-8b4b-02814898e98b,10528bf8-34f7-11f0-8b4b-02814898e98b,c2fb8084-cf85-11ef-8b4b-02814898e98b,0
0,506 N. Linden - 7,,6c9d7a23-d292-11ef-8b4b-02814898e98b,7940b5cb-34ea-11f0-8b4b-02814898e98b,c2fb8084-cf85-11ef-8b4b-02814898e98b,0
0,506 N. Linden - 8,,761ffe6c-d292-11ef-8b4b-02814898e98b,7940b5cb-34ea-11f0-8b4b-02814898e98b,c2fb8084-cf85-11ef-8b4b-02814898e98b,0
0,506 N. Mclean,,f24d1bbc-21b2-11ee-8b4b-02814898e98b,\N,f2310c4d-21b2-11ee-8b4b-02814898e98b,0
0,5701 W Ridgecrest Dr,Unit 101,099c88ed-03af-11f1-8b4b-02814898e98b,a397e07c-06c4-11f1-8b4b-02814898e98b,0849ef5f-03af-11f1-8b4b-02814898e98b,0
1,5701 W Ridgecrest Dr,Unit 104,09d34f17-03af-11f1-8b4b-02814898e98b,a397e07c-06c4-11f1-8b4b-02814898e98b,0849ef5f-03af-11f1-8b4b-02814898e98b,0
0,5701 W Ridgecrest Dr,Unit 201,09e24bcd-03af-11f1-8b4b-02814898e98b,a397e07c-06c4-11f1-8b4b-02814898e98b,0849ef5f-03af-11f1-8b4b-02814898e98b,0
0,5701 W Ridgecrest Dr,Unit 202,09f128ff-03af-11f1-8b4b-02814898e98b,cdab1804-06c4-11f1-8b4b-02814898e98b,0849ef5f-03af-11f1-8b4b-02814898e98b,0
0,5701 W Ridgecrest Dr,Unit 203,09fed762-03af-11f1-8b4b-02814898e98b,cdab1804-06c4-11f1-8b4b-02814898e98b,0849ef5f-03af-11f1-8b4b-02814898e98b,0
0,5701 W Ridgecrest Dr,Unit 204,0a0dc355-03af-11f1-8b4b-02814898e98b,a397e07c-06c4-11f1-8b4b-02814898e98b,0849ef5f-03af-11f1-8b4b-02814898e98b,0
0,5701 W Ridgecrest Dr,Unit 301,0a1bbec6-03af-11f1-8b4b-02814898e98b,a397e07c-06c4-11f1-8b4b-02814898e98b,0849ef5f-03af-11f1-8b4b-02814898e98b,0
0,5701 W Ridgecrest Dr,Unit 304,0a4accca-03af-11f1-8b4b-02814898e98b,a397e07c-06c4-11f1-8b4b-02814898e98b,0849ef5f-03af-11f1-8b4b-02814898e98b,0
0,5711 W Ridgecrest Dr,Unit 101,0a59d538-03af-11f1-8b4b-02814898e98b,a397e07c-06c4-11f1-8b4b-02814898e98b,0849ef5f-03af-11f1-8b4b-02814898e98b,0
1,5711 W Ridgecrest Dr,Unit 104,0a8bc22b-03af-11f1-8b4b-02814898e98b,a397e07c-06c4-11f1-8b4b-02814898e98b,0849ef5f-03af-11f1-8b4b-02814898e98b,0
0,5711 W Ridgecrest Dr,Unit 201,0a99ef4e-03af-11f1-8b4b-02814898e98b,a397e07c-06c4-11f1-8b4b-02814898e98b,0849ef5f-03af-11f1-8b4b-02814898e98b,0
0,5711 W Ridgecrest Dr,Unit 202,0aa86982-03af-11f1-8b4b-02814898e98b,cdab1804-06c4-11f1-8b4b-02814898e98b,0849ef5f-03af-11f1-8b4b-02814898e98b,0
0,5711 W Ridgecrest Dr,Unit 203,0ab5d626-03af-11f1-8b4b-02814898e98b,cdab1804-06c4-11f1-8b4b-02814898e98b,0849ef5f-03af-11f1-8b4b-02814898e98b,0
0,5711 W Ridgecrest Dr,Unit 204,0ac31026-03af-11f1-8b4b-02814898e98b,a397e07c-06c4-11f1-8b4b-02814898e98b,0849ef5f-03af-11f1-8b4b-02814898e98b,0
0,5711 W Ridgecrest Dr,Unit 301,0ad00bb0-03af-11f1-8b4b-02814898e98b,a397e07c-06c4-11f1-8b4b-02814898e98b,0849ef5f-03af-11f1-8b4b-02814898e98b,0
0,5711 W Ridgecrest Dr,Unit 304,0af7fb7e-03af-11f1-8b4b-02814898e98b,a397e07c-06c4-11f1-8b4b-02814898e98b,0849ef5f-03af-11f1-8b4b-02814898e98b,0
1,5721 W Ridgecrest Dr,Unit 101,0b059647-03af-11f1-8b4b-02814898e98b,a397e07c-06c4-11f1-8b4b-02814898e98b,0849ef5f-03af-11f1-8b4b-02814898e98b,0
0,5721 W Ridgecrest Dr,Unit 104,0b30da82-03af-11f1-8b4b-02814898e98b,a397e07c-06c4-11f1-8b4b-02814898e98b,0849ef5f-03af-11f1-8b4b-02814898e98b,0
1,5721 W Ridgecrest Dr,Unit 201,0b3ea4c2-03af-11f1-8b4b-02814898e98b,a397e07c-06c4-11f1-8b4b-02814898e98b,0849ef5f-03af-11f1-8b4b-02814898e98b,0
0,5721 W Ridgecrest Dr,Unit 202,0b4d0347-03af-11f1-8b4b-02814898e98b,cdab1804-06c4-11f1-8b4b-02814898e98b,0849ef5f-03af-11f1-8b4b-02814898e98b,0
0,5721 W Ridgecrest Dr,Unit 203,0b5c2a5c-03af-11f1-8b4b-02814898e98b,cdab1804-06c4-11f1-8b4b-02814898e98b,0849ef5f-03af-11f1-8b4b-02814898e98b,0
0,5721 W Ridgecrest Dr,Unit 204,0b6b4736-03af-11f1-8b4b-02814898e98b,a397e07c-06c4-11f1-8b4b-02814898e98b,0849ef5f-03af-11f1-8b4b-02814898e98b,0
1,5721 W Ridgecrest Dr,Unit 301,0b79a11f-03af-11f1-8b4b-02814898e98b,a397e07c-06c4-11f1-8b4b-02814898e98b,0849ef5f-03af-11f1-8b4b-02814898e98b,0
0,5721 W Ridgecrest Dr,Unit 304,0ba4ec74-03af-11f1-8b4b-02814898e98b,a397e07c-06c4-11f1-8b4b-02814898e98b,0849ef5f-03af-11f1-8b4b-02814898e98b,0
0,5727 W Ridgecrest Dr,Unit 101,0bbcd517-03af-11f1-8b4b-02814898e98b,a397e07c-06c4-11f1-8b4b-02814898e98b,0849ef5f-03af-11f1-8b4b-02814898e98b,0
0,5727 W Ridgecrest Dr,Unit 104,0be5efac-03af-11f1-8b4b-02814898e98b,a397e07c-06c4-11f1-8b4b-02814898e98b,0849ef5f-03af-11f1-8b4b-02814898e98b,0
0,5727 W Ridgecrest Dr,Unit 201,0bf3f11e-03af-11f1-8b4b-02814898e98b,a397e07c-06c4-11f1-8b4b-02814898e98b,0849ef5f-03af-11f1-8b4b-02814898e98b,0
0,5727 W Ridgecrest Dr,Unit 202,0c016c34-03af-11f1-8b4b-02814898e98b,cdab1804-06c4-11f1-8b4b-02814898e98b,0849ef5f-03af-11f1-8b4b-02814898e98b,0
0,5727 W Ridgecrest Dr,Unit 203,0c0eb7d8-03af-11f1-8b4b-02814898e98b,cdab1804-06c4-11f1-8b4b-02814898e98b,0849ef5f-03af-11f1-8b4b-02814898e98b,0
0,5727 W Ridgecrest Dr,Unit 204,0c1ce8a0-03af-11f1-8b4b-02814898e98b,a397e07c-06c4-11f1-8b4b-02814898e98b,0849ef5f-03af-11f1-8b4b-02814898e98b,0
0,5727 W Ridgecrest Dr,Unit 301,0c2a28d0-03af-11f1-8b4b-02814898e98b,a397e07c-06c4-11f1-8b4b-02814898e98b,0849ef5f-03af-11f1-8b4b-02814898e98b,0
0,5727 W Ridgecrest Dr,Unit 304,0c56eea7-03af-11f1-8b4b-02814898e98b,a397e07c-06c4-11f1-8b4b-02814898e98b,0849ef5f-03af-11f1-8b4b-02814898e98b,0
0,5805 W Ridgecrest Dr,Unit 101,0c63c6c1-03af-11f1-8b4b-02814898e98b,a397e07c-06c4-11f1-8b4b-02814898e98b,0849ef5f-03af-11f1-8b4b-02814898e98b,0
0,5805 W Ridgecrest Dr,Unit 104,0c8aba63-03af-11f1-8b4b-02814898e98b,a397e07c-06c4-11f1-8b4b-02814898e98b,0849ef5f-03af-11f1-8b4b-02814898e98b,0
0,5805 W Ridgecrest Dr,Unit 201,0c97e376-03af-11f1-8b4b-02814898e98b,a397e07c-06c4-11f1-8b4b-02814898e98b,0849ef5f-03af-11f1-8b4b-02814898e98b,0
0,5805 W Ridgecrest Dr,Unit 202,0ca5969f-03af-11f1-8b4b-02814898e98b,cdab1804-06c4-11f1-8b4b-02814898e98b,0849ef5f-03af-11f1-8b4b-02814898e98b,0
0,5805 W Ridgecrest Dr,Unit 203,0cb2eb7c-03af-11f1-8b4b-02814898e98b,cdab1804-06c4-11f1-8b4b-02814898e98b,0849ef5f-03af-11f1-8b4b-02814898e98b,0
0,5805 W Ridgecrest Dr,Unit 204,0cc041a8-03af-11f1-8b4b-02814898e98b,a397e07c-06c4-11f1-8b4b-02814898e98b,0849ef5f-03af-11f1-8b4b-02814898e98b,0
0,5805 W Ridgecrest Dr,Unit 301,0ccde5e8-03af-11f1-8b4b-02814898e98b,a397e07c-06c4-11f1-8b4b-02814898e98b,0849ef5f-03af-11f1-8b4b-02814898e98b,0
0,5805 W Ridgecrest Dr,Unit 304,0cf7c5a0-03af-11f1-8b4b-02814898e98b,a397e07c-06c4-11f1-8b4b-02814898e98b,0849ef5f-03af-11f1-8b4b-02814898e98b,0
1,5815 W Ridgecrest Dr,Unit 101,0d05fb0e-03af-11f1-8b4b-02814898e98b,a397e07c-06c4-11f1-8b4b-02814898e98b,0849ef5f-03af-11f1-8b4b-02814898e98b,0
0,5815 W Ridgecrest Dr,Unit 104,0d2ea286-03af-11f1-8b4b-02814898e98b,a397e07c-06c4-11f1-8b4b-02814898e98b,0849ef5f-03af-11f1-8b4b-02814898e98b,0
0,5815 W Ridgecrest Dr,Unit 201,0d3c1986-03af-11f1-8b4b-02814898e98b,a397e07c-06c4-11f1-8b4b-02814898e98b,0849ef5f-03af-11f1-8b4b-02814898e98b,0
0,5815 W Ridgecrest Dr,Unit 202,0d49a083-03af-11f1-8b4b-02814898e98b,cdab1804-06c4-11f1-8b4b-02814898e98b,0849ef5f-03af-11f1-8b4b-02814898e98b,0
0,5815 W Ridgecrest Dr,Unit 203,0d5a1e39-03af-11f1-8b4b-02814898e98b,cdab1804-06c4-11f1-8b4b-02814898e98b,0849ef5f-03af-11f1-8b4b-02814898e98b,0
0,5815 W Ridgecrest Dr,Unit 204,0d6dd597-03af-11f1-8b4b-02814898e98b,a397e07c-06c4-11f1-8b4b-02814898e98b,0849ef5f-03af-11f1-8b4b-02814898e98b,0
0,5815 W Ridgecrest Dr,Unit 301,0d7c3ae2-03af-11f1-8b4b-02814898e98b,a397e07c-06c4-11f1-8b4b-02814898e98b,0849ef5f-03af-11f1-8b4b-02814898e98b,0
0,5815 W Ridgecrest Dr,Unit 304,0da779cf-03af-11f1-8b4b-02814898e98b,a397e07c-06c4-11f1-8b4b-02814898e98b,0849ef5f-03af-11f1-8b4b-02814898e98b,0
0,600 Hester,Unit AA,cdeef720-2301-11eb-9ba0-024e14449321,d06a1107-2768-11ef-8b4b-02814898e98b,1ccea8f9-22ff-11eb-9ba0-024e14449321,0
0,600 Hester,Unit AA,cefb89d4-2301-11eb-9ba0-024e14449321,d06a1107-2768-11ef-8b4b-02814898e98b,1ccea8f9-22ff-11eb-9ba0-024e14449321,0
0,600 Hester,Unit AA,cfe7c554-2301-11eb-9ba0-024e14449321,d06a1107-2768-11ef-8b4b-02814898e98b,1ccea8f9-22ff-11eb-9ba0-024e14449321,0
0,600 Hester,Unit 101,b7ff2ccd-2301-11eb-9ba0-024e14449321,a8d1786a-275b-11ef-8b4b-02814898e98b,1ccea8f9-22ff-11eb-9ba0-024e14449321,0
0,600 Hester,Unit 101,b891ce25-2301-11eb-9ba0-024e14449321,a8d1786a-275b-11ef-8b4b-02814898e98b,1ccea8f9-22ff-11eb-9ba0-024e14449321,0
0,600 Hester,Unit 101,b93babda-2301-11eb-9ba0-024e14449321,a8d1786a-275b-11ef-8b4b-02814898e98b,1ccea8f9-22ff-11eb-9ba0-024e14449321,0
0,600 Hester,Unit 102,ba306ae8-2301-11eb-9ba0-024e14449321,d06a1107-2768-11ef-8b4b-02814898e98b,1ccea8f9-22ff-11eb-9ba0-024e14449321,0
0,600 Hester,Unit 102,ba821b0c-2301-11eb-9ba0-024e14449321,d06a1107-2768-11ef-8b4b-02814898e98b,1ccea8f9-22ff-11eb-9ba0-024e14449321,0
0,600 Hester,Unit 102,bad75630-2301-11eb-9ba0-024e14449321,d06a1107-2768-11ef-8b4b-02814898e98b,1ccea8f9-22ff-11eb-9ba0-024e14449321,0
0,600 Hester,Unit 103,bb9247de-2301-11eb-9ba0-024e14449321,a8d1786a-275b-11ef-8b4b-02814898e98b,1ccea8f9-22ff-11eb-9ba0-024e14449321,0
0,600 Hester,Unit 103,bbe5074e-2301-11eb-9ba0-024e14449321,a8d1786a-275b-11ef-8b4b-02814898e98b,1ccea8f9-22ff-11eb-9ba0-024e14449321,0
0,600 Hester,Unit 103,bc4d29f7-2301-11eb-9ba0-024e14449321,a8d1786a-275b-11ef-8b4b-02814898e98b,1ccea8f9-22ff-11eb-9ba0-024e14449321,0
0,600 Hester,Unit 201,86fb03f3-822e-11f0-8b4b-02814898e98b,a8d1786a-275b-11ef-8b4b-02814898e98b,1ccea8f9-22ff-11eb-9ba0-024e14449321,0
0,600 Hester,Unit 301,c5096a5e-2301-11eb-9ba0-024e14449321,a8d1786a-275b-11ef-8b4b-02814898e98b,1ccea8f9-22ff-11eb-9ba0-024e14449321,0
0,600 Hester,Unit 301,c5615e0a-2301-11eb-9ba0-024e14449321,a8d1786a-275b-11ef-8b4b-02814898e98b,1ccea8f9-22ff-11eb-9ba0-024e14449321,0
0,600 Hester,Unit 301,c5b4620c-2301-11eb-9ba0-024e14449321,a8d1786a-275b-11ef-8b4b-02814898e98b,1ccea8f9-22ff-11eb-9ba0-024e14449321,0
0,600 Hester,Unit 302,c662ed09-2301-11eb-9ba0-024e14449321,835fdf00-2767-11ef-8b4b-02814898e98b,1ccea8f9-22ff-11eb-9ba0-024e14449321,0
0,600 Hester,Unit 302,c6e3bc44-2301-11eb-9ba0-024e14449321,835fdf00-2767-11ef-8b4b-02814898e98b,1ccea8f9-22ff-11eb-9ba0-024e14449321,0
0,600 Hester,Unit 302,c73c22a0-2301-11eb-9ba0-024e14449321,835fdf00-2767-11ef-8b4b-02814898e98b,1ccea8f9-22ff-11eb-9ba0-024e14449321,0
0,600 Hester,Unit 402,c981437e-2301-11eb-9ba0-024e14449321,835fdf00-2767-11ef-8b4b-02814898e98b,1ccea8f9-22ff-11eb-9ba0-024e14449321,0
0,600 Hester,Unit 402,c9d42513-2301-11eb-9ba0-024e14449321,835fdf00-2767-11ef-8b4b-02814898e98b,1ccea8f9-22ff-11eb-9ba0-024e14449321,0
0,600 Hester,Unit 402,ca3c2d45-2301-11eb-9ba0-024e14449321,835fdf00-2767-11ef-8b4b-02814898e98b,1ccea8f9-22ff-11eb-9ba0-024e14449321,0
0,600 Hester,Unit 403,cb1380c5-2301-11eb-9ba0-024e14449321,a8d1786a-275b-11ef-8b4b-02814898e98b,1ccea8f9-22ff-11eb-9ba0-024e14449321,0
0,600 Hester,Unit 403,cbe0cce8-2301-11eb-9ba0-024e14449321,a8d1786a-275b-11ef-8b4b-02814898e98b,1ccea8f9-22ff-11eb-9ba0-024e14449321,0
0,600 Hester,Unit 403,cc3b9829-2301-11eb-9ba0-024e14449321,a8d1786a-275b-11ef-8b4b-02814898e98b,1ccea8f9-22ff-11eb-9ba0-024e14449321,0
0,600 Hester - 202.1,Unit 202,bffac219-2301-11eb-9ba0-024e14449321,835fdf00-2767-11ef-8b4b-02814898e98b,1ccea8f9-22ff-11eb-9ba0-024e14449321,0
0,600 Hester - 202.1,Unit 202,c0bcd91c-2301-11eb-9ba0-024e14449321,835fdf00-2767-11ef-8b4b-02814898e98b,1ccea8f9-22ff-11eb-9ba0-024e14449321,0
0,600 Hester - 202.1,Unit 202,c11dba94-2301-11eb-9ba0-024e14449321,835fdf00-2767-11ef-8b4b-02814898e98b,1ccea8f9-22ff-11eb-9ba0-024e14449321,0
0,600 Hester - 203,Unit 203,c17008fc-2301-11eb-9ba0-024e14449321,a8d1786a-275b-11ef-8b4b-02814898e98b,1ccea8f9-22ff-11eb-9ba0-024e14449321,0
0,600 Hester - 203,Unit 203,c2ba68e0-2301-11eb-9ba0-024e14449321,a8d1786a-275b-11ef-8b4b-02814898e98b,1ccea8f9-22ff-11eb-9ba0-024e14449321,0
0,600 Hester - 203,Unit 203,c3c3b40d-2301-11eb-9ba0-024e14449321,a8d1786a-275b-11ef-8b4b-02814898e98b,1ccea8f9-22ff-11eb-9ba0-024e14449321,0
0,600 Hester - 303.1,Unit 303,c798d1ea-2301-11eb-9ba0-024e14449321,a8d1786a-275b-11ef-8b4b-02814898e98b,1ccea8f9-22ff-11eb-9ba0-024e14449321,0
0,600 Hester - 303.1,Unit 303,c85eb337-2301-11eb-9ba0-024e14449321,a8d1786a-275b-11ef-8b4b-02814898e98b,1ccea8f9-22ff-11eb-9ba0-024e14449321,0
0,600 Hester - 303.1,Unit 303,c8a5119a-2301-11eb-9ba0-024e14449321,a8d1786a-275b-11ef-8b4b-02814898e98b,1ccea8f9-22ff-11eb-9ba0-024e14449321,0
0,601 Broadway,Unit 2,8a2e44b3-822e-11f0-8b4b-02814898e98b,435f6dd5-276c-11ef-8b4b-02814898e98b,1d7e48b3-22ff-11eb-9ba0-024e14449321,0
0,601 Broadway,Unit 3,9517eadd-22ff-11eb-9ba0-024e14449321,435f6dd5-276c-11ef-8b4b-02814898e98b,1d7e48b3-22ff-11eb-9ba0-024e14449321,0
0,601 Broadway,Unit 3,959be422-22ff-11eb-9ba0-024e14449321,435f6dd5-276c-11ef-8b4b-02814898e98b,1d7e48b3-22ff-11eb-9ba0-024e14449321,0
0,601 Broadway,Unit 3,9617d668-22ff-11eb-9ba0-024e14449321,435f6dd5-276c-11ef-8b4b-02814898e98b,1d7e48b3-22ff-11eb-9ba0-024e14449321,0
0,601 Broadway,Unit 4,8aced9ff-822e-11f0-8b4b-02814898e98b,5f3453a3-21da-11ef-8b4b-02814898e98b,1d7e48b3-22ff-11eb-9ba0-024e14449321,0
0,601 Broadway,Unit 5,8b192641-822e-11f0-8b4b-02814898e98b,5f3453a3-21da-11ef-8b4b-02814898e98b,1d7e48b3-22ff-11eb-9ba0-024e14449321,0
0,601 Broadway,Unit 6,8b651f42-822e-11f0-8b4b-02814898e98b,435f6dd5-276c-11ef-8b4b-02814898e98b,1d7e48b3-22ff-11eb-9ba0-024e14449321,0
0,601 Broadway,Unit 7,8bcd2a2d-822e-11f0-8b4b-02814898e98b,435f6dd5-276c-11ef-8b4b-02814898e98b,1d7e48b3-22ff-11eb-9ba0-024e14449321,0
0,601 Broadway - 1.1,Unit 1,89db27e5-822e-11f0-8b4b-02814898e98b,435f6dd5-276c-11ef-8b4b-02814898e98b,1d7e48b3-22ff-11eb-9ba0-024e14449321,0
0,602 Dry Grove,Unit 25,1c85909f-2302-11eb-9ba0-024e14449321,94e08c17-2826-11ef-8b4b-02814898e98b,1e24243a-22ff-11eb-9ba0-024e14449321,0
0,602 Dry Grove,Unit 26,1dc63509-2302-11eb-9ba0-024e14449321,94e08c17-2826-11ef-8b4b-02814898e98b,1e24243a-22ff-11eb-9ba0-024e14449321,0
0,602 Dry Grove,Unit 26,1e16455f-2302-11eb-9ba0-024e14449321,94e08c17-2826-11ef-8b4b-02814898e98b,1e24243a-22ff-11eb-9ba0-024e14449321,0
0,602 Dry Grove,Unit 26,1e676a8d-2302-11eb-9ba0-024e14449321,94e08c17-2826-11ef-8b4b-02814898e98b,1e24243a-22ff-11eb-9ba0-024e14449321,0
0,602 Dry Grove,Unit 27,8fcb4558-822e-11f0-8b4b-02814898e98b,f7b9e60e-1dd0-11ef-8b4b-02814898e98b,1e24243a-22ff-11eb-9ba0-024e14449321,0
0,602 Dry Grove,Unit 31,20072ad9-2302-11eb-9ba0-024e14449321,94e08c17-2826-11ef-8b4b-02814898e98b,1e24243a-22ff-11eb-9ba0-024e14449321,0
0,602 Dry Grove,Unit 31,2053a626-2302-11eb-9ba0-024e14449321,94e08c17-2826-11ef-8b4b-02814898e98b,1e24243a-22ff-11eb-9ba0-024e14449321,0
0,602 Dry Grove,Unit 31,20a5d615-2302-11eb-9ba0-024e14449321,94e08c17-2826-11ef-8b4b-02814898e98b,1e24243a-22ff-11eb-9ba0-024e14449321,0
0,602 Dry Grove,Unit 32,907ebab7-822e-11f0-8b4b-02814898e98b,94e08c17-2826-11ef-8b4b-02814898e98b,1e24243a-22ff-11eb-9ba0-024e14449321,0
0,602 Dry Grove,Unit 33,242f616e-2302-11eb-9ba0-024e14449321,94e08c17-2826-11ef-8b4b-02814898e98b,1e24243a-22ff-11eb-9ba0-024e14449321,0
0,602 Dry Grove,Unit 33,24c60850-2302-11eb-9ba0-024e14449321,94e08c17-2826-11ef-8b4b-02814898e98b,1e24243a-22ff-11eb-9ba0-024e14449321,0
0,602 Dry Grove,Unit 33,257c952a-2302-11eb-9ba0-024e14449321,94e08c17-2826-11ef-8b4b-02814898e98b,1e24243a-22ff-11eb-9ba0-024e14449321,0
0,602 Dry Grove,Unit 34,26561798-2302-11eb-9ba0-024e14449321,94e08c17-2826-11ef-8b4b-02814898e98b,1e24243a-22ff-11eb-9ba0-024e14449321,0
0,602 Dry Grove,Unit 34,26c08569-2302-11eb-9ba0-024e14449321,94e08c17-2826-11ef-8b4b-02814898e98b,1e24243a-22ff-11eb-9ba0-024e14449321,0
0,602 Dry Grove,Unit 34,2714b603-2302-11eb-9ba0-024e14449321,94e08c17-2826-11ef-8b4b-02814898e98b,1e24243a-22ff-11eb-9ba0-024e14449321,0
0,602 Dry Grove,Unit 35,27d637b6-2302-11eb-9ba0-024e14449321,94e08c17-2826-11ef-8b4b-02814898e98b,1e24243a-22ff-11eb-9ba0-024e14449321,0
0,602 Dry Grove,Unit 35,282b1d33-2302-11eb-9ba0-024e14449321,94e08c17-2826-11ef-8b4b-02814898e98b,1e24243a-22ff-11eb-9ba0-024e14449321,0
0,602 Dry Grove,Unit 35,287989ee-2302-11eb-9ba0-024e14449321,94e08c17-2826-11ef-8b4b-02814898e98b,1e24243a-22ff-11eb-9ba0-024e14449321,0
0,602 Dry Grove,Unit 36,295b54f9-2302-11eb-9ba0-024e14449321,94e08c17-2826-11ef-8b4b-02814898e98b,1e24243a-22ff-11eb-9ba0-024e14449321,0
0,602 Dry Grove,Unit 36,29c38dc1-2302-11eb-9ba0-024e14449321,94e08c17-2826-11ef-8b4b-02814898e98b,1e24243a-22ff-11eb-9ba0-024e14449321,0
0,602 Dry Grove,Unit 36,2a188d96-2302-11eb-9ba0-024e14449321,94e08c17-2826-11ef-8b4b-02814898e98b,1e24243a-22ff-11eb-9ba0-024e14449321,0
0,602 Dry Grove,Unit 37,924a7646-822e-11f0-8b4b-02814898e98b,f7b9e60e-1dd0-11ef-8b4b-02814898e98b,1e24243a-22ff-11eb-9ba0-024e14449321,0
0,602 Dry Grove,Unit 41,2beb4138-2302-11eb-9ba0-024e14449321,94e08c17-2826-11ef-8b4b-02814898e98b,1e24243a-22ff-11eb-9ba0-024e14449321,0
0,602 Dry Grove,Unit 41,2c418941-2302-11eb-9ba0-024e14449321,94e08c17-2826-11ef-8b4b-02814898e98b,1e24243a-22ff-11eb-9ba0-024e14449321,0
0,602 Dry Grove,Unit 41,2c951dd4-2302-11eb-9ba0-024e14449321,94e08c17-2826-11ef-8b4b-02814898e98b,1e24243a-22ff-11eb-9ba0-024e14449321,0
0,602 Dry Grove,Unit 42,92fc8f04-822e-11f0-8b4b-02814898e98b,94e08c17-2826-11ef-8b4b-02814898e98b,1e24243a-22ff-11eb-9ba0-024e14449321,0
0,602 Dry Grove,Unit 43,93569114-822e-11f0-8b4b-02814898e98b,94e08c17-2826-11ef-8b4b-02814898e98b,1e24243a-22ff-11eb-9ba0-024e14449321,0
0,602 Dry Grove,Unit 44,93b1b4a1-822e-11f0-8b4b-02814898e98b,94e08c17-2826-11ef-8b4b-02814898e98b,1e24243a-22ff-11eb-9ba0-024e14449321,0
0,602 Dry Grove,Unit 45,3297ffba-2302-11eb-9ba0-024e14449321,94e08c17-2826-11ef-8b4b-02814898e98b,1e24243a-22ff-11eb-9ba0-024e14449321,0
0,602 Dry Grove,Unit 45,32fe60d1-2302-11eb-9ba0-024e14449321,94e08c17-2826-11ef-8b4b-02814898e98b,1e24243a-22ff-11eb-9ba0-024e14449321,0
0,602 Dry Grove,Unit 45,33519386-2302-11eb-9ba0-024e14449321,94e08c17-2826-11ef-8b4b-02814898e98b,1e24243a-22ff-11eb-9ba0-024e14449321,0
0,602 Dry Grove,Unit 46,342cfdf8-2302-11eb-9ba0-024e14449321,94e08c17-2826-11ef-8b4b-02814898e98b,1e24243a-22ff-11eb-9ba0-024e14449321,0
0,602 Dry Grove,Unit 46,34cbe7f7-2302-11eb-9ba0-024e14449321,94e08c17-2826-11ef-8b4b-02814898e98b,1e24243a-22ff-11eb-9ba0-024e14449321,0
0,602 Dry Grove,Unit 46,3549fecd-2302-11eb-9ba0-024e14449321,94e08c17-2826-11ef-8b4b-02814898e98b,1e24243a-22ff-11eb-9ba0-024e14449321,0
0,602 Dry Grove,Unit 47,94cbfb52-822e-11f0-8b4b-02814898e98b,f7b9e60e-1dd0-11ef-8b4b-02814898e98b,1e24243a-22ff-11eb-9ba0-024e14449321,0
0,602 Dry Grove,Unit 11,0fb00fbc-2302-11eb-9ba0-024e14449321,f7b9e60e-1dd0-11ef-8b4b-02814898e98b,1e24243a-22ff-11eb-9ba0-024e14449321,0
0,602 Dry Grove,Unit 42,2d52cce0-2302-11eb-9ba0-024e14449321,94e08c17-2826-11ef-8b4b-02814898e98b,1e24243a-22ff-11eb-9ba0-024e14449321,0
0,602 Dry Grove,Unit 42,2da502c8-2302-11eb-9ba0-024e14449321,94e08c17-2826-11ef-8b4b-02814898e98b,1e24243a-22ff-11eb-9ba0-024e14449321,0
0,602 Dry Grove,Unit 42,2df8bbeb-2302-11eb-9ba0-024e14449321,94e08c17-2826-11ef-8b4b-02814898e98b,1e24243a-22ff-11eb-9ba0-024e14449321,0
0,602 Dry Grove,Unit 43,2ee15b85-2302-11eb-9ba0-024e14449321,94e08c17-2826-11ef-8b4b-02814898e98b,1e24243a-22ff-11eb-9ba0-024e14449321,0
0,602 Dry Grove,Unit 43,2f73c06b-2302-11eb-9ba0-024e14449321,94e08c17-2826-11ef-8b4b-02814898e98b,1e24243a-22ff-11eb-9ba0-024e14449321,0
0,602 Dry Grove,Unit 43,2feebcc9-2302-11eb-9ba0-024e14449321,94e08c17-2826-11ef-8b4b-02814898e98b,1e24243a-22ff-11eb-9ba0-024e14449321,0
0,602 Dry Grove,Unit 21,8d9fdce9-822e-11f0-8b4b-02814898e98b,94e08c17-2826-11ef-8b4b-02814898e98b,1e24243a-22ff-11eb-9ba0-024e14449321,0
0,602 Dry Grove,Unit 22,1622d0f7-2302-11eb-9ba0-024e14449321,94e08c17-2826-11ef-8b4b-02814898e98b,1e24243a-22ff-11eb-9ba0-024e14449321,0
0,602 Dry Grove,Unit 22,16939ce4-2302-11eb-9ba0-024e14449321,94e08c17-2826-11ef-8b4b-02814898e98b,1e24243a-22ff-11eb-9ba0-024e14449321,0
0,602 Dry Grove,Unit 22,1708998b-2302-11eb-9ba0-024e14449321,94e08c17-2826-11ef-8b4b-02814898e98b,1e24243a-22ff-11eb-9ba0-024e14449321,0
0,602 Dry Grove,Unit 23,17b7eb6a-2302-11eb-9ba0-024e14449321,94e08c17-2826-11ef-8b4b-02814898e98b,1e24243a-22ff-11eb-9ba0-024e14449321,0
0,602 Dry Grove,Unit 23,180dbc69-2302-11eb-9ba0-024e14449321,94e08c17-2826-11ef-8b4b-02814898e98b,1e24243a-22ff-11eb-9ba0-024e14449321,0
0,602 Dry Grove,Unit 23,1876edcc-2302-11eb-9ba0-024e14449321,94e08c17-2826-11ef-8b4b-02814898e98b,1e24243a-22ff-11eb-9ba0-024e14449321,0
0,602 Dry Grove,Unit 24,8ea8c1f9-822e-11f0-8b4b-02814898e98b,94e08c17-2826-11ef-8b4b-02814898e98b,1e24243a-22ff-11eb-9ba0-024e14449321,0
0,602 Dry Grove,Unit 25,1b342ff9-2302-11eb-9ba0-024e14449321,94e08c17-2826-11ef-8b4b-02814898e98b,1e24243a-22ff-11eb-9ba0-024e14449321,0
0,602 Dry Grove,Unit 25,1be1f7f6-2302-11eb-9ba0-024e14449321,94e08c17-2826-11ef-8b4b-02814898e98b,1e24243a-22ff-11eb-9ba0-024e14449321,0
0,602 Hester,Unit 1,ae80f8fb-22ff-11eb-9ba0-024e14449321,58309861-299e-11ef-8b4b-02814898e98b,1dbdb969-22ff-11eb-9ba0-024e14449321,0
0,602 Hester,Unit 1,af754b0d-22ff-11eb-9ba0-024e14449321,58309861-299e-11ef-8b4b-02814898e98b,1dbdb969-22ff-11eb-9ba0-024e14449321,0
0,602 Hester,Unit 1,b036f131-22ff-11eb-9ba0-024e14449321,58309861-299e-11ef-8b4b-02814898e98b,1dbdb969-22ff-11eb-9ba0-024e14449321,0
0,602 Hester,Unit 3,b49053f4-22ff-11eb-9ba0-024e14449321,58309861-299e-11ef-8b4b-02814898e98b,1dbdb969-22ff-11eb-9ba0-024e14449321,0
0,602 Hester,Unit 3,b50d8b5a-22ff-11eb-9ba0-024e14449321,58309861-299e-11ef-8b4b-02814898e98b,1dbdb969-22ff-11eb-9ba0-024e14449321,0
0,602 Hester,Unit 3,b58d1a15-22ff-11eb-9ba0-024e14449321,58309861-299e-11ef-8b4b-02814898e98b,1dbdb969-22ff-11eb-9ba0-024e14449321,0
0,602 Hester,Unit 4,b69b0bc8-22ff-11eb-9ba0-024e14449321,58309861-299e-11ef-8b4b-02814898e98b,1dbdb969-22ff-11eb-9ba0-024e14449321,0
0,602 Hester,Unit 4,b8038711-22ff-11eb-9ba0-024e14449321,58309861-299e-11ef-8b4b-02814898e98b,1dbdb969-22ff-11eb-9ba0-024e14449321,0
0,602 Hester,Unit 4,b876f438-22ff-11eb-9ba0-024e14449321,58309861-299e-11ef-8b4b-02814898e98b,1dbdb969-22ff-11eb-9ba0-024e14449321,0
0,602 Hester,Unit 5,b9b9da6f-22ff-11eb-9ba0-024e14449321,58309861-299e-11ef-8b4b-02814898e98b,1dbdb969-22ff-11eb-9ba0-024e14449321,0
0,602 Hester,Unit 5,babf3ee6-22ff-11eb-9ba0-024e14449321,58309861-299e-11ef-8b4b-02814898e98b,1dbdb969-22ff-11eb-9ba0-024e14449321,0
0,602 Hester,Unit 5,bbe277d0-22ff-11eb-9ba0-024e14449321,58309861-299e-11ef-8b4b-02814898e98b,1dbdb969-22ff-11eb-9ba0-024e14449321,0
0,602 Hester,Unit 6,bd96e836-22ff-11eb-9ba0-024e14449321,58309861-299e-11ef-8b4b-02814898e98b,1dbdb969-22ff-11eb-9ba0-024e14449321,0
0,602 Hester,Unit 6,be91be78-22ff-11eb-9ba0-024e14449321,58309861-299e-11ef-8b4b-02814898e98b,1dbdb969-22ff-11eb-9ba0-024e14449321,0
0,602 Hester,Unit 6,bf3e82c5-22ff-11eb-9ba0-024e14449321,58309861-299e-11ef-8b4b-02814898e98b,1dbdb969-22ff-11eb-9ba0-024e14449321,0
0,602 S. Broadway,Unit 1,9f84386b-22ff-11eb-9ba0-024e14449321,99ebb430-2905-11ef-8b4b-02814898e98b,1d9cc8c1-22ff-11eb-9ba0-024e14449321,0
0,602 S. Broadway,Unit 1,a09475df-22ff-11eb-9ba0-024e14449321,99ebb430-2905-11ef-8b4b-02814898e98b,1d9cc8c1-22ff-11eb-9ba0-024e14449321,0
0,602 S. Broadway,Unit 1,a18c1305-22ff-11eb-9ba0-024e14449321,99ebb430-2905-11ef-8b4b-02814898e98b,1d9cc8c1-22ff-11eb-9ba0-024e14449321,0
0,602 S. Broadway,Unit 2,8c944ae2-822e-11f0-8b4b-02814898e98b,99ebb430-2905-11ef-8b4b-02814898e98b,1d9cc8c1-22ff-11eb-9ba0-024e14449321,0
0,602 S. Broadway,Unit 3,8cdf2b58-822e-11f0-8b4b-02814898e98b,99ebb430-2905-11ef-8b4b-02814898e98b,1d9cc8c1-22ff-11eb-9ba0-024e14449321,0
0,602 S. Broadway,Unit 4,a99fa9fb-22ff-11eb-9ba0-024e14449321,99ebb430-2905-11ef-8b4b-02814898e98b,1d9cc8c1-22ff-11eb-9ba0-024e14449321,0
0,602 S. Broadway,Unit 4,ab28d5a2-22ff-11eb-9ba0-024e14449321,99ebb430-2905-11ef-8b4b-02814898e98b,1d9cc8c1-22ff-11eb-9ba0-024e14449321,0
0,602 S. Broadway,Unit 4,ac1832d1-22ff-11eb-9ba0-024e14449321,99ebb430-2905-11ef-8b4b-02814898e98b,1d9cc8c1-22ff-11eb-9ba0-024e14449321,0
0,602 S. Broadway,Unit 4,acd2c5f2-22ff-11eb-9ba0-024e14449321,99ebb430-2905-11ef-8b4b-02814898e98b,1d9cc8c1-22ff-11eb-9ba0-024e14449321,0
0,602 S. Fell,Unit Garage Space,096c6b5c-2301-11eb-9ba0-024e14449321,\N,1b76cde6-22ff-11eb-9ba0-024e14449321,0
0,602 S. Fell,Unit 11,97fc6d81-822e-11f0-8b4b-02814898e98b,3225faf9-21eb-11ef-8b4b-02814898e98b,1b76cde6-22ff-11eb-9ba0-024e14449321,0
0,602 S. Fell,Unit 13,98b37460-822e-11f0-8b4b-02814898e98b,401eabe3-274c-11ef-8b4b-02814898e98b,1b76cde6-22ff-11eb-9ba0-024e14449321,0
0,602 S. Fell,Unit 21,995f8f68-822e-11f0-8b4b-02814898e98b,3225faf9-21eb-11ef-8b4b-02814898e98b,1b76cde6-22ff-11eb-9ba0-024e14449321,0
0,602 S. Fell,Unit 22,99b2cb7f-822e-11f0-8b4b-02814898e98b,401eabe3-274c-11ef-8b4b-02814898e98b,1b76cde6-22ff-11eb-9ba0-024e14449321,0
0,602 S. Fell,Unit 23,9a09e6ff-822e-11f0-8b4b-02814898e98b,401eabe3-274c-11ef-8b4b-02814898e98b,1b76cde6-22ff-11eb-9ba0-024e14449321,0
0,602 S. Fell,Unit 24,f9fd5a44-2300-11eb-9ba0-024e14449321,401eabe3-274c-11ef-8b4b-02814898e98b,1b76cde6-22ff-11eb-9ba0-024e14449321,0
0,602 S. Fell,Unit 24,fa80035a-2300-11eb-9ba0-024e14449321,401eabe3-274c-11ef-8b4b-02814898e98b,1b76cde6-22ff-11eb-9ba0-024e14449321,0
0,602 S. Fell,Unit 24,fb14e9fd-2300-11eb-9ba0-024e14449321,401eabe3-274c-11ef-8b4b-02814898e98b,1b76cde6-22ff-11eb-9ba0-024e14449321,0
0,602 S. Fell,Unit 31,9ac72eba-822e-11f0-8b4b-02814898e98b,3225faf9-21eb-11ef-8b4b-02814898e98b,1b76cde6-22ff-11eb-9ba0-024e14449321,0
0,602 S. Fell,Unit 32,9b1f17d5-822e-11f0-8b4b-02814898e98b,401eabe3-274c-11ef-8b4b-02814898e98b,1b76cde6-22ff-11eb-9ba0-024e14449321,0
0,602 S. Fell,Unit 33,ff8dfa96-2300-11eb-9ba0-024e14449321,401eabe3-274c-11ef-8b4b-02814898e98b,1b76cde6-22ff-11eb-9ba0-024e14449321,0
0,602 S. Fell,Unit 33,ffe1c8eb-2300-11eb-9ba0-024e14449321,401eabe3-274c-11ef-8b4b-02814898e98b,1b76cde6-22ff-11eb-9ba0-024e14449321,0
0,602 S. Fell,Unit 33,00624175-2301-11eb-9ba0-024e14449321,401eabe3-274c-11ef-8b4b-02814898e98b,1b76cde6-22ff-11eb-9ba0-024e14449321,0
0,602 S. Fell,Unit 34,9bcbebb0-822e-11f0-8b4b-02814898e98b,401eabe3-274c-11ef-8b4b-02814898e98b,1b76cde6-22ff-11eb-9ba0-024e14449321,0
0,602 S. Fell,Unit 41,9c1ace36-822e-11f0-8b4b-02814898e98b,3225faf9-21eb-11ef-8b4b-02814898e98b,1b76cde6-22ff-11eb-9ba0-024e14449321,0
0,602 S. Fell,Unit 42,9c6fabe4-822e-11f0-8b4b-02814898e98b,401eabe3-274c-11ef-8b4b-02814898e98b,1b76cde6-22ff-11eb-9ba0-024e14449321,0
0,602 S. Fell,Unit 43,9cc23a0c-822e-11f0-8b4b-02814898e98b,401eabe3-274c-11ef-8b4b-02814898e98b,1b76cde6-22ff-11eb-9ba0-024e14449321,0
0,602 S. Fell,Unit 44,07d275c3-2301-11eb-9ba0-024e14449321,401eabe3-274c-11ef-8b4b-02814898e98b,1b76cde6-22ff-11eb-9ba0-024e14449321,0
0,602 S. Fell,Unit 44,08430bb5-2301-11eb-9ba0-024e14449321,401eabe3-274c-11ef-8b4b-02814898e98b,1b76cde6-22ff-11eb-9ba0-024e14449321,0
0,602 S. Fell,Unit 44,08df6930-2301-11eb-9ba0-024e14449321,401eabe3-274c-11ef-8b4b-02814898e98b,1b76cde6-22ff-11eb-9ba0-024e14449321,0
0,602 S. Fell - 12.1,Unit 12,9853b7b5-822e-11f0-8b4b-02814898e98b,401eabe3-274c-11ef-8b4b-02814898e98b,1b76cde6-22ff-11eb-9ba0-024e14449321,0
0,602 S. Fell - 14.1,Unit 14,99082b4f-822e-11f0-8b4b-02814898e98b,401eabe3-274c-11ef-8b4b-02814898e98b,1b76cde6-22ff-11eb-9ba0-024e14449321,0
0,602 S. Kingsley,Unit 220,9dc625b7-822e-11f0-8b4b-02814898e98b,05853086-1dd4-11ef-8b4b-02814898e98b,1ddb0faa-22ff-11eb-9ba0-024e14449321,0
0,602 S. Kingsley,Unit 230,9e113658-822e-11f0-8b4b-02814898e98b,05853086-1dd4-11ef-8b4b-02814898e98b,1ddb0faa-22ff-11eb-9ba0-024e14449321,0
0,602 S. Kingsley,Unit 240,9e5b1d03-822e-11f0-8b4b-02814898e98b,05853086-1dd4-11ef-8b4b-02814898e98b,1ddb0faa-22ff-11eb-9ba0-024e14449321,0
0,602 S. Kingsley,Unit 320,9ea6e52b-822e-11f0-8b4b-02814898e98b,05853086-1dd4-11ef-8b4b-02814898e98b,1ddb0faa-22ff-11eb-9ba0-024e14449321,0
0,602 S. Kingsley,Unit 330,9eee4085-822e-11f0-8b4b-02814898e98b,05853086-1dd4-11ef-8b4b-02814898e98b,1ddb0faa-22ff-11eb-9ba0-024e14449321,0
0,602 S. Kingsley,Unit 340,d09c7514-22ff-11eb-9ba0-024e14449321,05853086-1dd4-11ef-8b4b-02814898e98b,1ddb0faa-22ff-11eb-9ba0-024e14449321,0
0,602 S. Kingsley,Unit 340,d1a54ead-22ff-11eb-9ba0-024e14449321,05853086-1dd4-11ef-8b4b-02814898e98b,1ddb0faa-22ff-11eb-9ba0-024e14449321,0
0,602 S. Kingsley,Unit 420,d5ef99b8-22ff-11eb-9ba0-024e14449321,05853086-1dd4-11ef-8b4b-02814898e98b,1ddb0faa-22ff-11eb-9ba0-024e14449321,0
0,602 S. Kingsley,Unit 420,d69ea37e-22ff-11eb-9ba0-024e14449321,05853086-1dd4-11ef-8b4b-02814898e98b,1ddb0faa-22ff-11eb-9ba0-024e14449321,0
0,602 S. Kingsley,Unit 430,9fdb1c5e-822e-11f0-8b4b-02814898e98b,05853086-1dd4-11ef-8b4b-02814898e98b,1ddb0faa-22ff-11eb-9ba0-024e14449321,0
0,602 S. Kingsley,Unit 440,a02afacb-822e-11f0-8b4b-02814898e98b,05853086-1dd4-11ef-8b4b-02814898e98b,1ddb0faa-22ff-11eb-9ba0-024e14449321,0
0,602 S. Kingsley,Unit 460,a0790b28-822e-11f0-8b4b-02814898e98b,261dd822-1a0f-11ef-8b4b-02814898e98b,1ddb0faa-22ff-11eb-9ba0-024e14449321,0
0,602 S. Kingsley,Unit 250,c8b5691d-22ff-11eb-9ba0-024e14449321,261dd822-1a0f-11ef-8b4b-02814898e98b,1ddb0faa-22ff-11eb-9ba0-024e14449321,0
0,602 S. Kingsley - 113,Unit 113,c2cf1db9-22ff-11eb-9ba0-024e14449321,\N,1ddb0faa-22ff-11eb-9ba0-024e14449321,0
0,603 Broadway - H,Unit H.1,dd15f19c-22ff-11eb-9ba0-024e14449321,\N,1dfa2f8f-22ff-11eb-9ba0-024e14449321,0
0,604 Highpoint Rd,,d3a30b5c-88c4-11eb-8189-0684b23f11cf,\N,d37ed33d-88c4-11eb-8189-0684b23f11cf,0
0,604 S. Broadway,Unit 1,df4c72be-22ff-11eb-9ba0-024e14449321,61d4f523-29a7-11ef-8b4b-02814898e98b,1e46a479-22ff-11eb-9ba0-024e14449321,0
0,604 S. Broadway,Unit 1,e0e1fdb2-22ff-11eb-9ba0-024e14449321,61d4f523-29a7-11ef-8b4b-02814898e98b,1e46a479-22ff-11eb-9ba0-024e14449321,0
0,604 S. Broadway,Unit 1,e29d92bf-22ff-11eb-9ba0-024e14449321,61d4f523-29a7-11ef-8b4b-02814898e98b,1e46a479-22ff-11eb-9ba0-024e14449321,0
0,605 Broadway,Unit H.1,451cd3d9-8295-11f0-8b4b-02814898e98b,89b2952c-7e0d-11f0-8b4b-02814898e98b,1e81a1ba-22ff-11eb-9ba0-024e14449321,0
0,606 Hester,Unit 1,886037bb-22ff-11eb-9ba0-024e14449321,22c3470b-29a8-11ef-8b4b-02814898e98b,1eb53871-22ff-11eb-9ba0-024e14449321,0
0,606 Hester,Unit 1,89061dc2-22ff-11eb-9ba0-024e14449321,22c3470b-29a8-11ef-8b4b-02814898e98b,1eb53871-22ff-11eb-9ba0-024e14449321,0
0,606 Hester,Unit 1,897ca869-22ff-11eb-9ba0-024e14449321,22c3470b-29a8-11ef-8b4b-02814898e98b,1eb53871-22ff-11eb-9ba0-024e14449321,0
0,606 Hester,Unit 2,a45157c3-822e-11f0-8b4b-02814898e98b,22c3470b-29a8-11ef-8b4b-02814898e98b,1eb53871-22ff-11eb-9ba0-024e14449321,0
0,606 Hester,Unit 3,a4a81199-822e-11f0-8b4b-02814898e98b,22c3470b-29a8-11ef-8b4b-02814898e98b,1eb53871-22ff-11eb-9ba0-024e14449321,0
0,606 Hester,Unit 4,a4f5a51f-822e-11f0-8b4b-02814898e98b,22c3470b-29a8-11ef-8b4b-02814898e98b,1eb53871-22ff-11eb-9ba0-024e14449321,0
0,606 N. Fell,Unit H.1,95813b26-22ff-11eb-9ba0-024e14449321,9c042b2a-2342-11ef-8b4b-02814898e98b,1ecefbb2-22ff-11eb-9ba0-024e14449321,0
0,606 N. Fell,Unit H.1,962a6748-22ff-11eb-9ba0-024e14449321,9c042b2a-2342-11ef-8b4b-02814898e98b,1ecefbb2-22ff-11eb-9ba0-024e14449321,0
0,607 S. Broadway,Unit 1,97e2276f-22ff-11eb-9ba0-024e14449321,274d9447-2343-11ef-8b4b-02814898e98b,1ee3e8d2-22ff-11eb-9ba0-024e14449321,0
0,607 S. Broadway,Unit 1,989055ba-22ff-11eb-9ba0-024e14449321,274d9447-2343-11ef-8b4b-02814898e98b,1ee3e8d2-22ff-11eb-9ba0-024e14449321,0
0,607 S. Broadway,Unit 2,a5fbaa36-822e-11f0-8b4b-02814898e98b,274d9447-2343-11ef-8b4b-02814898e98b,1ee3e8d2-22ff-11eb-9ba0-024e14449321,0
0,607 S. Broadway,Unit 3,a642c88a-822e-11f0-8b4b-02814898e98b,274d9447-2343-11ef-8b4b-02814898e98b,1ee3e8d2-22ff-11eb-9ba0-024e14449321,0
0,607 S. Broadway,Unit 4,a68586fd-822e-11f0-8b4b-02814898e98b,274d9447-2343-11ef-8b4b-02814898e98b,1ee3e8d2-22ff-11eb-9ba0-024e14449321,0
0,607 S. Broadway,Unit 5,a6ce8420-822e-11f0-8b4b-02814898e98b,274d9447-2343-11ef-8b4b-02814898e98b,1ee3e8d2-22ff-11eb-9ba0-024e14449321,0
0,607 S. Broadway,Unit 6,a72aa2f9-822e-11f0-8b4b-02814898e98b,274d9447-2343-11ef-8b4b-02814898e98b,1ee3e8d2-22ff-11eb-9ba0-024e14449321,0
0,607 S. Broadway,Unit 7,a80c494e-22ff-11eb-9ba0-024e14449321,cb0ecd99-1dd7-11ef-8b4b-02814898e98b,1ee3e8d2-22ff-11eb-9ba0-024e14449321,0
0,607 S. Broadway,Unit 8,a7b8d406-822e-11f0-8b4b-02814898e98b,cb0ecd99-1dd7-11ef-8b4b-02814898e98b,1ee3e8d2-22ff-11eb-9ba0-024e14449321,0
0,608 Hester,Unit 12,0001144c-2302-11eb-9ba0-024e14449321,22e1eeb0-460d-11ee-8b4b-02814898e98b,1e0cc8de-22ff-11eb-9ba0-024e14449321,0
0,608 Hester,Unit 31,060d9221-2302-11eb-9ba0-024e14449321,2e47b15e-460c-11ee-8b4b-02814898e98b,1e0cc8de-22ff-11eb-9ba0-024e14449321,0
0,608 Hester,Unit 31,065e9b81-2302-11eb-9ba0-024e14449321,2e47b15e-460c-11ee-8b4b-02814898e98b,1e0cc8de-22ff-11eb-9ba0-024e14449321,0
0,608 Hester,Unit 31,06c696e7-2302-11eb-9ba0-024e14449321,2e47b15e-460c-11ee-8b4b-02814898e98b,1e0cc8de-22ff-11eb-9ba0-024e14449321,0
0,608 Hester,Unit 41,0a7a146f-2302-11eb-9ba0-024e14449321,2e47b15e-460c-11ee-8b4b-02814898e98b,1e0cc8de-22ff-11eb-9ba0-024e14449321,0
0,608 Hester,Unit 41,0b0e09e2-2302-11eb-9ba0-024e14449321,2e47b15e-460c-11ee-8b4b-02814898e98b,1e0cc8de-22ff-11eb-9ba0-024e14449321,0
0,608 Hester,Unit 41,0b8d4b08-2302-11eb-9ba0-024e14449321,2e47b15e-460c-11ee-8b4b-02814898e98b,1e0cc8de-22ff-11eb-9ba0-024e14449321,0
0,608 Hester,Unit 42,0cbd2c23-2302-11eb-9ba0-024e14449321,22e1eeb0-460d-11ee-8b4b-02814898e98b,1e0cc8de-22ff-11eb-9ba0-024e14449321,0
0,608 S. Broadway,Unit 1,ab192b74-22ff-11eb-9ba0-024e14449321,\N,1ef904e3-22ff-11eb-9ba0-024e14449321,0
0,611 Osage St,Apt 201,9e5f9fda-367c-11f0-8b4b-02814898e98b,a7d64a69-788f-11f0-8b4b-02814898e98b,94957ef7-367c-11f0-8b4b-02814898e98b,0
0,611 Osage St,Apt 201,9eb317f2-367c-11f0-8b4b-02814898e98b,a7d64a69-788f-11f0-8b4b-02814898e98b,94957ef7-367c-11f0-8b4b-02814898e98b,0
0,611 Osage St,Apt 201,9f054def-367c-11f0-8b4b-02814898e98b,a7d64a69-788f-11f0-8b4b-02814898e98b,94957ef7-367c-11f0-8b4b-02814898e98b,0
0,611 Osage St,Apt 201,9f918195-367c-11f0-8b4b-02814898e98b,a7d64a69-788f-11f0-8b4b-02814898e98b,94957ef7-367c-11f0-8b4b-02814898e98b,0
0,611 Osage St,Apt 202,a00b6afa-367c-11f0-8b4b-02814898e98b,0d9aee01-7891-11f0-8b4b-02814898e98b,94957ef7-367c-11f0-8b4b-02814898e98b,0
0,611 Osage St,Apt 202,a021e3f9-367c-11f0-8b4b-02814898e98b,0d9aee01-7891-11f0-8b4b-02814898e98b,94957ef7-367c-11f0-8b4b-02814898e98b,0
0,611 Osage St,Apt 202,a04e6305-367c-11f0-8b4b-02814898e98b,0d9aee01-7891-11f0-8b4b-02814898e98b,94957ef7-367c-11f0-8b4b-02814898e98b,0
0,611 Osage St,Apt 202,a07bce1e-367c-11f0-8b4b-02814898e98b,0d9aee01-7891-11f0-8b4b-02814898e98b,94957ef7-367c-11f0-8b4b-02814898e98b,0
0,611 Osage St,Apt 203,45d3196f-8295-11f0-8b4b-02814898e98b,e811c449-7891-11f0-8b4b-02814898e98b,94957ef7-367c-11f0-8b4b-02814898e98b,0
0,611 Osage St,Apt 204,a13ca7f2-367c-11f0-8b4b-02814898e98b,0d9aee01-7891-11f0-8b4b-02814898e98b,94957ef7-367c-11f0-8b4b-02814898e98b,0
0,611 Osage St,Apt 204,a1648f29-367c-11f0-8b4b-02814898e98b,0d9aee01-7891-11f0-8b4b-02814898e98b,94957ef7-367c-11f0-8b4b-02814898e98b,0
0,611 Osage St,Apt 204,a18d9f00-367c-11f0-8b4b-02814898e98b,0d9aee01-7891-11f0-8b4b-02814898e98b,94957ef7-367c-11f0-8b4b-02814898e98b,0
0,611 Osage St,Apt 204,a1a29015-367c-11f0-8b4b-02814898e98b,0d9aee01-7891-11f0-8b4b-02814898e98b,94957ef7-367c-11f0-8b4b-02814898e98b,0
0,611 Osage St,Apt 205,a1ca829d-367c-11f0-8b4b-02814898e98b,a7d64a69-788f-11f0-8b4b-02814898e98b,94957ef7-367c-11f0-8b4b-02814898e98b,0
0,611 Osage St,Apt 205,a1f35c03-367c-11f0-8b4b-02814898e98b,a7d64a69-788f-11f0-8b4b-02814898e98b,94957ef7-367c-11f0-8b4b-02814898e98b,0
0,611 Osage St,Apt 205,a21b0371-367c-11f0-8b4b-02814898e98b,a7d64a69-788f-11f0-8b4b-02814898e98b,94957ef7-367c-11f0-8b4b-02814898e98b,0
0,611 Osage St,Apt 205,a243ed5d-367c-11f0-8b4b-02814898e98b,a7d64a69-788f-11f0-8b4b-02814898e98b,94957ef7-367c-11f0-8b4b-02814898e98b,0
0,611 Osage St,Apt 206,a26f5b0a-367c-11f0-8b4b-02814898e98b,c75ec433-788f-11f0-8b4b-02814898e98b,94957ef7-367c-11f0-8b4b-02814898e98b,0
0,611 Osage St,Apt 206,a284d7b3-367c-11f0-8b4b-02814898e98b,c75ec433-788f-11f0-8b4b-02814898e98b,94957ef7-367c-11f0-8b4b-02814898e98b,0
0,611 Osage St,Apt 206,a2c2ab62-367c-11f0-8b4b-02814898e98b,c75ec433-788f-11f0-8b4b-02814898e98b,94957ef7-367c-11f0-8b4b-02814898e98b,0
0,611 Osage St,Apt 206,a2d716cf-367c-11f0-8b4b-02814898e98b,c75ec433-788f-11f0-8b4b-02814898e98b,94957ef7-367c-11f0-8b4b-02814898e98b,0
0,611 Osage St,Apt 207,a3035520-367c-11f0-8b4b-02814898e98b,e0cb13eb-7892-11f0-8b4b-02814898e98b,94957ef7-367c-11f0-8b4b-02814898e98b,0
0,611 Osage St,Apt 207,a31c5924-367c-11f0-8b4b-02814898e98b,e0cb13eb-7892-11f0-8b4b-02814898e98b,94957ef7-367c-11f0-8b4b-02814898e98b,0
0,611 Osage St,Apt 207,a345be8d-367c-11f0-8b4b-02814898e98b,e0cb13eb-7892-11f0-8b4b-02814898e98b,94957ef7-367c-11f0-8b4b-02814898e98b,0
0,611 Osage St,Apt 301,a3701c67-367c-11f0-8b4b-02814898e98b,a7d64a69-788f-11f0-8b4b-02814898e98b,94957ef7-367c-11f0-8b4b-02814898e98b,0
0,611 Osage St,Apt 301,a39906a2-367c-11f0-8b4b-02814898e98b,a7d64a69-788f-11f0-8b4b-02814898e98b,94957ef7-367c-11f0-8b4b-02814898e98b,0
0,611 Osage St,Apt 301,a3c174d5-367c-11f0-8b4b-02814898e98b,a7d64a69-788f-11f0-8b4b-02814898e98b,94957ef7-367c-11f0-8b4b-02814898e98b,0
0,611 Osage St,Apt 301,a3d637e6-367c-11f0-8b4b-02814898e98b,a7d64a69-788f-11f0-8b4b-02814898e98b,94957ef7-367c-11f0-8b4b-02814898e98b,0
0,611 Osage St,Apt 302,a4006124-367c-11f0-8b4b-02814898e98b,0d9aee01-7891-11f0-8b4b-02814898e98b,94957ef7-367c-11f0-8b4b-02814898e98b,0
0,611 Osage St,Apt 302,a42a9cd3-367c-11f0-8b4b-02814898e98b,0d9aee01-7891-11f0-8b4b-02814898e98b,94957ef7-367c-11f0-8b4b-02814898e98b,0
0,611 Osage St,Apt 302,a4585a9e-367c-11f0-8b4b-02814898e98b,0d9aee01-7891-11f0-8b4b-02814898e98b,94957ef7-367c-11f0-8b4b-02814898e98b,0
0,611 Osage St,Apt 302,a48452cb-367c-11f0-8b4b-02814898e98b,0d9aee01-7891-11f0-8b4b-02814898e98b,94957ef7-367c-11f0-8b4b-02814898e98b,0
0,611 Osage St,Apt 303,a4ae2f4b-367c-11f0-8b4b-02814898e98b,e811c449-7891-11f0-8b4b-02814898e98b,94957ef7-367c-11f0-8b4b-02814898e98b,0
0,611 Osage St,Apt 303,a4d9898b-367c-11f0-8b4b-02814898e98b,e811c449-7891-11f0-8b4b-02814898e98b,94957ef7-367c-11f0-8b4b-02814898e98b,0
0,611 Osage St,Apt 303,a5026161-367c-11f0-8b4b-02814898e98b,e811c449-7891-11f0-8b4b-02814898e98b,94957ef7-367c-11f0-8b4b-02814898e98b,0
0,611 Osage St,Apt 303,a516cee1-367c-11f0-8b4b-02814898e98b,e811c449-7891-11f0-8b4b-02814898e98b,94957ef7-367c-11f0-8b4b-02814898e98b,0
0,611 Osage St,Apt 304,a52d530b-367c-11f0-8b4b-02814898e98b,0d9aee01-7891-11f0-8b4b-02814898e98b,94957ef7-367c-11f0-8b4b-02814898e98b,0
0,611 Osage St,Apt 304,a5421816-367c-11f0-8b4b-02814898e98b,0d9aee01-7891-11f0-8b4b-02814898e98b,94957ef7-367c-11f0-8b4b-02814898e98b,0
0,611 Osage St,Apt 304,a56b75ab-367c-11f0-8b4b-02814898e98b,0d9aee01-7891-11f0-8b4b-02814898e98b,94957ef7-367c-11f0-8b4b-02814898e98b,0
0,611 Osage St,Apt 304,a5826597-367c-11f0-8b4b-02814898e98b,0d9aee01-7891-11f0-8b4b-02814898e98b,94957ef7-367c-11f0-8b4b-02814898e98b,0
0,611 Osage St,Apt 305,a59812a2-367c-11f0-8b4b-02814898e98b,a7d64a69-788f-11f0-8b4b-02814898e98b,94957ef7-367c-11f0-8b4b-02814898e98b,0
0,611 Osage St,Apt 305,a5afc3ac-367c-11f0-8b4b-02814898e98b,a7d64a69-788f-11f0-8b4b-02814898e98b,94957ef7-367c-11f0-8b4b-02814898e98b,0
0,611 Osage St,Apt 305,a5c4fadf-367c-11f0-8b4b-02814898e98b,a7d64a69-788f-11f0-8b4b-02814898e98b,94957ef7-367c-11f0-8b4b-02814898e98b,0
0,611 Osage St,Apt 305,a5f07d69-367c-11f0-8b4b-02814898e98b,a7d64a69-788f-11f0-8b4b-02814898e98b,94957ef7-367c-11f0-8b4b-02814898e98b,0
0,611 Osage St,Apt 306,a61df5bc-367c-11f0-8b4b-02814898e98b,c75ec433-788f-11f0-8b4b-02814898e98b,94957ef7-367c-11f0-8b4b-02814898e98b,0
0,611 Osage St,Apt 306,a631c91f-367c-11f0-8b4b-02814898e98b,c75ec433-788f-11f0-8b4b-02814898e98b,94957ef7-367c-11f0-8b4b-02814898e98b,0
0,611 Osage St,Apt 306,a6452fee-367c-11f0-8b4b-02814898e98b,c75ec433-788f-11f0-8b4b-02814898e98b,94957ef7-367c-11f0-8b4b-02814898e98b,0
0,611 Osage St,Apt 306,a6590efe-367c-11f0-8b4b-02814898e98b,c75ec433-788f-11f0-8b4b-02814898e98b,94957ef7-367c-11f0-8b4b-02814898e98b,0
0,611 Osage St,Apt 307,a66da968-367c-11f0-8b4b-02814898e98b,e0cb13eb-7892-11f0-8b4b-02814898e98b,94957ef7-367c-11f0-8b4b-02814898e98b,0
0,611 Osage St,Apt 307,a684e649-367c-11f0-8b4b-02814898e98b,e0cb13eb-7892-11f0-8b4b-02814898e98b,94957ef7-367c-11f0-8b4b-02814898e98b,0
0,611 Osage St,Apt 307,a69ca348-367c-11f0-8b4b-02814898e98b,e0cb13eb-7892-11f0-8b4b-02814898e98b,94957ef7-367c-11f0-8b4b-02814898e98b,0
0,611 Osage St,Apt 401,a6b54e42-367c-11f0-8b4b-02814898e98b,a7d64a69-788f-11f0-8b4b-02814898e98b,94957ef7-367c-11f0-8b4b-02814898e98b,0
0,611 Osage St,Apt 401,a6caef9a-367c-11f0-8b4b-02814898e98b,a7d64a69-788f-11f0-8b4b-02814898e98b,94957ef7-367c-11f0-8b4b-02814898e98b,0
0,611 Osage St,Apt 401,a6f5cac5-367c-11f0-8b4b-02814898e98b,a7d64a69-788f-11f0-8b4b-02814898e98b,94957ef7-367c-11f0-8b4b-02814898e98b,0
0,611 Osage St,Apt 401,a71f9a6f-367c-11f0-8b4b-02814898e98b,a7d64a69-788f-11f0-8b4b-02814898e98b,94957ef7-367c-11f0-8b4b-02814898e98b,0
0,611 Osage St,Apt 402,a73783ca-367c-11f0-8b4b-02814898e98b,0d9aee01-7891-11f0-8b4b-02814898e98b,94957ef7-367c-11f0-8b4b-02814898e98b,0
0,611 Osage St,Apt 402,a76766ab-367c-11f0-8b4b-02814898e98b,0d9aee01-7891-11f0-8b4b-02814898e98b,94957ef7-367c-11f0-8b4b-02814898e98b,0
0,611 Osage St,Apt 402,a791a320-367c-11f0-8b4b-02814898e98b,0d9aee01-7891-11f0-8b4b-02814898e98b,94957ef7-367c-11f0-8b4b-02814898e98b,0
0,611 Osage St,Apt 402,a7a840f2-367c-11f0-8b4b-02814898e98b,0d9aee01-7891-11f0-8b4b-02814898e98b,94957ef7-367c-11f0-8b4b-02814898e98b,0
0,611 Osage St,Apt 403,a7c71032-367c-11f0-8b4b-02814898e98b,e811c449-7891-11f0-8b4b-02814898e98b,94957ef7-367c-11f0-8b4b-02814898e98b,0
0,611 Osage St,Apt 403,a7f405c1-367c-11f0-8b4b-02814898e98b,e811c449-7891-11f0-8b4b-02814898e98b,94957ef7-367c-11f0-8b4b-02814898e98b,0
0,611 Osage St,Apt 403,a81ed12a-367c-11f0-8b4b-02814898e98b,e811c449-7891-11f0-8b4b-02814898e98b,94957ef7-367c-11f0-8b4b-02814898e98b,0
0,611 Osage St,Apt 403,a84d9eef-367c-11f0-8b4b-02814898e98b,e811c449-7891-11f0-8b4b-02814898e98b,94957ef7-367c-11f0-8b4b-02814898e98b,0
0,611 Osage St,Apt 404,a87c97ca-367c-11f0-8b4b-02814898e98b,0d9aee01-7891-11f0-8b4b-02814898e98b,94957ef7-367c-11f0-8b4b-02814898e98b,0
0,611 Osage St,Apt 404,a8a90dd7-367c-11f0-8b4b-02814898e98b,0d9aee01-7891-11f0-8b4b-02814898e98b,94957ef7-367c-11f0-8b4b-02814898e98b,0
0,611 Osage St,Apt 404,a8be11e0-367c-11f0-8b4b-02814898e98b,0d9aee01-7891-11f0-8b4b-02814898e98b,94957ef7-367c-11f0-8b4b-02814898e98b,0
0,611 Osage St,Apt 404,a8e9f34e-367c-11f0-8b4b-02814898e98b,0d9aee01-7891-11f0-8b4b-02814898e98b,94957ef7-367c-11f0-8b4b-02814898e98b,0
0,611 Osage St,Apt 405,a9015831-367c-11f0-8b4b-02814898e98b,a7d64a69-788f-11f0-8b4b-02814898e98b,94957ef7-367c-11f0-8b4b-02814898e98b,0
0,611 Osage St,Apt 405,a9319ae1-367c-11f0-8b4b-02814898e98b,a7d64a69-788f-11f0-8b4b-02814898e98b,94957ef7-367c-11f0-8b4b-02814898e98b,0
0,611 Osage St,Apt 405,a9485c0f-367c-11f0-8b4b-02814898e98b,a7d64a69-788f-11f0-8b4b-02814898e98b,94957ef7-367c-11f0-8b4b-02814898e98b,0
0,611 Osage St,Apt 405,a977841e-367c-11f0-8b4b-02814898e98b,a7d64a69-788f-11f0-8b4b-02814898e98b,94957ef7-367c-11f0-8b4b-02814898e98b,0
0,611 Osage St,Apt 406,a9a0637a-367c-11f0-8b4b-02814898e98b,c75ec433-788f-11f0-8b4b-02814898e98b,94957ef7-367c-11f0-8b4b-02814898e98b,0
0,611 Osage St,Apt 406,a9cb0d34-367c-11f0-8b4b-02814898e98b,c75ec433-788f-11f0-8b4b-02814898e98b,94957ef7-367c-11f0-8b4b-02814898e98b,0
0,611 Osage St,Apt 406,a9f422cd-367c-11f0-8b4b-02814898e98b,c75ec433-788f-11f0-8b4b-02814898e98b,94957ef7-367c-11f0-8b4b-02814898e98b,0
0,611 Osage St,Apt 406,aa20a4de-367c-11f0-8b4b-02814898e98b,c75ec433-788f-11f0-8b4b-02814898e98b,94957ef7-367c-11f0-8b4b-02814898e98b,0
0,611 Osage St,Apt 407,aa4a1603-367c-11f0-8b4b-02814898e98b,e0cb13eb-7892-11f0-8b4b-02814898e98b,94957ef7-367c-11f0-8b4b-02814898e98b,0
0,611 Osage St,Apt 407,aa7736fa-367c-11f0-8b4b-02814898e98b,e0cb13eb-7892-11f0-8b4b-02814898e98b,94957ef7-367c-11f0-8b4b-02814898e98b,0
0,611 Osage St,Apt 407,aa8f795e-367c-11f0-8b4b-02814898e98b,e0cb13eb-7892-11f0-8b4b-02814898e98b,94957ef7-367c-11f0-8b4b-02814898e98b,0
0,611 Osage St,Apt 501,aaa5dc4b-367c-11f0-8b4b-02814898e98b,a7d64a69-788f-11f0-8b4b-02814898e98b,94957ef7-367c-11f0-8b4b-02814898e98b,0
0,611 Osage St,Apt 201,4575de40-8295-11f0-8b4b-02814898e98b,a7d64a69-788f-11f0-8b4b-02814898e98b,94957ef7-367c-11f0-8b4b-02814898e98b,0
0,611 Osage St,Apt 501,aabd96cd-367c-11f0-8b4b-02814898e98b,a7d64a69-788f-11f0-8b4b-02814898e98b,94957ef7-367c-11f0-8b4b-02814898e98b,0
0,611 Osage St,Apt 204,4600f59f-8295-11f0-8b4b-02814898e98b,0d9aee01-7891-11f0-8b4b-02814898e98b,94957ef7-367c-11f0-8b4b-02814898e98b,0
0,611 Osage St,Apt 501,aad47eae-367c-11f0-8b4b-02814898e98b,a7d64a69-788f-11f0-8b4b-02814898e98b,94957ef7-367c-11f0-8b4b-02814898e98b,0
0,611 Osage St,Apt 207,4685c2c5-8295-11f0-8b4b-02814898e98b,e0cb13eb-7892-11f0-8b4b-02814898e98b,94957ef7-367c-11f0-8b4b-02814898e98b,0
0,611 Osage St,Apt 501,aaea2bc2-367c-11f0-8b4b-02814898e98b,a7d64a69-788f-11f0-8b4b-02814898e98b,94957ef7-367c-11f0-8b4b-02814898e98b,0
0,611 Osage St,Apt 302,46e72095-8295-11f0-8b4b-02814898e98b,0d9aee01-7891-11f0-8b4b-02814898e98b,94957ef7-367c-11f0-8b4b-02814898e98b,0
0,611 Osage St,Apt 502,ab01b00f-367c-11f0-8b4b-02814898e98b,0d9aee01-7891-11f0-8b4b-02814898e98b,94957ef7-367c-11f0-8b4b-02814898e98b,0
0,611 Osage St,Apt 304,4753d59e-8295-11f0-8b4b-02814898e98b,0d9aee01-7891-11f0-8b4b-02814898e98b,94957ef7-367c-11f0-8b4b-02814898e98b,0
0,611 Osage St,Apt 502,ab173a35-367c-11f0-8b4b-02814898e98b,0d9aee01-7891-11f0-8b4b-02814898e98b,94957ef7-367c-11f0-8b4b-02814898e98b,0
0,611 Osage St,Apt 402,483588e7-8295-11f0-8b4b-02814898e98b,0d9aee01-7891-11f0-8b4b-02814898e98b,94957ef7-367c-11f0-8b4b-02814898e98b,0
0,611 Osage St,Apt 502,ab4376a0-367c-11f0-8b4b-02814898e98b,0d9aee01-7891-11f0-8b4b-02814898e98b,94957ef7-367c-11f0-8b4b-02814898e98b,0
0,611 Osage St,Apt 404,488c176f-8295-11f0-8b4b-02814898e98b,0d9aee01-7891-11f0-8b4b-02814898e98b,94957ef7-367c-11f0-8b4b-02814898e98b,0
0,611 Osage St,Apt 502,ab58054f-367c-11f0-8b4b-02814898e98b,0d9aee01-7891-11f0-8b4b-02814898e98b,94957ef7-367c-11f0-8b4b-02814898e98b,0
0,611 Osage St,Apt 405,48b75543-8295-11f0-8b4b-02814898e98b,a7d64a69-788f-11f0-8b4b-02814898e98b,94957ef7-367c-11f0-8b4b-02814898e98b,0
0,611 Osage St,Apt 503,ab824928-367c-11f0-8b4b-02814898e98b,e811c449-7891-11f0-8b4b-02814898e98b,94957ef7-367c-11f0-8b4b-02814898e98b,0
0,611 Osage St,Apt 406,48e25b9d-8295-11f0-8b4b-02814898e98b,c75ec433-788f-11f0-8b4b-02814898e98b,94957ef7-367c-11f0-8b4b-02814898e98b,0
0,611 Osage St,Apt 503,ab980964-367c-11f0-8b4b-02814898e98b,e811c449-7891-11f0-8b4b-02814898e98b,94957ef7-367c-11f0-8b4b-02814898e98b,0
0,611 Osage St,Apt 504,49bc089b-8295-11f0-8b4b-02814898e98b,0d9aee01-7891-11f0-8b4b-02814898e98b,94957ef7-367c-11f0-8b4b-02814898e98b,0
0,611 Osage St,Apt 503,abc57248-367c-11f0-8b4b-02814898e98b,e811c449-7891-11f0-8b4b-02814898e98b,94957ef7-367c-11f0-8b4b-02814898e98b,0
0,611 Osage St,Apt 507,4a413e87-8295-11f0-8b4b-02814898e98b,e0cb13eb-7892-11f0-8b4b-02814898e98b,94957ef7-367c-11f0-8b4b-02814898e98b,0
0,611 Osage St,Apt 503,abdc8407-367c-11f0-8b4b-02814898e98b,e811c449-7891-11f0-8b4b-02814898e98b,94957ef7-367c-11f0-8b4b-02814898e98b,0
0,611 Osage St,Apt 504,abf225d5-367c-11f0-8b4b-02814898e98b,0d9aee01-7891-11f0-8b4b-02814898e98b,94957ef7-367c-11f0-8b4b-02814898e98b,0
0,611 Osage St,Apt 504,ac09264f-367c-11f0-8b4b-02814898e98b,0d9aee01-7891-11f0-8b4b-02814898e98b,94957ef7-367c-11f0-8b4b-02814898e98b,0
0,611 Osage St,Apt 504,ac36e2fb-367c-11f0-8b4b-02814898e98b,0d9aee01-7891-11f0-8b4b-02814898e98b,94957ef7-367c-11f0-8b4b-02814898e98b,0
0,611 Osage St,Apt 504,ac4d7290-367c-11f0-8b4b-02814898e98b,0d9aee01-7891-11f0-8b4b-02814898e98b,94957ef7-367c-11f0-8b4b-02814898e98b,0
0,611 Osage St,Apt 505,ac783ca4-367c-11f0-8b4b-02814898e98b,a7d64a69-788f-11f0-8b4b-02814898e98b,94957ef7-367c-11f0-8b4b-02814898e98b,0
0,611 Osage St,Apt 505,aca2a2b6-367c-11f0-8b4b-02814898e98b,a7d64a69-788f-11f0-8b4b-02814898e98b,94957ef7-367c-11f0-8b4b-02814898e98b,0
0,611 Osage St,Apt 505,acb6d748-367c-11f0-8b4b-02814898e98b,a7d64a69-788f-11f0-8b4b-02814898e98b,94957ef7-367c-11f0-8b4b-02814898e98b,0
0,611 Osage St,Apt 505,accced12-367c-11f0-8b4b-02814898e98b,a7d64a69-788f-11f0-8b4b-02814898e98b,94957ef7-367c-11f0-8b4b-02814898e98b,0
0,611 Osage St,Apt 506,acf7cf9d-367c-11f0-8b4b-02814898e98b,c75ec433-788f-11f0-8b4b-02814898e98b,94957ef7-367c-11f0-8b4b-02814898e98b,0
0,611 Osage St,Apt 506,ad0d6c8a-367c-11f0-8b4b-02814898e98b,c75ec433-788f-11f0-8b4b-02814898e98b,94957ef7-367c-11f0-8b4b-02814898e98b,0
0,611 Osage St,Apt 506,ad377357-367c-11f0-8b4b-02814898e98b,c75ec433-788f-11f0-8b4b-02814898e98b,94957ef7-367c-11f0-8b4b-02814898e98b,0
0,611 Osage St,Apt 506,ad6445b3-367c-11f0-8b4b-02814898e98b,c75ec433-788f-11f0-8b4b-02814898e98b,94957ef7-367c-11f0-8b4b-02814898e98b,0
0,611 Osage St,Apt 507,ad8faf48-367c-11f0-8b4b-02814898e98b,e0cb13eb-7892-11f0-8b4b-02814898e98b,94957ef7-367c-11f0-8b4b-02814898e98b,0
0,611 Osage St,Apt 507,ada6575d-367c-11f0-8b4b-02814898e98b,e0cb13eb-7892-11f0-8b4b-02814898e98b,94957ef7-367c-11f0-8b4b-02814898e98b,0
0,611 Osage St,Apt 507,adbb528c-367c-11f0-8b4b-02814898e98b,e0cb13eb-7892-11f0-8b4b-02814898e98b,94957ef7-367c-11f0-8b4b-02814898e98b,0
0,616 N Main St,Unit A,41aa24df-038b-11f1-8b4b-02814898e98b,\N,3aec9c8e-038b-11f1-8b4b-02814898e98b,0
0,616 N Main St,Unit B,41bc0901-038b-11f1-8b4b-02814898e98b,\N,3aec9c8e-038b-11f1-8b4b-02814898e98b,0
0,618 N. Main St,,8f271ecf-0385-11f1-8b4b-02814898e98b,1b3a42b0-06ad-11f1-8b4b-02814898e98b,876a5547-0385-11f1-8b4b-02814898e98b,0
0,620 N Main St,Unit A,41c99c61-038b-11f1-8b4b-02814898e98b,\N,3aec9c8e-038b-11f1-8b4b-02814898e98b,0
0,620 N Main St,Unit B,41d71094-038b-11f1-8b4b-02814898e98b,\N,3aec9c8e-038b-11f1-8b4b-02814898e98b,0
0,6202 N. Upland Terrace ,,2531d83d-049a-11f1-8b4b-02814898e98b,\N,251a10a3-049a-11f1-8b4b-02814898e98b,0
0,6517 N Sheridan Rd,,9155f359-05fe-11f1-8b4b-02814898e98b,\N,1f2e85d2-05fe-11f1-8b4b-02814898e98b,0
0,701 N. Fell - A1,,79907b6b-bf24-11f0-8b4b-02814898e98b,67eccbfc-bf24-11f0-8b4b-02814898e98b,3b2ba845-bf24-11f0-8b4b-02814898e98b,0
0,701 N. Fell - A1,,799476cf-bf24-11f0-8b4b-02814898e98b,67eccbfc-bf24-11f0-8b4b-02814898e98b,3b2ba845-bf24-11f0-8b4b-02814898e98b,0
0,701 N. Fell - A10,,f40b5fc6-bf24-11f0-8b4b-02814898e98b,67eccbfc-bf24-11f0-8b4b-02814898e98b,3b2ba845-bf24-11f0-8b4b-02814898e98b,0
0,701 N. Fell - A11,,1c19318d-bf26-11f0-8b4b-02814898e98b,67eccbfc-bf24-11f0-8b4b-02814898e98b,3b2ba845-bf24-11f0-8b4b-02814898e98b,0
0,701 N. Fell - A12,,26b7f06e-bf26-11f0-8b4b-02814898e98b,67eccbfc-bf24-11f0-8b4b-02814898e98b,3b2ba845-bf24-11f0-8b4b-02814898e98b,0
0,701 N. Fell - A2,,832b4ac0-bf24-11f0-8b4b-02814898e98b,67eccbfc-bf24-11f0-8b4b-02814898e98b,3b2ba845-bf24-11f0-8b4b-02814898e98b,0
0,701 N. Fell - A3,,8c3bd369-bf24-11f0-8b4b-02814898e98b,67eccbfc-bf24-11f0-8b4b-02814898e98b,3b2ba845-bf24-11f0-8b4b-02814898e98b,0
0,701 N. Fell - A3,,8c404ee2-bf24-11f0-8b4b-02814898e98b,67eccbfc-bf24-11f0-8b4b-02814898e98b,3b2ba845-bf24-11f0-8b4b-02814898e98b,0
0,701 N. Fell - A4,,9880b6d9-bf24-11f0-8b4b-02814898e98b,67eccbfc-bf24-11f0-8b4b-02814898e98b,3b2ba845-bf24-11f0-8b4b-02814898e98b,0
0,701 N. Fell - A5,,ad0d2b0a-bf24-11f0-8b4b-02814898e98b,67eccbfc-bf24-11f0-8b4b-02814898e98b,3b2ba845-bf24-11f0-8b4b-02814898e98b,0
0,701 N. Fell - A6,,b9a64e17-bf24-11f0-8b4b-02814898e98b,67eccbfc-bf24-11f0-8b4b-02814898e98b,3b2ba845-bf24-11f0-8b4b-02814898e98b,0
0,701 N. Fell - A7,,c3dd9f5a-bf24-11f0-8b4b-02814898e98b,67eccbfc-bf24-11f0-8b4b-02814898e98b,3b2ba845-bf24-11f0-8b4b-02814898e98b,0
0,701 N. Fell - A8,,cd1552b1-bf24-11f0-8b4b-02814898e98b,67eccbfc-bf24-11f0-8b4b-02814898e98b,3b2ba845-bf24-11f0-8b4b-02814898e98b,0
0,701 N. Fell - A9,,d5979f7e-bf24-11f0-8b4b-02814898e98b,67eccbfc-bf24-11f0-8b4b-02814898e98b,3b2ba845-bf24-11f0-8b4b-02814898e98b,0
0,701 N. Fell - A9,,d59a2457-bf24-11f0-8b4b-02814898e98b,67eccbfc-bf24-11f0-8b4b-02814898e98b,3b2ba845-bf24-11f0-8b4b-02814898e98b,0
0,701 N. Fell - B1,,34081bde-bf26-11f0-8b4b-02814898e98b,67eccbfc-bf24-11f0-8b4b-02814898e98b,3b2ba845-bf24-11f0-8b4b-02814898e98b,0
0,701 N. Fell - B10,,af69faf4-bf26-11f0-8b4b-02814898e98b,67eccbfc-bf24-11f0-8b4b-02814898e98b,3b2ba845-bf24-11f0-8b4b-02814898e98b,0
0,701 N. Fell - B11,,be497d68-bf26-11f0-8b4b-02814898e98b,67eccbfc-bf24-11f0-8b4b-02814898e98b,3b2ba845-bf24-11f0-8b4b-02814898e98b,0
0,701 N. Fell - B12,,e575e418-bf26-11f0-8b4b-02814898e98b,67eccbfc-bf24-11f0-8b4b-02814898e98b,3b2ba845-bf24-11f0-8b4b-02814898e98b,0
0,701 N. Fell - B2,,3db35af5-bf26-11f0-8b4b-02814898e98b,67eccbfc-bf24-11f0-8b4b-02814898e98b,3b2ba845-bf24-11f0-8b4b-02814898e98b,0
0,701 N. Fell - B3,,6a4b8272-bf26-11f0-8b4b-02814898e98b,67eccbfc-bf24-11f0-8b4b-02814898e98b,3b2ba845-bf24-11f0-8b4b-02814898e98b,0
0,701 N. Fell - B4,,739a56e8-bf26-11f0-8b4b-02814898e98b,67eccbfc-bf24-11f0-8b4b-02814898e98b,3b2ba845-bf24-11f0-8b4b-02814898e98b,0
0,701 N. Fell - B5,,7d0afbc8-bf26-11f0-8b4b-02814898e98b,67eccbfc-bf24-11f0-8b4b-02814898e98b,3b2ba845-bf24-11f0-8b4b-02814898e98b,0
0,701 N. Fell - B6,,866f90dd-bf26-11f0-8b4b-02814898e98b,67eccbfc-bf24-11f0-8b4b-02814898e98b,3b2ba845-bf24-11f0-8b4b-02814898e98b,0
0,701 N. Fell - B7,,92fc328c-bf26-11f0-8b4b-02814898e98b,67eccbfc-bf24-11f0-8b4b-02814898e98b,3b2ba845-bf24-11f0-8b4b-02814898e98b,0
0,701 N. Fell - B8,,9c3ba797-bf26-11f0-8b4b-02814898e98b,67eccbfc-bf24-11f0-8b4b-02814898e98b,3b2ba845-bf24-11f0-8b4b-02814898e98b,0
0,701 N. Fell - B8,,9c3e677e-bf26-11f0-8b4b-02814898e98b,67eccbfc-bf24-11f0-8b4b-02814898e98b,3b2ba845-bf24-11f0-8b4b-02814898e98b,0
0,701 N. Fell - B9,,a53eace0-bf26-11f0-8b4b-02814898e98b,67eccbfc-bf24-11f0-8b4b-02814898e98b,3b2ba845-bf24-11f0-8b4b-02814898e98b,0
0,701 N. Fell - C1,,f38d30c3-bf26-11f0-8b4b-02814898e98b,5be0dda7-e02e-11f0-8b4b-02814898e98b,3b2ba845-bf24-11f0-8b4b-02814898e98b,0
0,701 N. Fell - C2,,fcd0b199-bf26-11f0-8b4b-02814898e98b,5be0dda7-e02e-11f0-8b4b-02814898e98b,3b2ba845-bf24-11f0-8b4b-02814898e98b,0
0,701 N. Fell - C3,,05c982ea-bf27-11f0-8b4b-02814898e98b,5be0dda7-e02e-11f0-8b4b-02814898e98b,3b2ba845-bf24-11f0-8b4b-02814898e98b,0
0,701 N. Fell - C4,,0ef2e315-bf27-11f0-8b4b-02814898e98b,5be0dda7-e02e-11f0-8b4b-02814898e98b,3b2ba845-bf24-11f0-8b4b-02814898e98b,0
0,701 N. Fell - C5,,1737dd93-bf27-11f0-8b4b-02814898e98b,5be0dda7-e02e-11f0-8b4b-02814898e98b,3b2ba845-bf24-11f0-8b4b-02814898e98b,0
0,701 N. Fell - C6,,201c8ea3-bf27-11f0-8b4b-02814898e98b,5be0dda7-e02e-11f0-8b4b-02814898e98b,3b2ba845-bf24-11f0-8b4b-02814898e98b,0
0,701 S Main,Apt 406,b60d1554-367c-11f0-8b4b-02814898e98b,313fcb3a-7890-11f0-8b4b-02814898e98b,94957ef7-367c-11f0-8b4b-02814898e98b,0
0,701 S Main,Apt 406,b635e3e2-367c-11f0-8b4b-02814898e98b,313fcb3a-7890-11f0-8b4b-02814898e98b,94957ef7-367c-11f0-8b4b-02814898e98b,0
0,701 S Main,Apt 406,b65ede05-367c-11f0-8b4b-02814898e98b,313fcb3a-7890-11f0-8b4b-02814898e98b,94957ef7-367c-11f0-8b4b-02814898e98b,0
0,701 S Main,Apt 501,b6901f16-367c-11f0-8b4b-02814898e98b,a7d64a69-788f-11f0-8b4b-02814898e98b,94957ef7-367c-11f0-8b4b-02814898e98b,0
0,701 S Main,Apt 501,b6a5ac8d-367c-11f0-8b4b-02814898e98b,a7d64a69-788f-11f0-8b4b-02814898e98b,94957ef7-367c-11f0-8b4b-02814898e98b,0
0,701 S Main,Apt 501,b6d15e31-367c-11f0-8b4b-02814898e98b,a7d64a69-788f-11f0-8b4b-02814898e98b,94957ef7-367c-11f0-8b4b-02814898e98b,0
0,701 S Main,Apt 501,b6ffeb88-367c-11f0-8b4b-02814898e98b,a7d64a69-788f-11f0-8b4b-02814898e98b,94957ef7-367c-11f0-8b4b-02814898e98b,0
0,701 S Main,Apt 502,b717f519-367c-11f0-8b4b-02814898e98b,3557a960-7892-11f0-8b4b-02814898e98b,94957ef7-367c-11f0-8b4b-02814898e98b,0
0,701 S Main,Apt 502,b72cddac-367c-11f0-8b4b-02814898e98b,3557a960-7892-11f0-8b4b-02814898e98b,94957ef7-367c-11f0-8b4b-02814898e98b,0
0,701 S Main,Apt 502,b74556c7-367c-11f0-8b4b-02814898e98b,3557a960-7892-11f0-8b4b-02814898e98b,94957ef7-367c-11f0-8b4b-02814898e98b,0
0,701 S Main,Apt 503,b75a2d0f-367c-11f0-8b4b-02814898e98b,313fcb3a-7890-11f0-8b4b-02814898e98b,94957ef7-367c-11f0-8b4b-02814898e98b,0
0,701 S Main,Apt 503,b78493da-367c-11f0-8b4b-02814898e98b,313fcb3a-7890-11f0-8b4b-02814898e98b,94957ef7-367c-11f0-8b4b-02814898e98b,0
0,701 S Main,Apt 503,b7ad1224-367c-11f0-8b4b-02814898e98b,313fcb3a-7890-11f0-8b4b-02814898e98b,94957ef7-367c-11f0-8b4b-02814898e98b,0
0,701 S Main,Apt 503,b7d50f67-367c-11f0-8b4b-02814898e98b,313fcb3a-7890-11f0-8b4b-02814898e98b,94957ef7-367c-11f0-8b4b-02814898e98b,0
0,701 S Main,Apt 504,b7fdb172-367c-11f0-8b4b-02814898e98b,a7d64a69-788f-11f0-8b4b-02814898e98b,94957ef7-367c-11f0-8b4b-02814898e98b,0
0,701 S Main,Apt 504,b8121b44-367c-11f0-8b4b-02814898e98b,a7d64a69-788f-11f0-8b4b-02814898e98b,94957ef7-367c-11f0-8b4b-02814898e98b,0
0,701 S Main,Apt 504,b8259b08-367c-11f0-8b4b-02814898e98b,a7d64a69-788f-11f0-8b4b-02814898e98b,94957ef7-367c-11f0-8b4b-02814898e98b,0
0,701 S Main,Apt 504,b839a7de-367c-11f0-8b4b-02814898e98b,a7d64a69-788f-11f0-8b4b-02814898e98b,94957ef7-367c-11f0-8b4b-02814898e98b,0
0,701 S Main ,Apt 203,4acaf4f6-8295-11f0-8b4b-02814898e98b,313fcb3a-7890-11f0-8b4b-02814898e98b,94957ef7-367c-11f0-8b4b-02814898e98b,0
0,701 S Main ,Apt 203,aed58815-367c-11f0-8b4b-02814898e98b,313fcb3a-7890-11f0-8b4b-02814898e98b,94957ef7-367c-11f0-8b4b-02814898e98b,0
0,701 S Main ,Apt 203,aeff5af5-367c-11f0-8b4b-02814898e98b,313fcb3a-7890-11f0-8b4b-02814898e98b,94957ef7-367c-11f0-8b4b-02814898e98b,0
0,701 S Main ,Apt 203,af2e8387-367c-11f0-8b4b-02814898e98b,313fcb3a-7890-11f0-8b4b-02814898e98b,94957ef7-367c-11f0-8b4b-02814898e98b,0
0,701 S Main ,Apt 203,af57651b-367c-11f0-8b4b-02814898e98b,313fcb3a-7890-11f0-8b4b-02814898e98b,94957ef7-367c-11f0-8b4b-02814898e98b,0
0,701 S Main,Apt 204,4af358f3-8295-11f0-8b4b-02814898e98b,a7d64a69-788f-11f0-8b4b-02814898e98b,94957ef7-367c-11f0-8b4b-02814898e98b,0
0,701 S Main,Apt 301,b0adf972-367c-11f0-8b4b-02814898e98b,a7d64a69-788f-11f0-8b4b-02814898e98b,94957ef7-367c-11f0-8b4b-02814898e98b,0
0,701 S Main,Apt 301,b0c4e2fd-367c-11f0-8b4b-02814898e98b,a7d64a69-788f-11f0-8b4b-02814898e98b,94957ef7-367c-11f0-8b4b-02814898e98b,0
0,701 S Main,Apt 301,b0f04f7a-367c-11f0-8b4b-02814898e98b,a7d64a69-788f-11f0-8b4b-02814898e98b,94957ef7-367c-11f0-8b4b-02814898e98b,0
0,701 S Main,Apt 301,b11903d8-367c-11f0-8b4b-02814898e98b,a7d64a69-788f-11f0-8b4b-02814898e98b,94957ef7-367c-11f0-8b4b-02814898e98b,0
0,701 S Main,Apt 302,4b96f0a1-8295-11f0-8b4b-02814898e98b,3557a960-7892-11f0-8b4b-02814898e98b,94957ef7-367c-11f0-8b4b-02814898e98b,0
0,701 S Main,Apt 402,b463893c-367c-11f0-8b4b-02814898e98b,3557a960-7892-11f0-8b4b-02814898e98b,94957ef7-367c-11f0-8b4b-02814898e98b,0
0,701 S Main,Apt 402,b47b0293-367c-11f0-8b4b-02814898e98b,3557a960-7892-11f0-8b4b-02814898e98b,94957ef7-367c-11f0-8b4b-02814898e98b,0
0,701 S Main,Apt 402,b492b451-367c-11f0-8b4b-02814898e98b,3557a960-7892-11f0-8b4b-02814898e98b,94957ef7-367c-11f0-8b4b-02814898e98b,0
0,701 S Main,Apt 404,b556b765-367c-11f0-8b4b-02814898e98b,a7d64a69-788f-11f0-8b4b-02814898e98b,94957ef7-367c-11f0-8b4b-02814898e98b,0
0,701 S Main,Apt 404,b56bc82e-367c-11f0-8b4b-02814898e98b,a7d64a69-788f-11f0-8b4b-02814898e98b,94957ef7-367c-11f0-8b4b-02814898e98b,0
0,701 S Main,Apt 404,b5820cb5-367c-11f0-8b4b-02814898e98b,a7d64a69-788f-11f0-8b4b-02814898e98b,94957ef7-367c-11f0-8b4b-02814898e98b,0
0,701 S Main,Apt 404,b5976317-367c-11f0-8b4b-02814898e98b,a7d64a69-788f-11f0-8b4b-02814898e98b,94957ef7-367c-11f0-8b4b-02814898e98b,0
0,701 S Main,Apt 405,4e2abc77-8295-11f0-8b4b-02814898e98b,3557a960-7892-11f0-8b4b-02814898e98b,94957ef7-367c-11f0-8b4b-02814898e98b,0
0,701 S Main,Apt 406,b5f84aa5-367c-11f0-8b4b-02814898e98b,313fcb3a-7890-11f0-8b4b-02814898e98b,94957ef7-367c-11f0-8b4b-02814898e98b,0
0,701 S Main - 701-201.1,Apt 201,ade692f6-367c-11f0-8b4b-02814898e98b,a7d64a69-788f-11f0-8b4b-02814898e98b,94957ef7-367c-11f0-8b4b-02814898e98b,0
0,701 S Main - 701-201.1,Apt 201,adfebd99-367c-11f0-8b4b-02814898e98b,a7d64a69-788f-11f0-8b4b-02814898e98b,94957ef7-367c-11f0-8b4b-02814898e98b,0
0,701 S Main - 701-201.1,Apt 201,ae149a7f-367c-11f0-8b4b-02814898e98b,a7d64a69-788f-11f0-8b4b-02814898e98b,94957ef7-367c-11f0-8b4b-02814898e98b,0
0,701 S Main - 701-201.1,Apt 201,ae4096ee-367c-11f0-8b4b-02814898e98b,a7d64a69-788f-11f0-8b4b-02814898e98b,94957ef7-367c-11f0-8b4b-02814898e98b,0
0,701 S Main - 701-202.1,Apt 202,4a9862d7-8295-11f0-8b4b-02814898e98b,3557a960-7892-11f0-8b4b-02814898e98b,94957ef7-367c-11f0-8b4b-02814898e98b,0
0,701 S Main - 701-202.1,Apt 202,ae563919-367c-11f0-8b4b-02814898e98b,3557a960-7892-11f0-8b4b-02814898e98b,94957ef7-367c-11f0-8b4b-02814898e98b,0
0,701 S Main - 701-202.1,Apt 202,ae83c868-367c-11f0-8b4b-02814898e98b,3557a960-7892-11f0-8b4b-02814898e98b,94957ef7-367c-11f0-8b4b-02814898e98b,0
0,701 S Main - 701-202.1,Apt 202,aeacee3f-367c-11f0-8b4b-02814898e98b,3557a960-7892-11f0-8b4b-02814898e98b,94957ef7-367c-11f0-8b4b-02814898e98b,0
0,701 S Main - 701-205.1,Apt 205,afec7ab8-367c-11f0-8b4b-02814898e98b,3557a960-7892-11f0-8b4b-02814898e98b,94957ef7-367c-11f0-8b4b-02814898e98b,0
0,701 S Main - 701-205.1,Apt 205,b0166211-367c-11f0-8b4b-02814898e98b,3557a960-7892-11f0-8b4b-02814898e98b,94957ef7-367c-11f0-8b4b-02814898e98b,0
0,701 S Main - 701-205.1,Apt 205,b02c398b-367c-11f0-8b4b-02814898e98b,3557a960-7892-11f0-8b4b-02814898e98b,94957ef7-367c-11f0-8b4b-02814898e98b,0
0,701 S Main - 701-206.1,Apt 206,b042b3b1-367c-11f0-8b4b-02814898e98b,313fcb3a-7890-11f0-8b4b-02814898e98b,94957ef7-367c-11f0-8b4b-02814898e98b,0
0,701 S Main - 701-206.1,Apt 206,b06d4a58-367c-11f0-8b4b-02814898e98b,313fcb3a-7890-11f0-8b4b-02814898e98b,94957ef7-367c-11f0-8b4b-02814898e98b,0
0,701 S Main - 701-206.1,Apt 206,b0825dc8-367c-11f0-8b4b-02814898e98b,313fcb3a-7890-11f0-8b4b-02814898e98b,94957ef7-367c-11f0-8b4b-02814898e98b,0
0,701 S Main - 701-206.1,Apt 206,b0978dd9-367c-11f0-8b4b-02814898e98b,313fcb3a-7890-11f0-8b4b-02814898e98b,94957ef7-367c-11f0-8b4b-02814898e98b,0
0,701 S Main - 701-303.1,Apt 303,4bc5bc0f-8295-11f0-8b4b-02814898e98b,313fcb3a-7890-11f0-8b4b-02814898e98b,94957ef7-367c-11f0-8b4b-02814898e98b,0
0,701 S Main - 701-303.1,Apt 303,b1781e74-367c-11f0-8b4b-02814898e98b,313fcb3a-7890-11f0-8b4b-02814898e98b,94957ef7-367c-11f0-8b4b-02814898e98b,0
0,701 S Main - 701-303.1,Apt 303,b1a81527-367c-11f0-8b4b-02814898e98b,313fcb3a-7890-11f0-8b4b-02814898e98b,94957ef7-367c-11f0-8b4b-02814898e98b,0
0,701 S Main - 701-303.1,Apt 303,b1d5a2da-367c-11f0-8b4b-02814898e98b,313fcb3a-7890-11f0-8b4b-02814898e98b,94957ef7-367c-11f0-8b4b-02814898e98b,0
0,701 S Main - 701-303.1,Apt 303,b205ed5d-367c-11f0-8b4b-02814898e98b,313fcb3a-7890-11f0-8b4b-02814898e98b,94957ef7-367c-11f0-8b4b-02814898e98b,0
0,701 S Main - 701-304.1,Apt 304,4bf291e7-8295-11f0-8b4b-02814898e98b,a7d64a69-788f-11f0-8b4b-02814898e98b,94957ef7-367c-11f0-8b4b-02814898e98b,0
0,701 S Main - 701-304.1,Apt 304,b231f97d-367c-11f0-8b4b-02814898e98b,a7d64a69-788f-11f0-8b4b-02814898e98b,94957ef7-367c-11f0-8b4b-02814898e98b,0
0,701 S Main - 701-304.1,Apt 304,b25bfdaf-367c-11f0-8b4b-02814898e98b,a7d64a69-788f-11f0-8b4b-02814898e98b,94957ef7-367c-11f0-8b4b-02814898e98b,0
0,701 S Main - 701-304.1,Apt 304,b29ee900-367c-11f0-8b4b-02814898e98b,a7d64a69-788f-11f0-8b4b-02814898e98b,94957ef7-367c-11f0-8b4b-02814898e98b,0
0,701 S Main - 701-304.1,Apt 304,b2b6b452-367c-11f0-8b4b-02814898e98b,a7d64a69-788f-11f0-8b4b-02814898e98b,94957ef7-367c-11f0-8b4b-02814898e98b,0
0,701 S Main - 701-305.1,Apt 305,b2e55e64-367c-11f0-8b4b-02814898e98b,3557a960-7892-11f0-8b4b-02814898e98b,94957ef7-367c-11f0-8b4b-02814898e98b,0
0,701 S Main - 701-305.1,Apt 305,b2fd7fe6-367c-11f0-8b4b-02814898e98b,3557a960-7892-11f0-8b4b-02814898e98b,94957ef7-367c-11f0-8b4b-02814898e98b,0
0,701 S Main - 701-305.1,Apt 305,b315b69d-367c-11f0-8b4b-02814898e98b,3557a960-7892-11f0-8b4b-02814898e98b,94957ef7-367c-11f0-8b4b-02814898e98b,0
0,701 S Main - 701-306.1,Apt 306,b329e8c6-367c-11f0-8b4b-02814898e98b,313fcb3a-7890-11f0-8b4b-02814898e98b,94957ef7-367c-11f0-8b4b-02814898e98b,0
0,701 S Main - 701-306.1,Apt 306,b353417a-367c-11f0-8b4b-02814898e98b,313fcb3a-7890-11f0-8b4b-02814898e98b,94957ef7-367c-11f0-8b4b-02814898e98b,0
0,701 S Main - 701-306.1,Apt 306,b380b167-367c-11f0-8b4b-02814898e98b,313fcb3a-7890-11f0-8b4b-02814898e98b,94957ef7-367c-11f0-8b4b-02814898e98b,0
0,701 S Main - 701-306.1,Apt 306,b395bc6c-367c-11f0-8b4b-02814898e98b,313fcb3a-7890-11f0-8b4b-02814898e98b,94957ef7-367c-11f0-8b4b-02814898e98b,0
0,701 S Main - 701-401.1,Apt 401,b3bd7b42-367c-11f0-8b4b-02814898e98b,a7d64a69-788f-11f0-8b4b-02814898e98b,94957ef7-367c-11f0-8b4b-02814898e98b,0
0,701 S Main - 701-401.1,Apt 401,b3e4db0d-367c-11f0-8b4b-02814898e98b,a7d64a69-788f-11f0-8b4b-02814898e98b,94957ef7-367c-11f0-8b4b-02814898e98b,0
0,701 S Main - 701-401.1,Apt 401,b40ecbd3-367c-11f0-8b4b-02814898e98b,a7d64a69-788f-11f0-8b4b-02814898e98b,94957ef7-367c-11f0-8b4b-02814898e98b,0
0,701 S Main - 701-401.1,Apt 401,b4376386-367c-11f0-8b4b-02814898e98b,a7d64a69-788f-11f0-8b4b-02814898e98b,94957ef7-367c-11f0-8b4b-02814898e98b,0
0,701 S Main - 701-403.1,Apt 403,b4ac1afb-367c-11f0-8b4b-02814898e98b,313fcb3a-7890-11f0-8b4b-02814898e98b,94957ef7-367c-11f0-8b4b-02814898e98b,0
0,701 S Main - 701-403.1,Apt 403,b4d5d40b-367c-11f0-8b4b-02814898e98b,313fcb3a-7890-11f0-8b4b-02814898e98b,94957ef7-367c-11f0-8b4b-02814898e98b,0
0,701 S Main - 701-403.1,Apt 403,b4fe6303-367c-11f0-8b4b-02814898e98b,313fcb3a-7890-11f0-8b4b-02814898e98b,94957ef7-367c-11f0-8b4b-02814898e98b,0
0,701 S Main - 701-403.1,Apt 403,b52a9137-367c-11f0-8b4b-02814898e98b,313fcb3a-7890-11f0-8b4b-02814898e98b,94957ef7-367c-11f0-8b4b-02814898e98b,0
0,701 S Main - 701-505.1,Apt 505,b8634881-367c-11f0-8b4b-02814898e98b,3557a960-7892-11f0-8b4b-02814898e98b,94957ef7-367c-11f0-8b4b-02814898e98b,0
0,701 S Main - 701-505.1,Apt 505,b88a64a0-367c-11f0-8b4b-02814898e98b,3557a960-7892-11f0-8b4b-02814898e98b,94957ef7-367c-11f0-8b4b-02814898e98b,0
0,701 S Main - 701-505.1,Apt 505,b89e6b39-367c-11f0-8b4b-02814898e98b,3557a960-7892-11f0-8b4b-02814898e98b,94957ef7-367c-11f0-8b4b-02814898e98b,0
0,701 S Main - 701-506.1,Apt 506,b8b398ef-367c-11f0-8b4b-02814898e98b,313fcb3a-7890-11f0-8b4b-02814898e98b,94957ef7-367c-11f0-8b4b-02814898e98b,0
0,701 S Main - 701-506.1,Apt 506,b8dbe82b-367c-11f0-8b4b-02814898e98b,313fcb3a-7890-11f0-8b4b-02814898e98b,94957ef7-367c-11f0-8b4b-02814898e98b,0
0,701 S Main - 701-506.1,Apt 506,b8f2f997-367c-11f0-8b4b-02814898e98b,313fcb3a-7890-11f0-8b4b-02814898e98b,94957ef7-367c-11f0-8b4b-02814898e98b,0
0,701 S Main - 701-506.1,Apt 506,b906bc6f-367c-11f0-8b4b-02814898e98b,313fcb3a-7890-11f0-8b4b-02814898e98b,94957ef7-367c-11f0-8b4b-02814898e98b,0
0,701 S Main - 701-506.1,Apt 506,4f73486c-8295-11f0-8b4b-02814898e98b,313fcb3a-7890-11f0-8b4b-02814898e98b,94957ef7-367c-11f0-8b4b-02814898e98b,0
0,701 S Main - 701-A,,dcdc886f-367c-11f0-8b4b-02814898e98b,4e751b6f-9495-11f0-8b4b-02814898e98b,94957ef7-367c-11f0-8b4b-02814898e98b,0
0,701 S Main - 701-B,,dd0c9f64-367c-11f0-8b4b-02814898e98b,4e751b6f-9495-11f0-8b4b-02814898e98b,94957ef7-367c-11f0-8b4b-02814898e98b,0
0,701 S Main - 701-C,,dcf5311f-367c-11f0-8b4b-02814898e98b,4e751b6f-9495-11f0-8b4b-02814898e98b,94957ef7-367c-11f0-8b4b-02814898e98b,0
0,703 Kingsley St ,,74a878e8-87f1-11ef-8b4b-02814898e98b,a5ab41e1-d469-11ef-8b4b-02814898e98b,6b7ce2ec-87e5-11ef-8b4b-02814898e98b,0
0,705 Cullom St,,223ca4f1-2888-11f1-8b4b-02814898e98b,\N,21cf6681-2888-11f1-8b4b-02814898e98b,0
0,705 Franklin Ave,Unit # 1,c2463cfc-6108-11ed-9528-0a5c5a1a7776,c688cf49-29aa-11ef-8b4b-02814898e98b,c14bc0f8-6108-11ed-9528-0a5c5a1a7776,0
0,705 Franklin Ave,Unit # 1,c3751289-6108-11ed-9528-0a5c5a1a7776,c688cf49-29aa-11ef-8b4b-02814898e98b,c14bc0f8-6108-11ed-9528-0a5c5a1a7776,0
0,705 Franklin Ave,Unit # 1,c37fd98f-6108-11ed-9528-0a5c5a1a7776,c688cf49-29aa-11ef-8b4b-02814898e98b,c14bc0f8-6108-11ed-9528-0a5c5a1a7776,0
0,705 Franklin Ave,Unit # 2,b54f8070-822e-11f0-8b4b-02814898e98b,c688cf49-29aa-11ef-8b4b-02814898e98b,c14bc0f8-6108-11ed-9528-0a5c5a1a7776,0
0,705 Franklin Ave,Unit # 3,c267ce25-6108-11ed-9528-0a5c5a1a7776,c688cf49-29aa-11ef-8b4b-02814898e98b,c14bc0f8-6108-11ed-9528-0a5c5a1a7776,0
0,705 Franklin Ave,Unit # 3,c271a58f-6108-11ed-9528-0a5c5a1a7776,c688cf49-29aa-11ef-8b4b-02814898e98b,c14bc0f8-6108-11ed-9528-0a5c5a1a7776,0
0,705 Franklin Ave,Unit # 3,c3976f3d-6108-11ed-9528-0a5c5a1a7776,c688cf49-29aa-11ef-8b4b-02814898e98b,c14bc0f8-6108-11ed-9528-0a5c5a1a7776,0
0,705 Franklin Ave,Unit # 3,b88a11cb-822e-11f0-8b4b-02814898e98b,c688cf49-29aa-11ef-8b4b-02814898e98b,c14bc0f8-6108-11ed-9528-0a5c5a1a7776,0
0,705 Franklin Ave,Unit # 4,b6002b27-822e-11f0-8b4b-02814898e98b,c688cf49-29aa-11ef-8b4b-02814898e98b,c14bc0f8-6108-11ed-9528-0a5c5a1a7776,0
0,705 Franklin Ave,Unit # 5,b64cc187-822e-11f0-8b4b-02814898e98b,c688cf49-29aa-11ef-8b4b-02814898e98b,c14bc0f8-6108-11ed-9528-0a5c5a1a7776,0
0,705 Franklin Ave,Unit # 6,c2bfbc78-6108-11ed-9528-0a5c5a1a7776,c688cf49-29aa-11ef-8b4b-02814898e98b,c14bc0f8-6108-11ed-9528-0a5c5a1a7776,0
0,705 Franklin Ave,Unit # 6,c2c9b1b2-6108-11ed-9528-0a5c5a1a7776,c688cf49-29aa-11ef-8b4b-02814898e98b,c14bc0f8-6108-11ed-9528-0a5c5a1a7776,0
0,705 Franklin Ave,Unit # 6,c2d39e9a-6108-11ed-9528-0a5c5a1a7776,c688cf49-29aa-11ef-8b4b-02814898e98b,c14bc0f8-6108-11ed-9528-0a5c5a1a7776,0
0,705 Franklin Ave,Unit # 7,b6e4d743-822e-11f0-8b4b-02814898e98b,c688cf49-29aa-11ef-8b4b-02814898e98b,c14bc0f8-6108-11ed-9528-0a5c5a1a7776,0
0,705 Franklin Ave,Unit # 8,b72ef5ac-822e-11f0-8b4b-02814898e98b,c688cf49-29aa-11ef-8b4b-02814898e98b,c14bc0f8-6108-11ed-9528-0a5c5a1a7776,0
0,705 Franklin Ave,Unit # 9,b77cefbc-822e-11f0-8b4b-02814898e98b,c688cf49-29aa-11ef-8b4b-02814898e98b,c14bc0f8-6108-11ed-9528-0a5c5a1a7776,0
0,705 Franklin Ave,Unit # 10,b7c40e66-822e-11f0-8b4b-02814898e98b,c688cf49-29aa-11ef-8b4b-02814898e98b,c14bc0f8-6108-11ed-9528-0a5c5a1a7776,0
0,705 Franklin Ave,Unit # 11,c32bbdb6-6108-11ed-9528-0a5c5a1a7776,c688cf49-29aa-11ef-8b4b-02814898e98b,c14bc0f8-6108-11ed-9528-0a5c5a1a7776,0
0,705 Franklin Ave,Unit # 11,c3cc5c15-6108-11ed-9528-0a5c5a1a7776,c688cf49-29aa-11ef-8b4b-02814898e98b,c14bc0f8-6108-11ed-9528-0a5c5a1a7776,0
0,705 Franklin Ave,Unit # 11,c3d629da-6108-11ed-9528-0a5c5a1a7776,c688cf49-29aa-11ef-8b4b-02814898e98b,c14bc0f8-6108-11ed-9528-0a5c5a1a7776,0
0,705 Franklin Ave,Unit # 12,c230a4b7-6108-11ed-9528-0a5c5a1a7776,c688cf49-29aa-11ef-8b4b-02814898e98b,c14bc0f8-6108-11ed-9528-0a5c5a1a7776,0
0,705 Franklin Ave,Unit # 12,c1e33214-6108-11ed-9528-0a5c5a1a7776,c688cf49-29aa-11ef-8b4b-02814898e98b,c14bc0f8-6108-11ed-9528-0a5c5a1a7776,0
0,705 Franklin Ave,Unit # 12,c224c63c-6108-11ed-9528-0a5c5a1a7776,c688cf49-29aa-11ef-8b4b-02814898e98b,c14bc0f8-6108-11ed-9528-0a5c5a1a7776,0
0,705 Kingsley St - H.2,,fabe82f4-8aac-11f0-8b4b-02814898e98b,b490c191-7e0d-11f0-8b4b-02814898e98b,d61a0685-87e5-11ef-8b4b-02814898e98b,0
0,706 S. Main,Unit A,a80c86d7-22ff-11eb-9ba0-024e14449321,\N,14bfe5ca-22ff-11eb-9ba0-024e14449321,0
0,707 Kingsley St ,,84399d12-87f6-11ef-8b4b-02814898e98b,a5c3727e-d469-11ef-8b4b-02814898e98b,37e46f87-87e6-11ef-8b4b-02814898e98b,0
0,707 Main,Unit 1,b91b7a52-822e-11f0-8b4b-02814898e98b,a3ed5df4-29ac-11ef-8b4b-02814898e98b,1528ed97-22ff-11eb-9ba0-024e14449321,0
0,707 Main,Unit 2,ba8617b9-22ff-11eb-9ba0-024e14449321,a3ed5df4-29ac-11ef-8b4b-02814898e98b,1528ed97-22ff-11eb-9ba0-024e14449321,0
0,707 Main,Unit 2,bb3cfa4a-22ff-11eb-9ba0-024e14449321,a3ed5df4-29ac-11ef-8b4b-02814898e98b,1528ed97-22ff-11eb-9ba0-024e14449321,0
0,707 Main,Unit 2,bc895a39-22ff-11eb-9ba0-024e14449321,a3ed5df4-29ac-11ef-8b4b-02814898e98b,1528ed97-22ff-11eb-9ba0-024e14449321,0
0,707 Main,Unit 2,bd7e37c0-22ff-11eb-9ba0-024e14449321,a3ed5df4-29ac-11ef-8b4b-02814898e98b,1528ed97-22ff-11eb-9ba0-024e14449321,0
0,707 Main,Unit 3,bf203638-22ff-11eb-9ba0-024e14449321,4748a571-2346-11ef-8b4b-02814898e98b,1528ed97-22ff-11eb-9ba0-024e14449321,0
0,707 Main,Unit 3,bf90857b-22ff-11eb-9ba0-024e14449321,4748a571-2346-11ef-8b4b-02814898e98b,1528ed97-22ff-11eb-9ba0-024e14449321,0
0,707 Main,Unit 4,ba067d9d-822e-11f0-8b4b-02814898e98b,4748a571-2346-11ef-8b4b-02814898e98b,1528ed97-22ff-11eb-9ba0-024e14449321,0
0,707 Main,Unit 5,c292625c-22ff-11eb-9ba0-024e14449321,a3ed5df4-29ac-11ef-8b4b-02814898e98b,1528ed97-22ff-11eb-9ba0-024e14449321,0
0,707 Main,Unit 5,c43498db-22ff-11eb-9ba0-024e14449321,a3ed5df4-29ac-11ef-8b4b-02814898e98b,1528ed97-22ff-11eb-9ba0-024e14449321,0
0,707 Main,Unit 5,c4f1b30f-22ff-11eb-9ba0-024e14449321,a3ed5df4-29ac-11ef-8b4b-02814898e98b,1528ed97-22ff-11eb-9ba0-024e14449321,0
0,707 Main,Unit 5,c5e7d85f-22ff-11eb-9ba0-024e14449321,a3ed5df4-29ac-11ef-8b4b-02814898e98b,1528ed97-22ff-11eb-9ba0-024e14449321,0
0,707 Main,Unit 6,baa10101-822e-11f0-8b4b-02814898e98b,a3ed5df4-29ac-11ef-8b4b-02814898e98b,1528ed97-22ff-11eb-9ba0-024e14449321,0
0,707 Main,Unit 7,cadad641-22ff-11eb-9ba0-024e14449321,a3ed5df4-29ac-11ef-8b4b-02814898e98b,1528ed97-22ff-11eb-9ba0-024e14449321,0
0,707 Main,Unit 7,cbc6a550-22ff-11eb-9ba0-024e14449321,a3ed5df4-29ac-11ef-8b4b-02814898e98b,1528ed97-22ff-11eb-9ba0-024e14449321,0
0,707 Main,Unit 7,ccbd3419-22ff-11eb-9ba0-024e14449321,a3ed5df4-29ac-11ef-8b4b-02814898e98b,1528ed97-22ff-11eb-9ba0-024e14449321,0
0,707 Main,Unit 8,ce469cbd-22ff-11eb-9ba0-024e14449321,a3ed5df4-29ac-11ef-8b4b-02814898e98b,1528ed97-22ff-11eb-9ba0-024e14449321,0
0,707 Main,Unit 8,cf023696-22ff-11eb-9ba0-024e14449321,a3ed5df4-29ac-11ef-8b4b-02814898e98b,1528ed97-22ff-11eb-9ba0-024e14449321,0
0,707 Main,Unit 8,cf69c838-22ff-11eb-9ba0-024e14449321,a3ed5df4-29ac-11ef-8b4b-02814898e98b,1528ed97-22ff-11eb-9ba0-024e14449321,0
0,707 Main,Unit 8,d02ee6a0-22ff-11eb-9ba0-024e14449321,a3ed5df4-29ac-11ef-8b4b-02814898e98b,1528ed97-22ff-11eb-9ba0-024e14449321,0
0,707 Main,Unit 9,bb7b44a5-822e-11f0-8b4b-02814898e98b,4748a571-2346-11ef-8b4b-02814898e98b,1528ed97-22ff-11eb-9ba0-024e14449321,0
0,707 Main,Unit 10,bbd5eb26-822e-11f0-8b4b-02814898e98b,4748a571-2346-11ef-8b4b-02814898e98b,1528ed97-22ff-11eb-9ba0-024e14449321,0
0,707 Main,Unit 11,bc23b609-822e-11f0-8b4b-02814898e98b,a3ed5df4-29ac-11ef-8b4b-02814898e98b,1528ed97-22ff-11eb-9ba0-024e14449321,0
0,707 Main,Unit 12,dd0cd37d-22ff-11eb-9ba0-024e14449321,a3ed5df4-29ac-11ef-8b4b-02814898e98b,1528ed97-22ff-11eb-9ba0-024e14449321,0
0,707 Main,Unit 12,dd99caf2-22ff-11eb-9ba0-024e14449321,a3ed5df4-29ac-11ef-8b4b-02814898e98b,1528ed97-22ff-11eb-9ba0-024e14449321,0
0,707 Main,Unit 12,de109339-22ff-11eb-9ba0-024e14449321,a3ed5df4-29ac-11ef-8b4b-02814898e98b,1528ed97-22ff-11eb-9ba0-024e14449321,0
0,707 Osage St,Unit 1,142ea850-d468-11ef-8b4b-02814898e98b,4f8d4c29-29ac-11ef-8b4b-02814898e98b,14f717e0-22ff-11eb-9ba0-024e14449321,0
0,707 Osage St,Unit 2,15fa0d98-d468-11ef-8b4b-02814898e98b,4f8d4c29-29ac-11ef-8b4b-02814898e98b,14f717e0-22ff-11eb-9ba0-024e14449321,0
0,707 Osage St,Unit 3,178be270-d468-11ef-8b4b-02814898e98b,4f8d4c29-29ac-11ef-8b4b-02814898e98b,14f717e0-22ff-11eb-9ba0-024e14449321,0
0,707 Osage St,Unit 4,1974142b-d468-11ef-8b4b-02814898e98b,4f8d4c29-29ac-11ef-8b4b-02814898e98b,14f717e0-22ff-11eb-9ba0-024e14449321,0
0,707 Osage St,Unit 5,1b31c3ac-d468-11ef-8b4b-02814898e98b,4f8d4c29-29ac-11ef-8b4b-02814898e98b,14f717e0-22ff-11eb-9ba0-024e14449321,0
0,709 Kingsley St - Apt B,,3387d11b-87fe-11ef-8b4b-02814898e98b,a5d94691-d469-11ef-8b4b-02814898e98b,33446507-87ea-11ef-8b4b-02814898e98b,0
0,709 S Main,Apt 201,b91baea3-367c-11f0-8b4b-02814898e98b,7055740f-7892-11f0-8b4b-02814898e98b,94957ef7-367c-11f0-8b4b-02814898e98b,0
0,709 S Main,Apt 201,b94312b2-367c-11f0-8b4b-02814898e98b,7055740f-7892-11f0-8b4b-02814898e98b,94957ef7-367c-11f0-8b4b-02814898e98b,0
0,709 S Main,Apt 201,b96c79ff-367c-11f0-8b4b-02814898e98b,7055740f-7892-11f0-8b4b-02814898e98b,94957ef7-367c-11f0-8b4b-02814898e98b,0
0,709 S Main,Apt 202,b9966331-367c-11f0-8b4b-02814898e98b,771fd769-7890-11f0-8b4b-02814898e98b,94957ef7-367c-11f0-8b4b-02814898e98b,0
0,709 S Main,Apt 202,b9bcf96f-367c-11f0-8b4b-02814898e98b,771fd769-7890-11f0-8b4b-02814898e98b,94957ef7-367c-11f0-8b4b-02814898e98b,0
0,709 S Main,Apt 202,b9e6ca5a-367c-11f0-8b4b-02814898e98b,771fd769-7890-11f0-8b4b-02814898e98b,94957ef7-367c-11f0-8b4b-02814898e98b,0
0,709 S Main,Apt 202,ba0f5072-367c-11f0-8b4b-02814898e98b,771fd769-7890-11f0-8b4b-02814898e98b,94957ef7-367c-11f0-8b4b-02814898e98b,0
0,709 S Main,Apt 205,ba3a8ece-367c-11f0-8b4b-02814898e98b,771fd769-7890-11f0-8b4b-02814898e98b,94957ef7-367c-11f0-8b4b-02814898e98b,0
0,709 S Main,Apt 205,ba6368e4-367c-11f0-8b4b-02814898e98b,771fd769-7890-11f0-8b4b-02814898e98b,94957ef7-367c-11f0-8b4b-02814898e98b,0
0,709 S Main,Apt 205,ba8c5fa5-367c-11f0-8b4b-02814898e98b,771fd769-7890-11f0-8b4b-02814898e98b,94957ef7-367c-11f0-8b4b-02814898e98b,0
0,709 S Main,Apt 205,bab6c837-367c-11f0-8b4b-02814898e98b,771fd769-7890-11f0-8b4b-02814898e98b,94957ef7-367c-11f0-8b4b-02814898e98b,0
0,709 S Main,Apt 206,bb1c724e-367c-11f0-8b4b-02814898e98b,46682562-7893-11f0-8b4b-02814898e98b,94957ef7-367c-11f0-8b4b-02814898e98b,0
0,709 S Main,Apt 207,bb352041-367c-11f0-8b4b-02814898e98b,771fd769-7890-11f0-8b4b-02814898e98b,94957ef7-367c-11f0-8b4b-02814898e98b,0
0,709 S Main,Apt 207,bb4b6ec9-367c-11f0-8b4b-02814898e98b,771fd769-7890-11f0-8b4b-02814898e98b,94957ef7-367c-11f0-8b4b-02814898e98b,0
0,709 S Main,Apt 207,bb65bd3c-367c-11f0-8b4b-02814898e98b,771fd769-7890-11f0-8b4b-02814898e98b,94957ef7-367c-11f0-8b4b-02814898e98b,0
0,709 S Main,Apt 207,bb7f549d-367c-11f0-8b4b-02814898e98b,771fd769-7890-11f0-8b4b-02814898e98b,94957ef7-367c-11f0-8b4b-02814898e98b,0
0,709 S Main,Apt 208,bbad94f2-367c-11f0-8b4b-02814898e98b,46682562-7893-11f0-8b4b-02814898e98b,94957ef7-367c-11f0-8b4b-02814898e98b,0
0,709 S Main,Apt 209,bbf28cb1-367c-11f0-8b4b-02814898e98b,46682562-7893-11f0-8b4b-02814898e98b,94957ef7-367c-11f0-8b4b-02814898e98b,0
0,709 S Main,Apt 210,bc0a5c12-367c-11f0-8b4b-02814898e98b,7055740f-7892-11f0-8b4b-02814898e98b,94957ef7-367c-11f0-8b4b-02814898e98b,0
0,709 S Main,Apt 210,bc33eef9-367c-11f0-8b4b-02814898e98b,7055740f-7892-11f0-8b4b-02814898e98b,94957ef7-367c-11f0-8b4b-02814898e98b,0
0,709 S Main,Apt 210,bc5d2bd2-367c-11f0-8b4b-02814898e98b,7055740f-7892-11f0-8b4b-02814898e98b,94957ef7-367c-11f0-8b4b-02814898e98b,0
0,709 S Main,Apt 211,bcb0eb84-367c-11f0-8b4b-02814898e98b,46682562-7893-11f0-8b4b-02814898e98b,94957ef7-367c-11f0-8b4b-02814898e98b,0
0,709 S Main,Apt 214,bd4694d1-367c-11f0-8b4b-02814898e98b,46682562-7893-11f0-8b4b-02814898e98b,94957ef7-367c-11f0-8b4b-02814898e98b,0
0,709 S Main,Apt 215,bd9d8a75-367c-11f0-8b4b-02814898e98b,46682562-7893-11f0-8b4b-02814898e98b,94957ef7-367c-11f0-8b4b-02814898e98b,0
0,709 S Main,Apt 216,bddf6b6d-367c-11f0-8b4b-02814898e98b,46682562-7893-11f0-8b4b-02814898e98b,94957ef7-367c-11f0-8b4b-02814898e98b,0
0,709 S Main,Apt 217,be1de51a-367c-11f0-8b4b-02814898e98b,46682562-7893-11f0-8b4b-02814898e98b,94957ef7-367c-11f0-8b4b-02814898e98b,0
0,709 S Main,Apt 218,be6fc4e7-367c-11f0-8b4b-02814898e98b,46682562-7893-11f0-8b4b-02814898e98b,94957ef7-367c-11f0-8b4b-02814898e98b,0
0,709 S Main,Apt 219,beaea967-367c-11f0-8b4b-02814898e98b,46682562-7893-11f0-8b4b-02814898e98b,94957ef7-367c-11f0-8b4b-02814898e98b,0
0,709 S Main,Apt 220,bec3c9f8-367c-11f0-8b4b-02814898e98b,7055740f-7892-11f0-8b4b-02814898e98b,94957ef7-367c-11f0-8b4b-02814898e98b,0
0,709 S Main,Apt 220,bed84e97-367c-11f0-8b4b-02814898e98b,7055740f-7892-11f0-8b4b-02814898e98b,94957ef7-367c-11f0-8b4b-02814898e98b,0
0,709 S Main,Apt 220,beed0245-367c-11f0-8b4b-02814898e98b,7055740f-7892-11f0-8b4b-02814898e98b,94957ef7-367c-11f0-8b4b-02814898e98b,0
0,709 S Main,Apt 221,bf0362b4-367c-11f0-8b4b-02814898e98b,771fd769-7890-11f0-8b4b-02814898e98b,94957ef7-367c-11f0-8b4b-02814898e98b,0
0,709 S Main,Apt 221,bf18a3ba-367c-11f0-8b4b-02814898e98b,771fd769-7890-11f0-8b4b-02814898e98b,94957ef7-367c-11f0-8b4b-02814898e98b,0
0,709 S Main,Apt 221,bf2f76e2-367c-11f0-8b4b-02814898e98b,771fd769-7890-11f0-8b4b-02814898e98b,94957ef7-367c-11f0-8b4b-02814898e98b,0
0,709 S Main,Apt 221,bf47dd4a-367c-11f0-8b4b-02814898e98b,771fd769-7890-11f0-8b4b-02814898e98b,94957ef7-367c-11f0-8b4b-02814898e98b,0
0,709 S Main,Apt 301,bf726678-367c-11f0-8b4b-02814898e98b,7055740f-7892-11f0-8b4b-02814898e98b,94957ef7-367c-11f0-8b4b-02814898e98b,0
0,709 S Main,Apt 301,bf88ad38-367c-11f0-8b4b-02814898e98b,7055740f-7892-11f0-8b4b-02814898e98b,94957ef7-367c-11f0-8b4b-02814898e98b,0
0,709 S Main,Apt 301,bf9efe5e-367c-11f0-8b4b-02814898e98b,7055740f-7892-11f0-8b4b-02814898e98b,94957ef7-367c-11f0-8b4b-02814898e98b,0
0,709 S Main,Apt 302,bfb6534d-367c-11f0-8b4b-02814898e98b,771fd769-7890-11f0-8b4b-02814898e98b,94957ef7-367c-11f0-8b4b-02814898e98b,0
0,709 S Main,Apt 302,bfe5f668-367c-11f0-8b4b-02814898e98b,771fd769-7890-11f0-8b4b-02814898e98b,94957ef7-367c-11f0-8b4b-02814898e98b,0
0,709 S Main,Apt 302,c0147900-367c-11f0-8b4b-02814898e98b,771fd769-7890-11f0-8b4b-02814898e98b,94957ef7-367c-11f0-8b4b-02814898e98b,0
0,709 S Main,Apt 302,c03fb699-367c-11f0-8b4b-02814898e98b,771fd769-7890-11f0-8b4b-02814898e98b,94957ef7-367c-11f0-8b4b-02814898e98b,0
0,709 S Main,Apt 303,c083c0fc-367c-11f0-8b4b-02814898e98b,46682562-7893-11f0-8b4b-02814898e98b,94957ef7-367c-11f0-8b4b-02814898e98b,0
0,709 S Main,Apt 304,c0c155a8-367c-11f0-8b4b-02814898e98b,46682562-7893-11f0-8b4b-02814898e98b,94957ef7-367c-11f0-8b4b-02814898e98b,0
0,709 S Main,Apt 305,c0ecd461-367c-11f0-8b4b-02814898e98b,771fd769-7890-11f0-8b4b-02814898e98b,94957ef7-367c-11f0-8b4b-02814898e98b,0
0,709 S Main,Apt 305,c1029799-367c-11f0-8b4b-02814898e98b,771fd769-7890-11f0-8b4b-02814898e98b,94957ef7-367c-11f0-8b4b-02814898e98b,0
0,709 S Main,Apt 305,c12e290b-367c-11f0-8b4b-02814898e98b,771fd769-7890-11f0-8b4b-02814898e98b,94957ef7-367c-11f0-8b4b-02814898e98b,0
0,709 S Main,Apt 305,c15b5ede-367c-11f0-8b4b-02814898e98b,771fd769-7890-11f0-8b4b-02814898e98b,94957ef7-367c-11f0-8b4b-02814898e98b,0
0,709 S Main,Apt 306,c1b1e67f-367c-11f0-8b4b-02814898e98b,46682562-7893-11f0-8b4b-02814898e98b,94957ef7-367c-11f0-8b4b-02814898e98b,0
0,709 S Main,Apt 307,c1ded572-367c-11f0-8b4b-02814898e98b,771fd769-7890-11f0-8b4b-02814898e98b,94957ef7-367c-11f0-8b4b-02814898e98b,0
0,709 S Main,Apt 307,c1f61b95-367c-11f0-8b4b-02814898e98b,771fd769-7890-11f0-8b4b-02814898e98b,94957ef7-367c-11f0-8b4b-02814898e98b,0
0,709 S Main,Apt 307,c20e93b4-367c-11f0-8b4b-02814898e98b,771fd769-7890-11f0-8b4b-02814898e98b,94957ef7-367c-11f0-8b4b-02814898e98b,0
0,709 S Main,Apt 307,c238b777-367c-11f0-8b4b-02814898e98b,771fd769-7890-11f0-8b4b-02814898e98b,94957ef7-367c-11f0-8b4b-02814898e98b,0
0,709 S Main,Apt 308,c27b3ece-367c-11f0-8b4b-02814898e98b,46682562-7893-11f0-8b4b-02814898e98b,94957ef7-367c-11f0-8b4b-02814898e98b,0
0,709 S Main,Apt 309,c2bf0286-367c-11f0-8b4b-02814898e98b,46682562-7893-11f0-8b4b-02814898e98b,94957ef7-367c-11f0-8b4b-02814898e98b,0
0,709 S Main,Apt 310,c2d3040c-367c-11f0-8b4b-02814898e98b,7055740f-7892-11f0-8b4b-02814898e98b,94957ef7-367c-11f0-8b4b-02814898e98b,0
0,709 S Main,Apt 310,c2fba9b6-367c-11f0-8b4b-02814898e98b,7055740f-7892-11f0-8b4b-02814898e98b,94957ef7-367c-11f0-8b4b-02814898e98b,0
0,709 S Main,Apt 310,c3282118-367c-11f0-8b4b-02814898e98b,7055740f-7892-11f0-8b4b-02814898e98b,94957ef7-367c-11f0-8b4b-02814898e98b,0
0,709 S Main,Apt 311,c380d396-367c-11f0-8b4b-02814898e98b,46682562-7893-11f0-8b4b-02814898e98b,94957ef7-367c-11f0-8b4b-02814898e98b,0
0,709 S Main,Apt 314,c4065223-367c-11f0-8b4b-02814898e98b,46682562-7893-11f0-8b4b-02814898e98b,94957ef7-367c-11f0-8b4b-02814898e98b,0
0,709 S Main,Apt 316,c4998e2b-367c-11f0-8b4b-02814898e98b,46682562-7893-11f0-8b4b-02814898e98b,94957ef7-367c-11f0-8b4b-02814898e98b,0
0,709 S Main,Apt 317,c4c8b7fc-367c-11f0-8b4b-02814898e98b,46682562-7893-11f0-8b4b-02814898e98b,94957ef7-367c-11f0-8b4b-02814898e98b,0
0,709 S Main,Apt 318,c4f63809-367c-11f0-8b4b-02814898e98b,46682562-7893-11f0-8b4b-02814898e98b,94957ef7-367c-11f0-8b4b-02814898e98b,0
0,709 S Main,Apt 319,c52285d1-367c-11f0-8b4b-02814898e98b,46682562-7893-11f0-8b4b-02814898e98b,94957ef7-367c-11f0-8b4b-02814898e98b,0
0,709 S Main,Apt 320,c53a65b7-367c-11f0-8b4b-02814898e98b,7055740f-7892-11f0-8b4b-02814898e98b,94957ef7-367c-11f0-8b4b-02814898e98b,0
0,709 S Main,Apt 320,c550698c-367c-11f0-8b4b-02814898e98b,7055740f-7892-11f0-8b4b-02814898e98b,94957ef7-367c-11f0-8b4b-02814898e98b,0
0,709 S Main,Apt 320,c566f717-367c-11f0-8b4b-02814898e98b,7055740f-7892-11f0-8b4b-02814898e98b,94957ef7-367c-11f0-8b4b-02814898e98b,0
0,709 S Main,Apt 321,c57bbd05-367c-11f0-8b4b-02814898e98b,771fd769-7890-11f0-8b4b-02814898e98b,94957ef7-367c-11f0-8b4b-02814898e98b,0
0,709 S Main,Apt 321,c5a8c885-367c-11f0-8b4b-02814898e98b,771fd769-7890-11f0-8b4b-02814898e98b,94957ef7-367c-11f0-8b4b-02814898e98b,0
0,709 S Main,Apt 321,c5d39a92-367c-11f0-8b4b-02814898e98b,771fd769-7890-11f0-8b4b-02814898e98b,94957ef7-367c-11f0-8b4b-02814898e98b,0
0,709 S Main,Apt 321,c5ffebb0-367c-11f0-8b4b-02814898e98b,771fd769-7890-11f0-8b4b-02814898e98b,94957ef7-367c-11f0-8b4b-02814898e98b,0
0,709 S Main,Apt 401,569c3a90-8295-11f0-8b4b-02814898e98b,7055740f-7892-11f0-8b4b-02814898e98b,94957ef7-367c-11f0-8b4b-02814898e98b,0
0,709 S Main,Apt 402,c6970141-367c-11f0-8b4b-02814898e98b,771fd769-7890-11f0-8b4b-02814898e98b,94957ef7-367c-11f0-8b4b-02814898e98b,0
0,709 S Main,Apt 402,c6afab92-367c-11f0-8b4b-02814898e98b,771fd769-7890-11f0-8b4b-02814898e98b,94957ef7-367c-11f0-8b4b-02814898e98b,0
0,709 S Main,Apt 402,c6c721e7-367c-11f0-8b4b-02814898e98b,771fd769-7890-11f0-8b4b-02814898e98b,94957ef7-367c-11f0-8b4b-02814898e98b,0
0,709 S Main,Apt 402,c6df7d19-367c-11f0-8b4b-02814898e98b,771fd769-7890-11f0-8b4b-02814898e98b,94957ef7-367c-11f0-8b4b-02814898e98b,0
0,709 S Main,Apt 403,c71f9ed8-367c-11f0-8b4b-02814898e98b,46682562-7893-11f0-8b4b-02814898e98b,94957ef7-367c-11f0-8b4b-02814898e98b,0
0,709 S Main,Apt 404,c7600d76-367c-11f0-8b4b-02814898e98b,46682562-7893-11f0-8b4b-02814898e98b,94957ef7-367c-11f0-8b4b-02814898e98b,0
0,709 S Main,Apt 405,c78c2d09-367c-11f0-8b4b-02814898e98b,771fd769-7890-11f0-8b4b-02814898e98b,94957ef7-367c-11f0-8b4b-02814898e98b,0
0,709 S Main,Apt 405,c7b90138-367c-11f0-8b4b-02814898e98b,771fd769-7890-11f0-8b4b-02814898e98b,94957ef7-367c-11f0-8b4b-02814898e98b,0
0,709 S Main,Apt 405,c7e76664-367c-11f0-8b4b-02814898e98b,771fd769-7890-11f0-8b4b-02814898e98b,94957ef7-367c-11f0-8b4b-02814898e98b,0
0,709 S Main,Apt 405,c7ff09c3-367c-11f0-8b4b-02814898e98b,771fd769-7890-11f0-8b4b-02814898e98b,94957ef7-367c-11f0-8b4b-02814898e98b,0
0,709 S Main,Apt 406,c85ce61f-367c-11f0-8b4b-02814898e98b,46682562-7893-11f0-8b4b-02814898e98b,94957ef7-367c-11f0-8b4b-02814898e98b,0
0,709 S Main,Apt 407,57b0531e-8295-11f0-8b4b-02814898e98b,771fd769-7890-11f0-8b4b-02814898e98b,94957ef7-367c-11f0-8b4b-02814898e98b,0
0,709 S Main,Apt 408,c942d6bd-367c-11f0-8b4b-02814898e98b,46682562-7893-11f0-8b4b-02814898e98b,94957ef7-367c-11f0-8b4b-02814898e98b,0
0,709 S Main,Apt 409,c9bb2690-367c-11f0-8b4b-02814898e98b,46682562-7893-11f0-8b4b-02814898e98b,94957ef7-367c-11f0-8b4b-02814898e98b,0
0,709 S Main,Apt 410,c9dfddc0-367c-11f0-8b4b-02814898e98b,7055740f-7892-11f0-8b4b-02814898e98b,94957ef7-367c-11f0-8b4b-02814898e98b,0
0,709 S Main,Apt 410,ca1819a4-367c-11f0-8b4b-02814898e98b,7055740f-7892-11f0-8b4b-02814898e98b,94957ef7-367c-11f0-8b4b-02814898e98b,0
0,709 S Main,Apt 410,ca30a083-367c-11f0-8b4b-02814898e98b,7055740f-7892-11f0-8b4b-02814898e98b,94957ef7-367c-11f0-8b4b-02814898e98b,0
0,709 S Main,Apt 212,bcda7466-367c-11f0-8b4b-02814898e98b,5eb76348-7893-11f0-8b4b-02814898e98b,94957ef7-367c-11f0-8b4b-02814898e98b,0
0,709 S Main,Apt 213,bceeed97-367c-11f0-8b4b-02814898e98b,5eb76348-7893-11f0-8b4b-02814898e98b,94957ef7-367c-11f0-8b4b-02814898e98b,0
0,709 S Main,Apt 411,ca7d2db8-367c-11f0-8b4b-02814898e98b,46682562-7893-11f0-8b4b-02814898e98b,94957ef7-367c-11f0-8b4b-02814898e98b,0
0,709 S Main,Apt 312,c3ab900f-367c-11f0-8b4b-02814898e98b,5eb76348-7893-11f0-8b4b-02814898e98b,94957ef7-367c-11f0-8b4b-02814898e98b,0
0,709 S Main,Apt 313,c3dae18d-367c-11f0-8b4b-02814898e98b,5eb76348-7893-11f0-8b4b-02814898e98b,94957ef7-367c-11f0-8b4b-02814898e98b,0
0,709 S Main,Apt 414,caf40cc0-367c-11f0-8b4b-02814898e98b,46682562-7893-11f0-8b4b-02814898e98b,94957ef7-367c-11f0-8b4b-02814898e98b,0
0,709 S Main,Apt 412,ca97810f-367c-11f0-8b4b-02814898e98b,5eb76348-7893-11f0-8b4b-02814898e98b,94957ef7-367c-11f0-8b4b-02814898e98b,0
0,709 S Main,Apt 413,cac6109a-367c-11f0-8b4b-02814898e98b,5eb76348-7893-11f0-8b4b-02814898e98b,94957ef7-367c-11f0-8b4b-02814898e98b,0
0,709 S Main,Apt 415,cb213f97-367c-11f0-8b4b-02814898e98b,46682562-7893-11f0-8b4b-02814898e98b,94957ef7-367c-11f0-8b4b-02814898e98b,0
0,709 S Main,Apt 512,d2582da9-367c-11f0-8b4b-02814898e98b,5eb76348-7893-11f0-8b4b-02814898e98b,94957ef7-367c-11f0-8b4b-02814898e98b,0
0,709 S Main,Apt 513,d290ce9c-367c-11f0-8b4b-02814898e98b,5eb76348-7893-11f0-8b4b-02814898e98b,94957ef7-367c-11f0-8b4b-02814898e98b,0
0,709 S Main,Apt 416,cb68eacc-367c-11f0-8b4b-02814898e98b,46682562-7893-11f0-8b4b-02814898e98b,94957ef7-367c-11f0-8b4b-02814898e98b,0
0,709 S Main,Apt 612,d9bc8b6e-367c-11f0-8b4b-02814898e98b,5eb76348-7893-11f0-8b4b-02814898e98b,94957ef7-367c-11f0-8b4b-02814898e98b,0
0,709 S Main,Apt 613,d9e78e69-367c-11f0-8b4b-02814898e98b,5eb76348-7893-11f0-8b4b-02814898e98b,94957ef7-367c-11f0-8b4b-02814898e98b,0
0,709 S Main,Apt 417,cbc54b30-367c-11f0-8b4b-02814898e98b,46682562-7893-11f0-8b4b-02814898e98b,94957ef7-367c-11f0-8b4b-02814898e98b,0
0,709 S Main,Apt 418,cc279aef-367c-11f0-8b4b-02814898e98b,46682562-7893-11f0-8b4b-02814898e98b,94957ef7-367c-11f0-8b4b-02814898e98b,0
0,709 S Main,Apt 419,cc707a80-367c-11f0-8b4b-02814898e98b,46682562-7893-11f0-8b4b-02814898e98b,94957ef7-367c-11f0-8b4b-02814898e98b,0
0,709 S Main,Apt 420,cca14233-367c-11f0-8b4b-02814898e98b,7055740f-7892-11f0-8b4b-02814898e98b,94957ef7-367c-11f0-8b4b-02814898e98b,0
0,709 S Main,Apt 420,ccd59b0e-367c-11f0-8b4b-02814898e98b,7055740f-7892-11f0-8b4b-02814898e98b,94957ef7-367c-11f0-8b4b-02814898e98b,0
0,709 S Main,Apt 420,cced62f4-367c-11f0-8b4b-02814898e98b,7055740f-7892-11f0-8b4b-02814898e98b,94957ef7-367c-11f0-8b4b-02814898e98b,0
0,709 S Main,Apt 421,cd03b0ad-367c-11f0-8b4b-02814898e98b,771fd769-7890-11f0-8b4b-02814898e98b,94957ef7-367c-11f0-8b4b-02814898e98b,0
0,709 S Main,Apt 421,cd1913d6-367c-11f0-8b4b-02814898e98b,771fd769-7890-11f0-8b4b-02814898e98b,94957ef7-367c-11f0-8b4b-02814898e98b,0
0,709 S Main,Apt 421,cd2d607d-367c-11f0-8b4b-02814898e98b,771fd769-7890-11f0-8b4b-02814898e98b,94957ef7-367c-11f0-8b4b-02814898e98b,0
0,709 S Main,Apt 421,cd41d738-367c-11f0-8b4b-02814898e98b,771fd769-7890-11f0-8b4b-02814898e98b,94957ef7-367c-11f0-8b4b-02814898e98b,0
0,709 S Main,Apt 501,5a34b453-8295-11f0-8b4b-02814898e98b,7055740f-7892-11f0-8b4b-02814898e98b,94957ef7-367c-11f0-8b4b-02814898e98b,0
0,709 S Main,Apt 502,5a6d9cac-8295-11f0-8b4b-02814898e98b,771fd769-7890-11f0-8b4b-02814898e98b,94957ef7-367c-11f0-8b4b-02814898e98b,0
0,709 S Main,Apt 503,ceb6f708-367c-11f0-8b4b-02814898e98b,46682562-7893-11f0-8b4b-02814898e98b,94957ef7-367c-11f0-8b4b-02814898e98b,0
0,709 S Main,Apt 504,ceeb61f3-367c-11f0-8b4b-02814898e98b,46682562-7893-11f0-8b4b-02814898e98b,94957ef7-367c-11f0-8b4b-02814898e98b,0
0,709 S Main,Apt 504,cf01ecc4-367c-11f0-8b4b-02814898e98b,46682562-7893-11f0-8b4b-02814898e98b,94957ef7-367c-11f0-8b4b-02814898e98b,0
0,709 S Main,Apt 505,cf1988ca-367c-11f0-8b4b-02814898e98b,771fd769-7890-11f0-8b4b-02814898e98b,94957ef7-367c-11f0-8b4b-02814898e98b,0
0,709 S Main,Apt 505,cf489ab1-367c-11f0-8b4b-02814898e98b,771fd769-7890-11f0-8b4b-02814898e98b,94957ef7-367c-11f0-8b4b-02814898e98b,0
0,709 S Main,Apt 505,cf5edc05-367c-11f0-8b4b-02814898e98b,771fd769-7890-11f0-8b4b-02814898e98b,94957ef7-367c-11f0-8b4b-02814898e98b,0
0,709 S Main,Apt 505,cf758dc3-367c-11f0-8b4b-02814898e98b,771fd769-7890-11f0-8b4b-02814898e98b,94957ef7-367c-11f0-8b4b-02814898e98b,0
0,709 S Main,Apt 506,cfc10a50-367c-11f0-8b4b-02814898e98b,46682562-7893-11f0-8b4b-02814898e98b,94957ef7-367c-11f0-8b4b-02814898e98b,0
0,709 S Main,Apt 507,cfebffa4-367c-11f0-8b4b-02814898e98b,771fd769-7890-11f0-8b4b-02814898e98b,94957ef7-367c-11f0-8b4b-02814898e98b,0
0,709 S Main,Apt 507,d01cbd2f-367c-11f0-8b4b-02814898e98b,771fd769-7890-11f0-8b4b-02814898e98b,94957ef7-367c-11f0-8b4b-02814898e98b,0
0,709 S Main,Apt 507,d0575ecf-367c-11f0-8b4b-02814898e98b,771fd769-7890-11f0-8b4b-02814898e98b,94957ef7-367c-11f0-8b4b-02814898e98b,0
0,709 S Main,Apt 507,d0908f7f-367c-11f0-8b4b-02814898e98b,771fd769-7890-11f0-8b4b-02814898e98b,94957ef7-367c-11f0-8b4b-02814898e98b,0
0,709 S Main,Apt 508,d0ce08ce-367c-11f0-8b4b-02814898e98b,46682562-7893-11f0-8b4b-02814898e98b,94957ef7-367c-11f0-8b4b-02814898e98b,0
0,709 S Main,Apt 509,d108fd3c-367c-11f0-8b4b-02814898e98b,46682562-7893-11f0-8b4b-02814898e98b,94957ef7-367c-11f0-8b4b-02814898e98b,0
0,709 S Main,Apt 510,d12b4b3e-367c-11f0-8b4b-02814898e98b,7055740f-7892-11f0-8b4b-02814898e98b,94957ef7-367c-11f0-8b4b-02814898e98b,0
0,709 S Main,Apt 510,d16cfc9a-367c-11f0-8b4b-02814898e98b,7055740f-7892-11f0-8b4b-02814898e98b,94957ef7-367c-11f0-8b4b-02814898e98b,0
0,709 S Main,Apt 510,d1b84a0b-367c-11f0-8b4b-02814898e98b,7055740f-7892-11f0-8b4b-02814898e98b,94957ef7-367c-11f0-8b4b-02814898e98b,0
0,709 S Main,Apt 511,d2201000-367c-11f0-8b4b-02814898e98b,46682562-7893-11f0-8b4b-02814898e98b,94957ef7-367c-11f0-8b4b-02814898e98b,0
0,709 S Main,Apt 201,4f9b5c0f-8295-11f0-8b4b-02814898e98b,7055740f-7892-11f0-8b4b-02814898e98b,94957ef7-367c-11f0-8b4b-02814898e98b,0
0,709 S Main,Apt 516,d352b346-367c-11f0-8b4b-02814898e98b,46682562-7893-11f0-8b4b-02814898e98b,94957ef7-367c-11f0-8b4b-02814898e98b,0
0,709 S Main,Apt 517,d37fe167-367c-11f0-8b4b-02814898e98b,46682562-7893-11f0-8b4b-02814898e98b,94957ef7-367c-11f0-8b4b-02814898e98b,0
0,709 S Main,Apt 519,d3e8c2b8-367c-11f0-8b4b-02814898e98b,46682562-7893-11f0-8b4b-02814898e98b,94957ef7-367c-11f0-8b4b-02814898e98b,0
0,709 S Main,Apt 520,d4009639-367c-11f0-8b4b-02814898e98b,7055740f-7892-11f0-8b4b-02814898e98b,94957ef7-367c-11f0-8b4b-02814898e98b,0
0,709 S Main,Apt 320,563b0151-8295-11f0-8b4b-02814898e98b,7055740f-7892-11f0-8b4b-02814898e98b,94957ef7-367c-11f0-8b4b-02814898e98b,0
0,709 S Main,Apt 520,d431e9bf-367c-11f0-8b4b-02814898e98b,7055740f-7892-11f0-8b4b-02814898e98b,94957ef7-367c-11f0-8b4b-02814898e98b,0
0,709 S Main,Apt 520,d4645686-367c-11f0-8b4b-02814898e98b,7055740f-7892-11f0-8b4b-02814898e98b,94957ef7-367c-11f0-8b4b-02814898e98b,0
0,709 S Main,Apt 521,d4949d6b-367c-11f0-8b4b-02814898e98b,771fd769-7890-11f0-8b4b-02814898e98b,94957ef7-367c-11f0-8b4b-02814898e98b,0
0,709 S Main,Apt 521,d4c3793b-367c-11f0-8b4b-02814898e98b,771fd769-7890-11f0-8b4b-02814898e98b,94957ef7-367c-11f0-8b4b-02814898e98b,0
0,709 S Main,Apt 521,d4f48d33-367c-11f0-8b4b-02814898e98b,771fd769-7890-11f0-8b4b-02814898e98b,94957ef7-367c-11f0-8b4b-02814898e98b,0
0,709 S Main,Apt 521,d50e581c-367c-11f0-8b4b-02814898e98b,771fd769-7890-11f0-8b4b-02814898e98b,94957ef7-367c-11f0-8b4b-02814898e98b,0
0,709 S Main,Apt 510,5bcd24dc-8295-11f0-8b4b-02814898e98b,7055740f-7892-11f0-8b4b-02814898e98b,94957ef7-367c-11f0-8b4b-02814898e98b,0
0,709 S Main,Apt 601,d5407222-367c-11f0-8b4b-02814898e98b,7055740f-7892-11f0-8b4b-02814898e98b,94957ef7-367c-11f0-8b4b-02814898e98b,0
0,709 S Main,Apt 601,d57610ff-367c-11f0-8b4b-02814898e98b,7055740f-7892-11f0-8b4b-02814898e98b,94957ef7-367c-11f0-8b4b-02814898e98b,0
0,709 S Main,Apt 601,d5a59da5-367c-11f0-8b4b-02814898e98b,7055740f-7892-11f0-8b4b-02814898e98b,94957ef7-367c-11f0-8b4b-02814898e98b,0
0,709 S Main,Apt 607,5f3769ec-8295-11f0-8b4b-02814898e98b,771fd769-7890-11f0-8b4b-02814898e98b,94957ef7-367c-11f0-8b4b-02814898e98b,0
0,709 S Main,Apt 602,d5d3324a-367c-11f0-8b4b-02814898e98b,771fd769-7890-11f0-8b4b-02814898e98b,94957ef7-367c-11f0-8b4b-02814898e98b,0
0,709 S Main,Apt 602,d5eae312-367c-11f0-8b4b-02814898e98b,771fd769-7890-11f0-8b4b-02814898e98b,94957ef7-367c-11f0-8b4b-02814898e98b,0
0,709 S Main,Apt 602,d6013125-367c-11f0-8b4b-02814898e98b,771fd769-7890-11f0-8b4b-02814898e98b,94957ef7-367c-11f0-8b4b-02814898e98b,0
0,709 S Main,Apt 602,d618c8a4-367c-11f0-8b4b-02814898e98b,771fd769-7890-11f0-8b4b-02814898e98b,94957ef7-367c-11f0-8b4b-02814898e98b,0
0,709 S Main,Apt 603,d65bc454-367c-11f0-8b4b-02814898e98b,46682562-7893-11f0-8b4b-02814898e98b,94957ef7-367c-11f0-8b4b-02814898e98b,0
0,709 S Main,Apt 604,d6ba2f50-367c-11f0-8b4b-02814898e98b,46682562-7893-11f0-8b4b-02814898e98b,94957ef7-367c-11f0-8b4b-02814898e98b,0
0,709 S Main,Apt 605,d6ec8b6b-367c-11f0-8b4b-02814898e98b,771fd769-7890-11f0-8b4b-02814898e98b,94957ef7-367c-11f0-8b4b-02814898e98b,0
0,709 S Main,Apt 605,d718cc5e-367c-11f0-8b4b-02814898e98b,771fd769-7890-11f0-8b4b-02814898e98b,94957ef7-367c-11f0-8b4b-02814898e98b,0
0,709 S Main,Apt 605,d74733cd-367c-11f0-8b4b-02814898e98b,771fd769-7890-11f0-8b4b-02814898e98b,94957ef7-367c-11f0-8b4b-02814898e98b,0
0,709 S Main,Apt 605,d773e859-367c-11f0-8b4b-02814898e98b,771fd769-7890-11f0-8b4b-02814898e98b,94957ef7-367c-11f0-8b4b-02814898e98b,0
0,709 S Main,Apt 606,d7c16074-367c-11f0-8b4b-02814898e98b,46682562-7893-11f0-8b4b-02814898e98b,94957ef7-367c-11f0-8b4b-02814898e98b,0
0,709 S Main,Apt 607,d7dd2f7d-367c-11f0-8b4b-02814898e98b,771fd769-7890-11f0-8b4b-02814898e98b,94957ef7-367c-11f0-8b4b-02814898e98b,0
0,709 S Main,Apt 607,d7f35127-367c-11f0-8b4b-02814898e98b,771fd769-7890-11f0-8b4b-02814898e98b,94957ef7-367c-11f0-8b4b-02814898e98b,0
0,709 S Main,Apt 607,d8214697-367c-11f0-8b4b-02814898e98b,771fd769-7890-11f0-8b4b-02814898e98b,94957ef7-367c-11f0-8b4b-02814898e98b,0
0,709 S Main,Apt 607,d837dfa3-367c-11f0-8b4b-02814898e98b,771fd769-7890-11f0-8b4b-02814898e98b,94957ef7-367c-11f0-8b4b-02814898e98b,0
0,709 S Main,Apt 608,d8954418-367c-11f0-8b4b-02814898e98b,46682562-7893-11f0-8b4b-02814898e98b,94957ef7-367c-11f0-8b4b-02814898e98b,0
0,709 S Main,Apt 609,d8f0af02-367c-11f0-8b4b-02814898e98b,46682562-7893-11f0-8b4b-02814898e98b,94957ef7-367c-11f0-8b4b-02814898e98b,0
0,709 S Main,Apt 610,d9062064-367c-11f0-8b4b-02814898e98b,7055740f-7892-11f0-8b4b-02814898e98b,94957ef7-367c-11f0-8b4b-02814898e98b,0
0,709 S Main,Apt 610,d93380f3-367c-11f0-8b4b-02814898e98b,7055740f-7892-11f0-8b4b-02814898e98b,94957ef7-367c-11f0-8b4b-02814898e98b,0
0,709 S Main,Apt 610,d94921c2-367c-11f0-8b4b-02814898e98b,7055740f-7892-11f0-8b4b-02814898e98b,94957ef7-367c-11f0-8b4b-02814898e98b,0
0,709 S Main,Apt 611,d98e6aad-367c-11f0-8b4b-02814898e98b,46682562-7893-11f0-8b4b-02814898e98b,94957ef7-367c-11f0-8b4b-02814898e98b,0
0,709 S Main,Apt 614,da3ff75e-367c-11f0-8b4b-02814898e98b,46682562-7893-11f0-8b4b-02814898e98b,94957ef7-367c-11f0-8b4b-02814898e98b,0
0,709 S Main,Apt 615,da9b5653-367c-11f0-8b4b-02814898e98b,46682562-7893-11f0-8b4b-02814898e98b,94957ef7-367c-11f0-8b4b-02814898e98b,0
0,709 S Main,Apt 616,dac7145e-367c-11f0-8b4b-02814898e98b,46682562-7893-11f0-8b4b-02814898e98b,94957ef7-367c-11f0-8b4b-02814898e98b,0
0,709 S Main,Apt 617,db0e5b59-367c-11f0-8b4b-02814898e98b,46682562-7893-11f0-8b4b-02814898e98b,94957ef7-367c-11f0-8b4b-02814898e98b,0
0,709 S Main,Apt 618,db72e41e-367c-11f0-8b4b-02814898e98b,46682562-7893-11f0-8b4b-02814898e98b,94957ef7-367c-11f0-8b4b-02814898e98b,0
0,709 S Main,Apt 620,dbd074e2-367c-11f0-8b4b-02814898e98b,7055740f-7892-11f0-8b4b-02814898e98b,94957ef7-367c-11f0-8b4b-02814898e98b,0
0,709 S Main,Apt 620,dbfc4a43-367c-11f0-8b4b-02814898e98b,7055740f-7892-11f0-8b4b-02814898e98b,94957ef7-367c-11f0-8b4b-02814898e98b,0
0,709 S Main,Apt 620,dc1132b7-367c-11f0-8b4b-02814898e98b,7055740f-7892-11f0-8b4b-02814898e98b,94957ef7-367c-11f0-8b4b-02814898e98b,0
0,709 S Main,Apt 621,dc2913f6-367c-11f0-8b4b-02814898e98b,771fd769-7890-11f0-8b4b-02814898e98b,94957ef7-367c-11f0-8b4b-02814898e98b,0
0,709 S Main,Apt 621,dc55ce69-367c-11f0-8b4b-02814898e98b,771fd769-7890-11f0-8b4b-02814898e98b,94957ef7-367c-11f0-8b4b-02814898e98b,0
0,709 S Main,Apt 621,dc82d296-367c-11f0-8b4b-02814898e98b,771fd769-7890-11f0-8b4b-02814898e98b,94957ef7-367c-11f0-8b4b-02814898e98b,0
0,709 S Main,Apt 621,dcafa625-367c-11f0-8b4b-02814898e98b,771fd769-7890-11f0-8b4b-02814898e98b,94957ef7-367c-11f0-8b4b-02814898e98b,0
0,709.5 Kingsley St - Apt A,,f2ddd859-87ff-11ef-8b4b-02814898e98b,\N,97847002-87ea-11ef-8b4b-02814898e98b,0
0,710 W. Mulberry,Unit B2,e1633048-22ff-11eb-9ba0-024e14449321,\N,1545c0cb-22ff-11eb-9ba0-024e14449321,0
0,710 W. Mulberry,Unit B3,e1abb6c5-22ff-11eb-9ba0-024e14449321,\N,1545c0cb-22ff-11eb-9ba0-024e14449321,0
0,710 W. Mulberry,Unit B4,e1fc9f77-22ff-11eb-9ba0-024e14449321,\N,1545c0cb-22ff-11eb-9ba0-024e14449321,0
0,710 W. Mulberry,Unit C1,e27922f3-22ff-11eb-9ba0-024e14449321,\N,1545c0cb-22ff-11eb-9ba0-024e14449321,0
0,710 W. Mulberry,Unit C2,e2c06b5f-22ff-11eb-9ba0-024e14449321,\N,1545c0cb-22ff-11eb-9ba0-024e14449321,0
0,710 W. Mulberry,Unit C3,e304753c-22ff-11eb-9ba0-024e14449321,\N,1545c0cb-22ff-11eb-9ba0-024e14449321,0
0,710 W. Mulberry,Unit C4,e34dbf9b-22ff-11eb-9ba0-024e14449321,\N,1545c0cb-22ff-11eb-9ba0-024e14449321,0
0,710 W. Mulberry,Unit A1,de7fcd7a-22ff-11eb-9ba0-024e14449321,\N,1545c0cb-22ff-11eb-9ba0-024e14449321,0
0,710 W. Mulberry,Unit A2,df1bcbd0-22ff-11eb-9ba0-024e14449321,\N,1545c0cb-22ff-11eb-9ba0-024e14449321,0
0,710 W. Mulberry,Unit A3,df61526d-22ff-11eb-9ba0-024e14449321,\N,1545c0cb-22ff-11eb-9ba0-024e14449321,0
0,710 W. Mulberry,Unit A4,dfe92015-22ff-11eb-9ba0-024e14449321,\N,1545c0cb-22ff-11eb-9ba0-024e14449321,0
0,710 W. Mulberry,Unit B1,e0834b2c-22ff-11eb-9ba0-024e14449321,\N,1545c0cb-22ff-11eb-9ba0-024e14449321,0
0,712 W Mulberry St,Unit 2,559022ef-aac9-11ec-a39e-0683fa8b8728,\N,1573bc1e-22ff-11eb-9ba0-024e14449321,0
0,712 W Mulberry St - Unit 4,,5d79ecdb-aac9-11ec-a39e-0683fa8b8728,\N,1573bc1e-22ff-11eb-9ba0-024e14449321,0
0,712 W Mulberry St.,Unit 1,e96d4413-22ff-11eb-9ba0-024e14449321,\N,1573bc1e-22ff-11eb-9ba0-024e14449321,0
0,712 W Mulberry St.,Unit 3,59a55014-aac9-11ec-a39e-0683fa8b8728,\N,1573bc1e-22ff-11eb-9ba0-024e14449321,0
0,712 W Mulberry St.,Unit 5,6131fc02-aac9-11ec-a39e-0683fa8b8728,\N,1573bc1e-22ff-11eb-9ba0-024e14449321,0
0,713 N. School St.,,b831adc2-6d7a-11f0-8b4b-02814898e98b,\N,b7ebee81-6d7a-11f0-8b4b-02814898e98b,0
0,714 Osage St,,20af7c04-8802-11ef-8b4b-02814898e98b,\N,f17c4fd1-87e3-11ef-8b4b-02814898e98b,0
0,717 W. Raab,Apt #2,a796b3d4-8928-11ec-a39e-0683fa8b8728,6312eb22-240e-11ef-8b4b-02814898e98b,a562be4c-8928-11ec-a39e-0683fa8b8728,0
0,717 W. Raab,Apt #2,a7a41389-8928-11ec-a39e-0683fa8b8728,6312eb22-240e-11ef-8b4b-02814898e98b,a562be4c-8928-11ec-a39e-0683fa8b8728,0
0,717 W. Raab,Apt #2,a7afdd65-8928-11ec-a39e-0683fa8b8728,6312eb22-240e-11ef-8b4b-02814898e98b,a562be4c-8928-11ec-a39e-0683fa8b8728,0
0,717 W. Raab,Apt #2,a7be3499-8928-11ec-a39e-0683fa8b8728,6312eb22-240e-11ef-8b4b-02814898e98b,a562be4c-8928-11ec-a39e-0683fa8b8728,0
0,717 W. Raab,Apt #4,a80890db-8928-11ec-a39e-0683fa8b8728,6312eb22-240e-11ef-8b4b-02814898e98b,a562be4c-8928-11ec-a39e-0683fa8b8728,0
0,717 W. Raab,Apt #4,a816d6b1-8928-11ec-a39e-0683fa8b8728,6312eb22-240e-11ef-8b4b-02814898e98b,a562be4c-8928-11ec-a39e-0683fa8b8728,0
0,717 W. Raab,Apt #4,a826c328-8928-11ec-a39e-0683fa8b8728,6312eb22-240e-11ef-8b4b-02814898e98b,a562be4c-8928-11ec-a39e-0683fa8b8728,0
0,717 W. Raab,Apt #4,a8351163-8928-11ec-a39e-0683fa8b8728,6312eb22-240e-11ef-8b4b-02814898e98b,a562be4c-8928-11ec-a39e-0683fa8b8728,0
0,717 W. Raab,Apt #8,a8f8bd0d-8928-11ec-a39e-0683fa8b8728,6312eb22-240e-11ef-8b4b-02814898e98b,a562be4c-8928-11ec-a39e-0683fa8b8728,0
0,717 W. Raab,Apt #8,a9004158-8928-11ec-a39e-0683fa8b8728,6312eb22-240e-11ef-8b4b-02814898e98b,a562be4c-8928-11ec-a39e-0683fa8b8728,0
0,717 W. Raab,Apt #8,4b42808c-d469-11ef-8b4b-02814898e98b,6312eb22-240e-11ef-8b4b-02814898e98b,a562be4c-8928-11ec-a39e-0683fa8b8728,0
0,717 W. Raab,Apt #8,4b43fa2a-d469-11ef-8b4b-02814898e98b,6312eb22-240e-11ef-8b4b-02814898e98b,a562be4c-8928-11ec-a39e-0683fa8b8728,0
0,717 W. Raab,Apt #10,a93bef53-8928-11ec-a39e-0683fa8b8728,6312eb22-240e-11ef-8b4b-02814898e98b,a562be4c-8928-11ec-a39e-0683fa8b8728,0
0,717 W. Raab,Apt #10,a9466074-8928-11ec-a39e-0683fa8b8728,6312eb22-240e-11ef-8b4b-02814898e98b,a562be4c-8928-11ec-a39e-0683fa8b8728,0
0,717 W. Raab,Apt #10,a950a9d7-8928-11ec-a39e-0683fa8b8728,6312eb22-240e-11ef-8b4b-02814898e98b,a562be4c-8928-11ec-a39e-0683fa8b8728,0
0,717 W. Raab,Apt #10,a959d098-8928-11ec-a39e-0683fa8b8728,6312eb22-240e-11ef-8b4b-02814898e98b,a562be4c-8928-11ec-a39e-0683fa8b8728,0
0,717 W. Raab,Apt #5,4a1abc92-d469-11ef-8b4b-02814898e98b,6312eb22-240e-11ef-8b4b-02814898e98b,a562be4c-8928-11ec-a39e-0683fa8b8728,0
0,717 W. Raab,Apt #5,4a1bab29-d469-11ef-8b4b-02814898e98b,6312eb22-240e-11ef-8b4b-02814898e98b,a562be4c-8928-11ec-a39e-0683fa8b8728,0
0,717 W. Raab,Apt #5,4a1c979a-d469-11ef-8b4b-02814898e98b,6312eb22-240e-11ef-8b4b-02814898e98b,a562be4c-8928-11ec-a39e-0683fa8b8728,0
0,717 W. Raab,Apt #5,4a1dab57-d469-11ef-8b4b-02814898e98b,6312eb22-240e-11ef-8b4b-02814898e98b,a562be4c-8928-11ec-a39e-0683fa8b8728,0
0,717 W. Raab,Apt #12,4dfb6df0-d469-11ef-8b4b-02814898e98b,6312eb22-240e-11ef-8b4b-02814898e98b,a562be4c-8928-11ec-a39e-0683fa8b8728,0
0,717 W. Raab,Apt #12,4dfc53ca-d469-11ef-8b4b-02814898e98b,6312eb22-240e-11ef-8b4b-02814898e98b,a562be4c-8928-11ec-a39e-0683fa8b8728,0
0,717 W. Raab,Apt #12,4dfd4270-d469-11ef-8b4b-02814898e98b,6312eb22-240e-11ef-8b4b-02814898e98b,a562be4c-8928-11ec-a39e-0683fa8b8728,0
0,717 W. Raab,Apt #12,4dfe27d0-d469-11ef-8b4b-02814898e98b,6312eb22-240e-11ef-8b4b-02814898e98b,a562be4c-8928-11ec-a39e-0683fa8b8728,0
0,719 W. Raab,Apt #11,54e3f383-d469-11ef-8b4b-02814898e98b,6312eb22-240e-11ef-8b4b-02814898e98b,a562be4c-8928-11ec-a39e-0683fa8b8728,0
0,719 W. Raab,Apt #11,54e517fb-d469-11ef-8b4b-02814898e98b,6312eb22-240e-11ef-8b4b-02814898e98b,a562be4c-8928-11ec-a39e-0683fa8b8728,0
0,719 W. Raab,Apt #11,54e63814-d469-11ef-8b4b-02814898e98b,6312eb22-240e-11ef-8b4b-02814898e98b,a562be4c-8928-11ec-a39e-0683fa8b8728,0
0,719 W. Raab,Apt #1,a9a5d6db-8928-11ec-a39e-0683fa8b8728,6312eb22-240e-11ef-8b4b-02814898e98b,a562be4c-8928-11ec-a39e-0683fa8b8728,0
0,719 W. Raab,Apt #1,a9ae666b-8928-11ec-a39e-0683fa8b8728,6312eb22-240e-11ef-8b4b-02814898e98b,a562be4c-8928-11ec-a39e-0683fa8b8728,0
0,719 W. Raab,Apt #1,a9b6ca6b-8928-11ec-a39e-0683fa8b8728,6312eb22-240e-11ef-8b4b-02814898e98b,a562be4c-8928-11ec-a39e-0683fa8b8728,0
0,719 W. Raab,Apt #1,4e2feb9d-d469-11ef-8b4b-02814898e98b,6312eb22-240e-11ef-8b4b-02814898e98b,a562be4c-8928-11ec-a39e-0683fa8b8728,0
0,719 W. Raab,Apt #5,aa45b30f-8928-11ec-a39e-0683fa8b8728,6312eb22-240e-11ef-8b4b-02814898e98b,a562be4c-8928-11ec-a39e-0683fa8b8728,0
0,719 W. Raab,Apt #5,aa4eb2be-8928-11ec-a39e-0683fa8b8728,6312eb22-240e-11ef-8b4b-02814898e98b,a562be4c-8928-11ec-a39e-0683fa8b8728,0
0,719 W. Raab,Apt #5,aa56e13e-8928-11ec-a39e-0683fa8b8728,6312eb22-240e-11ef-8b4b-02814898e98b,a562be4c-8928-11ec-a39e-0683fa8b8728,0
0,719 W. Raab,Apt #5,506edcd9-d469-11ef-8b4b-02814898e98b,6312eb22-240e-11ef-8b4b-02814898e98b,a562be4c-8928-11ec-a39e-0683fa8b8728,0
0,719 W. Raab,Apt #7,aa8a5169-8928-11ec-a39e-0683fa8b8728,6312eb22-240e-11ef-8b4b-02814898e98b,a562be4c-8928-11ec-a39e-0683fa8b8728,0
0,719 W. Raab,Apt #7,aa929ca3-8928-11ec-a39e-0683fa8b8728,6312eb22-240e-11ef-8b4b-02814898e98b,a562be4c-8928-11ec-a39e-0683fa8b8728,0
0,719 W. Raab,Apt #7,aa9b26fa-8928-11ec-a39e-0683fa8b8728,6312eb22-240e-11ef-8b4b-02814898e98b,a562be4c-8928-11ec-a39e-0683fa8b8728,0
0,719 W. Raab,Apt #7,aaa503ec-8928-11ec-a39e-0683fa8b8728,6312eb22-240e-11ef-8b4b-02814898e98b,a562be4c-8928-11ec-a39e-0683fa8b8728,0
0,719 W. Raab,Apt #12,ab350c73-8928-11ec-a39e-0683fa8b8728,6312eb22-240e-11ef-8b4b-02814898e98b,a562be4c-8928-11ec-a39e-0683fa8b8728,0
0,719 W. Raab,Apt #12,ab3d0a45-8928-11ec-a39e-0683fa8b8728,6312eb22-240e-11ef-8b4b-02814898e98b,a562be4c-8928-11ec-a39e-0683fa8b8728,0
0,719 W. Raab,Apt #12,ab45199e-8928-11ec-a39e-0683fa8b8728,6312eb22-240e-11ef-8b4b-02814898e98b,a562be4c-8928-11ec-a39e-0683fa8b8728,0
0,719 W. Raab,Apt #12,551ce5bf-d469-11ef-8b4b-02814898e98b,6312eb22-240e-11ef-8b4b-02814898e98b,a562be4c-8928-11ec-a39e-0683fa8b8728,0
0,719 W. Raab,Apt #2,4f177bf9-d469-11ef-8b4b-02814898e98b,6312eb22-240e-11ef-8b4b-02814898e98b,a562be4c-8928-11ec-a39e-0683fa8b8728,0
0,719 W. Raab,Apt #2,4f187006-d469-11ef-8b4b-02814898e98b,6312eb22-240e-11ef-8b4b-02814898e98b,a562be4c-8928-11ec-a39e-0683fa8b8728,0
0,719 W. Raab,Apt #2,4f196010-d469-11ef-8b4b-02814898e98b,6312eb22-240e-11ef-8b4b-02814898e98b,a562be4c-8928-11ec-a39e-0683fa8b8728,0
0,719 W. Raab,Apt #2,4f1a4b26-d469-11ef-8b4b-02814898e98b,6312eb22-240e-11ef-8b4b-02814898e98b,a562be4c-8928-11ec-a39e-0683fa8b8728,0
0,719 W. Raab,Apt #11,54e2ecf6-d469-11ef-8b4b-02814898e98b,6312eb22-240e-11ef-8b4b-02814898e98b,a562be4c-8928-11ec-a39e-0683fa8b8728,0
0,721 N. Idaho,,b36dd9db-350b-11f1-8b4b-02814898e98b,\N,4b9c12c2-0471-11f1-8b4b-02814898e98b,0
0,721 Osage Street ,,2ba20d11-8803-11ef-8b4b-02814898e98b,a5f0816b-d469-11ef-8b4b-02814898e98b,72ac8032-87e4-11ef-8b4b-02814898e98b,0
0,721 W. Raab,Apt #5,56957847-d469-11ef-8b4b-02814898e98b,6312eb22-240e-11ef-8b4b-02814898e98b,a562be4c-8928-11ec-a39e-0683fa8b8728,0
0,721 W. Raab,Apt #5,569674e7-d469-11ef-8b4b-02814898e98b,6312eb22-240e-11ef-8b4b-02814898e98b,a562be4c-8928-11ec-a39e-0683fa8b8728,0
0,721 W. Raab,Apt #5,56976300-d469-11ef-8b4b-02814898e98b,6312eb22-240e-11ef-8b4b-02814898e98b,a562be4c-8928-11ec-a39e-0683fa8b8728,0
0,721 W. Raab,Apt #6,ab82b5cb-8928-11ec-a39e-0683fa8b8728,6312eb22-240e-11ef-8b4b-02814898e98b,a562be4c-8928-11ec-a39e-0683fa8b8728,0
0,721 W. Raab,Apt #5,5698ba1c-d469-11ef-8b4b-02814898e98b,6312eb22-240e-11ef-8b4b-02814898e98b,a562be4c-8928-11ec-a39e-0683fa8b8728,0
0,721 W. Raab,Apt #6,ab8b118b-8928-11ec-a39e-0683fa8b8728,6312eb22-240e-11ef-8b4b-02814898e98b,a562be4c-8928-11ec-a39e-0683fa8b8728,0
0,721 W. Raab,Apt #6,ab966089-8928-11ec-a39e-0683fa8b8728,6312eb22-240e-11ef-8b4b-02814898e98b,a562be4c-8928-11ec-a39e-0683fa8b8728,0
0,721 W. Raab,Apt #6,ab9f66b7-8928-11ec-a39e-0683fa8b8728,6312eb22-240e-11ef-8b4b-02814898e98b,a562be4c-8928-11ec-a39e-0683fa8b8728,0
0,721 W. Raab,Apt #8,abd1eb08-8928-11ec-a39e-0683fa8b8728,6312eb22-240e-11ef-8b4b-02814898e98b,a562be4c-8928-11ec-a39e-0683fa8b8728,0
0,721 W. Raab,Apt #8,abdbf893-8928-11ec-a39e-0683fa8b8728,6312eb22-240e-11ef-8b4b-02814898e98b,a562be4c-8928-11ec-a39e-0683fa8b8728,0
0,721 W. Raab,Apt #8,abe73e72-8928-11ec-a39e-0683fa8b8728,6312eb22-240e-11ef-8b4b-02814898e98b,a562be4c-8928-11ec-a39e-0683fa8b8728,0
0,721 W. Raab,Apt #8,59861abc-d469-11ef-8b4b-02814898e98b,6312eb22-240e-11ef-8b4b-02814898e98b,a562be4c-8928-11ec-a39e-0683fa8b8728,0
0,722 Osage St ,,08f2ed7e-8806-11ef-8b4b-02814898e98b,a60777c5-d469-11ef-8b4b-02814898e98b,e781e188-87e4-11ef-8b4b-02814898e98b,0
0,725 Dale Street,,aaeb7bae-8f3e-11f0-8b4b-02814898e98b,\N,aaae34a7-8f3e-11f0-8b4b-02814898e98b,0
0,725 W. Raab,Apt #10,ade978bf-8928-11ec-a39e-0683fa8b8728,bd08eaa6-2412-11ef-8b4b-02814898e98b,a562be4c-8928-11ec-a39e-0683fa8b8728,0
0,725 W. Raab,Apt #10,adf3c53c-8928-11ec-a39e-0683fa8b8728,bd08eaa6-2412-11ef-8b4b-02814898e98b,a562be4c-8928-11ec-a39e-0683fa8b8728,0
0,725 W. Raab,Apt #10,6381ef09-d469-11ef-8b4b-02814898e98b,bd08eaa6-2412-11ef-8b4b-02814898e98b,a562be4c-8928-11ec-a39e-0683fa8b8728,0
0,725 W. Raab,Apt #10,6382e5a1-d469-11ef-8b4b-02814898e98b,bd08eaa6-2412-11ef-8b4b-02814898e98b,a562be4c-8928-11ec-a39e-0683fa8b8728,0
0,727 W. Raab,Apt #4,66d8044b-d469-11ef-8b4b-02814898e98b,bd08eaa6-2412-11ef-8b4b-02814898e98b,a562be4c-8928-11ec-a39e-0683fa8b8728,0
0,727 W. Raab,Apt #4,66d8f6de-d469-11ef-8b4b-02814898e98b,bd08eaa6-2412-11ef-8b4b-02814898e98b,a562be4c-8928-11ec-a39e-0683fa8b8728,0
0,727 W. Raab,Apt #4,66d9e76a-d469-11ef-8b4b-02814898e98b,bd08eaa6-2412-11ef-8b4b-02814898e98b,a562be4c-8928-11ec-a39e-0683fa8b8728,0
0,727 W. Raab,Apt #4,66dacfd3-d469-11ef-8b4b-02814898e98b,bd08eaa6-2412-11ef-8b4b-02814898e98b,a562be4c-8928-11ec-a39e-0683fa8b8728,0
0,727 W. Raab,Apt #7,6a2e3bc1-d469-11ef-8b4b-02814898e98b,bd08eaa6-2412-11ef-8b4b-02814898e98b,a562be4c-8928-11ec-a39e-0683fa8b8728,0
0,727 W. Raab,Apt #7,6a2f2d04-d469-11ef-8b4b-02814898e98b,bd08eaa6-2412-11ef-8b4b-02814898e98b,a562be4c-8928-11ec-a39e-0683fa8b8728,0
0,727 W. Raab,Apt #7,6a301c4b-d469-11ef-8b4b-02814898e98b,bd08eaa6-2412-11ef-8b4b-02814898e98b,a562be4c-8928-11ec-a39e-0683fa8b8728,0
0,727 W. Raab,Apt #7,6a31171b-d469-11ef-8b4b-02814898e98b,bd08eaa6-2412-11ef-8b4b-02814898e98b,a562be4c-8928-11ec-a39e-0683fa8b8728,0
0,727 W. Raab,Apt #9,6a4a8662-d469-11ef-8b4b-02814898e98b,bd08eaa6-2412-11ef-8b4b-02814898e98b,a562be4c-8928-11ec-a39e-0683fa8b8728,0
0,727 W. Raab,Apt #9,6a4b7d0f-d469-11ef-8b4b-02814898e98b,bd08eaa6-2412-11ef-8b4b-02814898e98b,a562be4c-8928-11ec-a39e-0683fa8b8728,0
0,727 W. Raab,Apt #9,6a4c6ccf-d469-11ef-8b4b-02814898e98b,bd08eaa6-2412-11ef-8b4b-02814898e98b,a562be4c-8928-11ec-a39e-0683fa8b8728,0
0,727 W. Raab,Apt #9,6a4d553f-d469-11ef-8b4b-02814898e98b,bd08eaa6-2412-11ef-8b4b-02814898e98b,a562be4c-8928-11ec-a39e-0683fa8b8728,0
0,727 W. Raab,Apt #1,ae65c455-8928-11ec-a39e-0683fa8b8728,bd08eaa6-2412-11ef-8b4b-02814898e98b,a562be4c-8928-11ec-a39e-0683fa8b8728,0
0,727 W. Raab,Apt #1,ae6f10d8-8928-11ec-a39e-0683fa8b8728,bd08eaa6-2412-11ef-8b4b-02814898e98b,a562be4c-8928-11ec-a39e-0683fa8b8728,0
0,727 W. Raab,Apt #1,ae79fa7a-8928-11ec-a39e-0683fa8b8728,bd08eaa6-2412-11ef-8b4b-02814898e98b,a562be4c-8928-11ec-a39e-0683fa8b8728,0
0,727 W. Raab,Apt #1,6596b1ce-d469-11ef-8b4b-02814898e98b,bd08eaa6-2412-11ef-8b4b-02814898e98b,a562be4c-8928-11ec-a39e-0683fa8b8728,0
0,727 W. Raab,Apt #5,af29bd30-8928-11ec-a39e-0683fa8b8728,bd08eaa6-2412-11ef-8b4b-02814898e98b,a562be4c-8928-11ec-a39e-0683fa8b8728,0
0,727 W. Raab,Apt #5,af3207a4-8928-11ec-a39e-0683fa8b8728,bd08eaa6-2412-11ef-8b4b-02814898e98b,a562be4c-8928-11ec-a39e-0683fa8b8728,0
0,727 W. Raab,Apt #5,af3a6eac-8928-11ec-a39e-0683fa8b8728,bd08eaa6-2412-11ef-8b4b-02814898e98b,a562be4c-8928-11ec-a39e-0683fa8b8728,0
0,727 W. Raab,Apt #5,6711e6bf-d469-11ef-8b4b-02814898e98b,bd08eaa6-2412-11ef-8b4b-02814898e98b,a562be4c-8928-11ec-a39e-0683fa8b8728,0
0,727 W. Raab,Apt #6,af4c469f-8928-11ec-a39e-0683fa8b8728,bd08eaa6-2412-11ef-8b4b-02814898e98b,a562be4c-8928-11ec-a39e-0683fa8b8728,0
0,727 W. Raab,Apt #6,af5537a8-8928-11ec-a39e-0683fa8b8728,bd08eaa6-2412-11ef-8b4b-02814898e98b,a562be4c-8928-11ec-a39e-0683fa8b8728,0
0,727 W. Raab,Apt #6,af5d6524-8928-11ec-a39e-0683fa8b8728,bd08eaa6-2412-11ef-8b4b-02814898e98b,a562be4c-8928-11ec-a39e-0683fa8b8728,0
0,727 W. Raab,Apt #6,af6580a1-8928-11ec-a39e-0683fa8b8728,bd08eaa6-2412-11ef-8b4b-02814898e98b,a562be4c-8928-11ec-a39e-0683fa8b8728,0
0,730 Dale Street,,0e8b6ef4-8807-11ef-8b4b-02814898e98b,a61c7449-d469-11ef-8b4b-02814898e98b,1ef87af9-87e1-11ef-8b4b-02814898e98b,0
0,800 S. University - 11,Unit 11,bdeaee5d-22ff-11eb-9ba0-024e14449321,78b05268-1df8-11ef-8b4b-02814898e98b,165aedf8-22ff-11eb-9ba0-024e14449321,0
0,800 S. University - 3,Unit 3,af1fe22d-22ff-11eb-9ba0-024e14449321,78b05268-1df8-11ef-8b4b-02814898e98b,165aedf8-22ff-11eb-9ba0-024e14449321,0
0,800 S. University - 5,Unit 5,b22c1ea1-22ff-11eb-9ba0-024e14449321,78b05268-1df8-11ef-8b4b-02814898e98b,165aedf8-22ff-11eb-9ba0-024e14449321,0
0,800 S. University - 6,Unit 6,b305b8df-22ff-11eb-9ba0-024e14449321,78b05268-1df8-11ef-8b4b-02814898e98b,165aedf8-22ff-11eb-9ba0-024e14449321,0
0,800 S. University - 7,Unit 7,bd28afe4-822e-11f0-8b4b-02814898e98b,78b05268-1df8-11ef-8b4b-02814898e98b,165aedf8-22ff-11eb-9ba0-024e14449321,0
0,800 S. University - 7,Unit 7,bd29856e-822e-11f0-8b4b-02814898e98b,78b05268-1df8-11ef-8b4b-02814898e98b,165aedf8-22ff-11eb-9ba0-024e14449321,0
0,800 S. University - 8,Unit 8,b61f300b-22ff-11eb-9ba0-024e14449321,78b05268-1df8-11ef-8b4b-02814898e98b,165aedf8-22ff-11eb-9ba0-024e14449321,0
0,800 S. University - 9,Unit 9,ba1d28c7-22ff-11eb-9ba0-024e14449321,78b05268-1df8-11ef-8b4b-02814898e98b,165aedf8-22ff-11eb-9ba0-024e14449321,0
0,800 Samantha,Unit 1,c12ffcf6-22ff-11eb-9ba0-024e14449321,ccdfc2e0-24f5-11ef-8b4b-02814898e98b,1673dd0f-22ff-11eb-9ba0-024e14449321,0
0,800 Samantha,Unit 1,c1f5f5a1-22ff-11eb-9ba0-024e14449321,ccdfc2e0-24f5-11ef-8b4b-02814898e98b,1673dd0f-22ff-11eb-9ba0-024e14449321,0
0,800 Samantha,Unit 1,c2630cfe-22ff-11eb-9ba0-024e14449321,ccdfc2e0-24f5-11ef-8b4b-02814898e98b,1673dd0f-22ff-11eb-9ba0-024e14449321,0
0,800 Samantha,Unit 2,c3e7d159-22ff-11eb-9ba0-024e14449321,ccdfc2e0-24f5-11ef-8b4b-02814898e98b,1673dd0f-22ff-11eb-9ba0-024e14449321,0
0,800 Samantha,Unit 2,c49562d1-22ff-11eb-9ba0-024e14449321,ccdfc2e0-24f5-11ef-8b4b-02814898e98b,1673dd0f-22ff-11eb-9ba0-024e14449321,0
0,800 Samantha,Unit 2,c535f5d1-22ff-11eb-9ba0-024e14449321,ccdfc2e0-24f5-11ef-8b4b-02814898e98b,1673dd0f-22ff-11eb-9ba0-024e14449321,0
0,800 Samantha,Unit 3,bdf5e92e-822e-11f0-8b4b-02814898e98b,ccdfc2e0-24f5-11ef-8b4b-02814898e98b,1673dd0f-22ff-11eb-9ba0-024e14449321,0
0,800 Samantha,Unit 3,c70328aa-22ff-11eb-9ba0-024e14449321,ccdfc2e0-24f5-11ef-8b4b-02814898e98b,1673dd0f-22ff-11eb-9ba0-024e14449321,0
0,800 Samantha,Unit 3,c78f439e-22ff-11eb-9ba0-024e14449321,ccdfc2e0-24f5-11ef-8b4b-02814898e98b,1673dd0f-22ff-11eb-9ba0-024e14449321,0
0,800 Samantha,Unit 4,c9e22b41-22ff-11eb-9ba0-024e14449321,ccdfc2e0-24f5-11ef-8b4b-02814898e98b,1673dd0f-22ff-11eb-9ba0-024e14449321,0
0,800 Samantha,Unit 3,c8057470-22ff-11eb-9ba0-024e14449321,ccdfc2e0-24f5-11ef-8b4b-02814898e98b,1673dd0f-22ff-11eb-9ba0-024e14449321,0
0,800 Samantha,Unit 4,cac5f1d0-22ff-11eb-9ba0-024e14449321,ccdfc2e0-24f5-11ef-8b4b-02814898e98b,1673dd0f-22ff-11eb-9ba0-024e14449321,0
0,800 Samantha,Unit 4,cbb53d10-22ff-11eb-9ba0-024e14449321,ccdfc2e0-24f5-11ef-8b4b-02814898e98b,1673dd0f-22ff-11eb-9ba0-024e14449321,0
0,800 Samantha,Unit 5,cda081a9-22ff-11eb-9ba0-024e14449321,ccdfc2e0-24f5-11ef-8b4b-02814898e98b,1673dd0f-22ff-11eb-9ba0-024e14449321,0
0,800 Samantha,Unit 5,be894e9d-822e-11f0-8b4b-02814898e98b,ccdfc2e0-24f5-11ef-8b4b-02814898e98b,1673dd0f-22ff-11eb-9ba0-024e14449321,0
0,800 Samantha,Unit 5,ce8dd748-22ff-11eb-9ba0-024e14449321,ccdfc2e0-24f5-11ef-8b4b-02814898e98b,1673dd0f-22ff-11eb-9ba0-024e14449321,0
0,800 Samantha,Unit 6,bed7290f-822e-11f0-8b4b-02814898e98b,ccdfc2e0-24f5-11ef-8b4b-02814898e98b,1673dd0f-22ff-11eb-9ba0-024e14449321,0
0,800 Samantha,Unit 5,cf2f95e2-22ff-11eb-9ba0-024e14449321,ccdfc2e0-24f5-11ef-8b4b-02814898e98b,1673dd0f-22ff-11eb-9ba0-024e14449321,0
0,800 Samantha,Unit 7,d4fb32c7-22ff-11eb-9ba0-024e14449321,ccdfc2e0-24f5-11ef-8b4b-02814898e98b,1673dd0f-22ff-11eb-9ba0-024e14449321,0
0,800 Samantha,Unit 6,cfd3d473-22ff-11eb-9ba0-024e14449321,ccdfc2e0-24f5-11ef-8b4b-02814898e98b,1673dd0f-22ff-11eb-9ba0-024e14449321,0
0,800 Samantha,Unit 7,d59cfffb-22ff-11eb-9ba0-024e14449321,ccdfc2e0-24f5-11ef-8b4b-02814898e98b,1673dd0f-22ff-11eb-9ba0-024e14449321,0
0,800 Samantha,Unit 6,d157ab53-22ff-11eb-9ba0-024e14449321,ccdfc2e0-24f5-11ef-8b4b-02814898e98b,1673dd0f-22ff-11eb-9ba0-024e14449321,0
0,800 Samantha,Unit 7,d68e22b5-22ff-11eb-9ba0-024e14449321,ccdfc2e0-24f5-11ef-8b4b-02814898e98b,1673dd0f-22ff-11eb-9ba0-024e14449321,0
0,800 Samantha,Unit 6,d21024cb-22ff-11eb-9ba0-024e14449321,ccdfc2e0-24f5-11ef-8b4b-02814898e98b,1673dd0f-22ff-11eb-9ba0-024e14449321,0
0,800 Samantha St ,Unit 1,0916338b-797c-11f1-b937-029b59f61d5d,f7f1bc36-797b-11f1-b937-029b59f61d5d,c59f33d6-797b-11f1-b937-029b59f61d5d,0
0,800 Samantha St ,Unit 2,1ced66e0-797c-11f1-b937-029b59f61d5d,f7f1bc36-797b-11f1-b937-029b59f61d5d,c59f33d6-797b-11f1-b937-029b59f61d5d,0
0,800 Samantha St ,Unit 3,52e70012-797c-11f1-b937-029b59f61d5d,f7f1bc36-797b-11f1-b937-029b59f61d5d,c59f33d6-797b-11f1-b937-029b59f61d5d,0
0,800 Samantha St,Unit 4,62996a30-797c-11f1-b937-029b59f61d5d,f7f1bc36-797b-11f1-b937-029b59f61d5d,c59f33d6-797b-11f1-b937-029b59f61d5d,0
0,800 Samantha St ,Unit 5,75aebd73-797c-11f1-b937-029b59f61d5d,f7f1bc36-797b-11f1-b937-029b59f61d5d,c59f33d6-797b-11f1-b937-029b59f61d5d,0
0,800 Samantha St ,Unit 6,9041cb47-797c-11f1-b937-029b59f61d5d,f7f1bc36-797b-11f1-b937-029b59f61d5d,c59f33d6-797b-11f1-b937-029b59f61d5d,0
0,800 Samantha St ,Unit 7,9d858e2f-797c-11f1-b937-029b59f61d5d,f7f1bc36-797b-11f1-b937-029b59f61d5d,c59f33d6-797b-11f1-b937-029b59f61d5d,0
0,801 S University St,Unit # 1,a5a07eed-6110-11ed-9528-0a5c5a1a7776,0b5af896-2993-11ef-8b4b-02814898e98b,a3e033e3-6110-11ed-9528-0a5c5a1a7776,0
0,801 S University St,Unit # 1,a5b10e7a-6110-11ed-9528-0a5c5a1a7776,0b5af896-2993-11ef-8b4b-02814898e98b,a3e033e3-6110-11ed-9528-0a5c5a1a7776,0
0,801 S University St,Unit # 1,a5c18fd5-6110-11ed-9528-0a5c5a1a7776,0b5af896-2993-11ef-8b4b-02814898e98b,a3e033e3-6110-11ed-9528-0a5c5a1a7776,0
0,801 S University St,Unit # 2,7c45ae23-d469-11ef-8b4b-02814898e98b,5aa0fefd-2348-11ef-8b4b-02814898e98b,a3e033e3-6110-11ed-9528-0a5c5a1a7776,0
0,801 S University St,Unit # 3,a61909b0-6110-11ed-9528-0a5c5a1a7776,0b5af896-2993-11ef-8b4b-02814898e98b,a3e033e3-6110-11ed-9528-0a5c5a1a7776,0
0,801 S University St,Unit # 3,a629d53a-6110-11ed-9528-0a5c5a1a7776,0b5af896-2993-11ef-8b4b-02814898e98b,a3e033e3-6110-11ed-9528-0a5c5a1a7776,0
0,801 S University St,Unit # 3,a63acc40-6110-11ed-9528-0a5c5a1a7776,0b5af896-2993-11ef-8b4b-02814898e98b,a3e033e3-6110-11ed-9528-0a5c5a1a7776,0
0,801 S University St,Unit # 4,a65be8f0-6110-11ed-9528-0a5c5a1a7776,0b5af896-2993-11ef-8b4b-02814898e98b,a3e033e3-6110-11ed-9528-0a5c5a1a7776,0
0,801 S University St,Unit # 4,a66c8e4e-6110-11ed-9528-0a5c5a1a7776,0b5af896-2993-11ef-8b4b-02814898e98b,a3e033e3-6110-11ed-9528-0a5c5a1a7776,0
0,801 S University St,Unit # 4,a67d55ff-6110-11ed-9528-0a5c5a1a7776,0b5af896-2993-11ef-8b4b-02814898e98b,a3e033e3-6110-11ed-9528-0a5c5a1a7776,0
0,801 S University St,Unit # 5,7f9dac23-d469-11ef-8b4b-02814898e98b,dbacb7b2-1e01-11ef-8b4b-02814898e98b,a3e033e3-6110-11ed-9528-0a5c5a1a7776,0
0,801 S University St,Unit # 6,a6c285d5-6110-11ed-9528-0a5c5a1a7776,0b5af896-2993-11ef-8b4b-02814898e98b,a3e033e3-6110-11ed-9528-0a5c5a1a7776,0
0,801 S University St,Unit # 6,a6d395a6-6110-11ed-9528-0a5c5a1a7776,0b5af896-2993-11ef-8b4b-02814898e98b,a3e033e3-6110-11ed-9528-0a5c5a1a7776,0
0,801 S University St,Unit # 6,a6e3dce3-6110-11ed-9528-0a5c5a1a7776,0b5af896-2993-11ef-8b4b-02814898e98b,a3e033e3-6110-11ed-9528-0a5c5a1a7776,0
0,801 S University St,Unit # 7,a70a7443-6110-11ed-9528-0a5c5a1a7776,0b5af896-2993-11ef-8b4b-02814898e98b,a3e033e3-6110-11ed-9528-0a5c5a1a7776,0
0,801 S University St,Unit # 7,a72005e7-6110-11ed-9528-0a5c5a1a7776,0b5af896-2993-11ef-8b4b-02814898e98b,a3e033e3-6110-11ed-9528-0a5c5a1a7776,0
0,801 S University St,Unit # 7,a7369639-6110-11ed-9528-0a5c5a1a7776,0b5af896-2993-11ef-8b4b-02814898e98b,a3e033e3-6110-11ed-9528-0a5c5a1a7776,0
0,801 S University St,Unit # 8,83146903-d469-11ef-8b4b-02814898e98b,5aa0fefd-2348-11ef-8b4b-02814898e98b,a3e033e3-6110-11ed-9528-0a5c5a1a7776,0
0,801 S University St,Unit # 9,83fa95a8-d469-11ef-8b4b-02814898e98b,7b05276a-d469-11ef-8b4b-02814898e98b,a3e033e3-6110-11ed-9528-0a5c5a1a7776,0
0,801 S University St,Unit # 10,a7cc99b5-6110-11ed-9528-0a5c5a1a7776,5aa0fefd-2348-11ef-8b4b-02814898e98b,a3e033e3-6110-11ed-9528-0a5c5a1a7776,0
0,801 S University St,Unit # 10,a7e1c1c5-6110-11ed-9528-0a5c5a1a7776,5aa0fefd-2348-11ef-8b4b-02814898e98b,a3e033e3-6110-11ed-9528-0a5c5a1a7776,0
0,801 S University St,Unit # 11,85ccfe3f-d469-11ef-8b4b-02814898e98b,5aa0fefd-2348-11ef-8b4b-02814898e98b,a3e033e3-6110-11ed-9528-0a5c5a1a7776,0
0,801 S University St,Unit # 12,a84e8150-6110-11ed-9528-0a5c5a1a7776,0b5af896-2993-11ef-8b4b-02814898e98b,a3e033e3-6110-11ed-9528-0a5c5a1a7776,0
0,801 S University St,Unit # 12,a8d8cd5c-6110-11ed-9528-0a5c5a1a7776,0b5af896-2993-11ef-8b4b-02814898e98b,a3e033e3-6110-11ed-9528-0a5c5a1a7776,0
0,801 S University St,Unit # 12,a8ea7bbb-6110-11ed-9528-0a5c5a1a7776,0b5af896-2993-11ef-8b4b-02814898e98b,a3e033e3-6110-11ed-9528-0a5c5a1a7776,0
0,801 S University St,Unit # 13,a90f2d43-6110-11ed-9528-0a5c5a1a7776,5aa0fefd-2348-11ef-8b4b-02814898e98b,a3e033e3-6110-11ed-9528-0a5c5a1a7776,0
0,801 S University St,Unit # 13,87f1c7c5-d469-11ef-8b4b-02814898e98b,5aa0fefd-2348-11ef-8b4b-02814898e98b,a3e033e3-6110-11ed-9528-0a5c5a1a7776,0
0,801 S University St,Unit # 14,88bd9fdd-d469-11ef-8b4b-02814898e98b,dbacb7b2-1e01-11ef-8b4b-02814898e98b,a3e033e3-6110-11ed-9528-0a5c5a1a7776,0
0,801 S University St,Unit # 15,893a66c4-d469-11ef-8b4b-02814898e98b,5aa0fefd-2348-11ef-8b4b-02814898e98b,a3e033e3-6110-11ed-9528-0a5c5a1a7776,0
0,801 S University St,Unit # 16,a9a36274-6110-11ed-9528-0a5c5a1a7776,5aa0fefd-2348-11ef-8b4b-02814898e98b,a3e033e3-6110-11ed-9528-0a5c5a1a7776,0
0,801 S University St,Unit # 16,a9b40c43-6110-11ed-9528-0a5c5a1a7776,5aa0fefd-2348-11ef-8b4b-02814898e98b,a3e033e3-6110-11ed-9528-0a5c5a1a7776,0
0,801 S University St,Unit # 17,a9d5375d-6110-11ed-9528-0a5c5a1a7776,0b5af896-2993-11ef-8b4b-02814898e98b,a3e033e3-6110-11ed-9528-0a5c5a1a7776,0
0,801 S University St,Unit # 17,a9e6af5e-6110-11ed-9528-0a5c5a1a7776,0b5af896-2993-11ef-8b4b-02814898e98b,a3e033e3-6110-11ed-9528-0a5c5a1a7776,0
0,801 S University St,Unit # 17,a9f7b205-6110-11ed-9528-0a5c5a1a7776,0b5af896-2993-11ef-8b4b-02814898e98b,a3e033e3-6110-11ed-9528-0a5c5a1a7776,0
0,801 S University St,Unit # 18,aa08a889-6110-11ed-9528-0a5c5a1a7776,0b5af896-2993-11ef-8b4b-02814898e98b,a3e033e3-6110-11ed-9528-0a5c5a1a7776,0
0,801 S University St,Unit # 18,aa1a0ebb-6110-11ed-9528-0a5c5a1a7776,0b5af896-2993-11ef-8b4b-02814898e98b,a3e033e3-6110-11ed-9528-0a5c5a1a7776,0
0,801 S University St,Unit # 18,aa2aaa13-6110-11ed-9528-0a5c5a1a7776,0b5af896-2993-11ef-8b4b-02814898e98b,a3e033e3-6110-11ed-9528-0a5c5a1a7776,0
0,801 S University St,Unit # 18,aa3b3b8f-6110-11ed-9528-0a5c5a1a7776,0b5af896-2993-11ef-8b4b-02814898e98b,a3e033e3-6110-11ed-9528-0a5c5a1a7776,0
0,801 S University St,Unit # 19,aa5ca878-6110-11ed-9528-0a5c5a1a7776,5aa0fefd-2348-11ef-8b4b-02814898e98b,a3e033e3-6110-11ed-9528-0a5c5a1a7776,0
0,801 S University St,Unit # 19,aa6e28d9-6110-11ed-9528-0a5c5a1a7776,5aa0fefd-2348-11ef-8b4b-02814898e98b,a3e033e3-6110-11ed-9528-0a5c5a1a7776,0
0,801 S University St,Unit # 20,aa90ef93-6110-11ed-9528-0a5c5a1a7776,5aa0fefd-2348-11ef-8b4b-02814898e98b,a3e033e3-6110-11ed-9528-0a5c5a1a7776,0
0,801 S University St,Unit # 20,aaa1d42f-6110-11ed-9528-0a5c5a1a7776,5aa0fefd-2348-11ef-8b4b-02814898e98b,a3e033e3-6110-11ed-9528-0a5c5a1a7776,0
0,801 S University St,Unit # 21,aac31714-6110-11ed-9528-0a5c5a1a7776,5aa0fefd-2348-11ef-8b4b-02814898e98b,a3e033e3-6110-11ed-9528-0a5c5a1a7776,0
0,801 S University St,Unit # 21,aad3c98e-6110-11ed-9528-0a5c5a1a7776,5aa0fefd-2348-11ef-8b4b-02814898e98b,a3e033e3-6110-11ed-9528-0a5c5a1a7776,0
0,801 S University St,Unit # 22,aaf50819-6110-11ed-9528-0a5c5a1a7776,5aa0fefd-2348-11ef-8b4b-02814898e98b,a3e033e3-6110-11ed-9528-0a5c5a1a7776,0
0,801 S University St,Unit # 22,ab073689-6110-11ed-9528-0a5c5a1a7776,5aa0fefd-2348-11ef-8b4b-02814898e98b,a3e033e3-6110-11ed-9528-0a5c5a1a7776,0
0,801 S University St,Unit # 23,918bef54-d469-11ef-8b4b-02814898e98b,5aa0fefd-2348-11ef-8b4b-02814898e98b,a3e033e3-6110-11ed-9528-0a5c5a1a7776,0
0,801 S University St,Unit # 24,93e4be95-d469-11ef-8b4b-02814898e98b,5aa0fefd-2348-11ef-8b4b-02814898e98b,a3e033e3-6110-11ed-9528-0a5c5a1a7776,0
0,801 Sheridan Rd,,ec936592-d9c5-11ef-8b4b-02814898e98b,\N,ec5c318b-d9c5-11ef-8b4b-02814898e98b,0
0,806 S. Cottage Ave,,e4729ff3-5f75-11ec-a39e-0683fa8b8728,\N,e4353e31-5f75-11ec-a39e-0683fa8b8728,0
0,807 Woodrow St - House,,6571b46f-87ef-11ef-8b4b-02814898e98b,a5959eb1-d469-11ef-8b4b-02814898e98b,0cb6c7fd-87eb-11ef-8b4b-02814898e98b,0
0,809 Franklin Ave,Unit 1,006cadee-2300-11eb-9ba0-024e14449321,b97dfeba-234c-11ef-8b4b-02814898e98b,16bfb119-22ff-11eb-9ba0-024e14449321,0
0,809 Franklin Ave,Unit 1,00f9d236-2300-11eb-9ba0-024e14449321,b97dfeba-234c-11ef-8b4b-02814898e98b,16bfb119-22ff-11eb-9ba0-024e14449321,0
0,809 Franklin Ave,Unit 2,01d8d86c-2300-11eb-9ba0-024e14449321,b97dfeba-234c-11ef-8b4b-02814898e98b,16bfb119-22ff-11eb-9ba0-024e14449321,0
0,809 Franklin Ave,Unit 2,026e1c1a-2300-11eb-9ba0-024e14449321,b97dfeba-234c-11ef-8b4b-02814898e98b,16bfb119-22ff-11eb-9ba0-024e14449321,0
0,809 Franklin Ave,Unit 3,c05f0b69-822e-11f0-8b4b-02814898e98b,b97dfeba-234c-11ef-8b4b-02814898e98b,16bfb119-22ff-11eb-9ba0-024e14449321,0
0,809 Franklin Ave,Unit 4,c0a22718-822e-11f0-8b4b-02814898e98b,b97dfeba-234c-11ef-8b4b-02814898e98b,16bfb119-22ff-11eb-9ba0-024e14449321,0
0,809 Franklin Ave,Unit 5,0618d0d8-2300-11eb-9ba0-024e14449321,b97dfeba-234c-11ef-8b4b-02814898e98b,16bfb119-22ff-11eb-9ba0-024e14449321,0
0,809 Franklin Ave,Unit 5,06876833-2300-11eb-9ba0-024e14449321,b97dfeba-234c-11ef-8b4b-02814898e98b,16bfb119-22ff-11eb-9ba0-024e14449321,0
0,809 Franklin Ave,Unit 6,0761464f-2300-11eb-9ba0-024e14449321,b97dfeba-234c-11ef-8b4b-02814898e98b,16bfb119-22ff-11eb-9ba0-024e14449321,0
0,809 Franklin Ave,Unit 6,07ea220f-2300-11eb-9ba0-024e14449321,b97dfeba-234c-11ef-8b4b-02814898e98b,16bfb119-22ff-11eb-9ba0-024e14449321,0
0,809 Franklin Ave,Unit 7,08c85e69-2300-11eb-9ba0-024e14449321,b97dfeba-234c-11ef-8b4b-02814898e98b,16bfb119-22ff-11eb-9ba0-024e14449321,0
0,809 Franklin Ave,Unit 7,0935289d-2300-11eb-9ba0-024e14449321,b97dfeba-234c-11ef-8b4b-02814898e98b,16bfb119-22ff-11eb-9ba0-024e14449321,0
0,809 Franklin Ave,Unit 8,09db3131-2300-11eb-9ba0-024e14449321,b97dfeba-234c-11ef-8b4b-02814898e98b,16bfb119-22ff-11eb-9ba0-024e14449321,0
0,809 Franklin Ave,Unit 8,0a428973-2300-11eb-9ba0-024e14449321,b97dfeba-234c-11ef-8b4b-02814898e98b,16bfb119-22ff-11eb-9ba0-024e14449321,0
0,809 Franklin Ave,Unit 9,0b1c527c-2300-11eb-9ba0-024e14449321,b97dfeba-234c-11ef-8b4b-02814898e98b,16bfb119-22ff-11eb-9ba0-024e14449321,0
0,809 Franklin Ave,Unit 9,0b906085-2300-11eb-9ba0-024e14449321,b97dfeba-234c-11ef-8b4b-02814898e98b,16bfb119-22ff-11eb-9ba0-024e14449321,0
0,809 Franklin Ave,Unit 10,0c0ea45a-2300-11eb-9ba0-024e14449321,b97dfeba-234c-11ef-8b4b-02814898e98b,16bfb119-22ff-11eb-9ba0-024e14449321,0
0,809 Franklin Ave,Unit 10,0c7dc990-2300-11eb-9ba0-024e14449321,b97dfeba-234c-11ef-8b4b-02814898e98b,16bfb119-22ff-11eb-9ba0-024e14449321,0
0,809 Franklin Ave,Unit 11,0d7a6f9a-2300-11eb-9ba0-024e14449321,b97dfeba-234c-11ef-8b4b-02814898e98b,16bfb119-22ff-11eb-9ba0-024e14449321,0
0,809 Franklin Ave,Unit 11,0dee3ad4-2300-11eb-9ba0-024e14449321,b97dfeba-234c-11ef-8b4b-02814898e98b,16bfb119-22ff-11eb-9ba0-024e14449321,0
0,809 Franklin Ave,Unit 12,c2f5c647-822e-11f0-8b4b-02814898e98b,b97dfeba-234c-11ef-8b4b-02814898e98b,16bfb119-22ff-11eb-9ba0-024e14449321,0
0,809 Woodrow St ,,dadd7619-8807-11ef-8b4b-02814898e98b,a63038b3-d469-11ef-8b4b-02814898e98b,79181705-87eb-11ef-8b4b-02814898e98b,0
0,9 Delaine - H,Unit H.1,ae41b35d-22ff-11eb-9ba0-024e14449321,\N,176a363b-22ff-11eb-9ba0-024e14449321,0
0,903 E. Empire,,c9328e7d-4b03-11eb-8189-0684b23f11cf,\N,c9089fe9-4b03-11eb-8189-0684b23f11cf,0
0,905 S Bosch Rd,,ffce5c26-0602-11f1-8b4b-02814898e98b,\N,5a9d1f84-0602-11f1-8b4b-02814898e98b,0
0,905 S. University,Unit # 2,c3e1690e-822e-11f0-8b4b-02814898e98b,13128b1a-2998-11ef-8b4b-02814898e98b,d0ca7617-611d-11ed-9528-0a5c5a1a7776,0
0,905 S. University,Unit # 3,d29383c2-611d-11ed-9528-0a5c5a1a7776,13128b1a-2998-11ef-8b4b-02814898e98b,d0ca7617-611d-11ed-9528-0a5c5a1a7776,0
0,905 S. University,Unit # 3,d2a9b279-611d-11ed-9528-0a5c5a1a7776,13128b1a-2998-11ef-8b4b-02814898e98b,d0ca7617-611d-11ed-9528-0a5c5a1a7776,0
0,905 S. University,Unit # 3,d2bf7f4a-611d-11ed-9528-0a5c5a1a7776,13128b1a-2998-11ef-8b4b-02814898e98b,d0ca7617-611d-11ed-9528-0a5c5a1a7776,0
0,905 S. University,Unit # 4,c46c0047-822e-11f0-8b4b-02814898e98b,13128b1a-2998-11ef-8b4b-02814898e98b,d0ca7617-611d-11ed-9528-0a5c5a1a7776,0
0,905 S. University,Unit # 5,d3257fe8-611d-11ed-9528-0a5c5a1a7776,13128b1a-2998-11ef-8b4b-02814898e98b,d0ca7617-611d-11ed-9528-0a5c5a1a7776,0
0,905 S. University,Unit # 5,d33996cb-611d-11ed-9528-0a5c5a1a7776,13128b1a-2998-11ef-8b4b-02814898e98b,d0ca7617-611d-11ed-9528-0a5c5a1a7776,0
0,905 S. University,Unit # 5,d34e2fce-611d-11ed-9528-0a5c5a1a7776,13128b1a-2998-11ef-8b4b-02814898e98b,d0ca7617-611d-11ed-9528-0a5c5a1a7776,0
0,905 S. University,Unit # 6,c50233ef-822e-11f0-8b4b-02814898e98b,13128b1a-2998-11ef-8b4b-02814898e98b,d0ca7617-611d-11ed-9528-0a5c5a1a7776,0
0,905 S. University,Unit # 7,c55f67fd-822e-11f0-8b4b-02814898e98b,13128b1a-2998-11ef-8b4b-02814898e98b,d0ca7617-611d-11ed-9528-0a5c5a1a7776,0
0,905 S. University,Unit # 8,c5b10966-822e-11f0-8b4b-02814898e98b,13128b1a-2998-11ef-8b4b-02814898e98b,d0ca7617-611d-11ed-9528-0a5c5a1a7776,0
0,905 S. University,Unit # 9,d44f1a23-611d-11ed-9528-0a5c5a1a7776,13128b1a-2998-11ef-8b4b-02814898e98b,d0ca7617-611d-11ed-9528-0a5c5a1a7776,0
0,905 S. University,Unit # 9,d4626cb7-611d-11ed-9528-0a5c5a1a7776,13128b1a-2998-11ef-8b4b-02814898e98b,d0ca7617-611d-11ed-9528-0a5c5a1a7776,0
0,905 S. University,Unit # 9,d4760691-611d-11ed-9528-0a5c5a1a7776,13128b1a-2998-11ef-8b4b-02814898e98b,d0ca7617-611d-11ed-9528-0a5c5a1a7776,0
0,905 S. University,Unit # 10,c645b98f-822e-11f0-8b4b-02814898e98b,13128b1a-2998-11ef-8b4b-02814898e98b,d0ca7617-611d-11ed-9528-0a5c5a1a7776,0
0,905 S. University,Unit # 11,d4ebc22b-611d-11ed-9528-0a5c5a1a7776,13128b1a-2998-11ef-8b4b-02814898e98b,d0ca7617-611d-11ed-9528-0a5c5a1a7776,0
0,905 S. University,Unit # 11,d500571d-611d-11ed-9528-0a5c5a1a7776,13128b1a-2998-11ef-8b4b-02814898e98b,d0ca7617-611d-11ed-9528-0a5c5a1a7776,0
0,905 S. University,Unit # 11,d515369e-611d-11ed-9528-0a5c5a1a7776,13128b1a-2998-11ef-8b4b-02814898e98b,d0ca7617-611d-11ed-9528-0a5c5a1a7776,0
0,905 S. University,Unit # 12,c6d47f45-822e-11f0-8b4b-02814898e98b,13128b1a-2998-11ef-8b4b-02814898e98b,d0ca7617-611d-11ed-9528-0a5c5a1a7776,0
0,905 S. University,Unit # 13,c71e925a-822e-11f0-8b4b-02814898e98b,13128b1a-2998-11ef-8b4b-02814898e98b,d0ca7617-611d-11ed-9528-0a5c5a1a7776,0
0,905 S. University,Unit # 1,c3951677-822e-11f0-8b4b-02814898e98b,13128b1a-2998-11ef-8b4b-02814898e98b,d0ca7617-611d-11ed-9528-0a5c5a1a7776,0
0,907-909 Market St,Unit 909-01,c818b2b5-822e-11f0-8b4b-02814898e98b,68e39e2e-c76e-11ee-8b4b-02814898e98b,17f8f8a5-22ff-11eb-9ba0-024e14449321,0
0,907-909 Market St,Unit 907-07,d78ff60b-22ff-11eb-9ba0-024e14449321,e6bab60d-c76c-11ee-8b4b-02814898e98b,17f8f8a5-22ff-11eb-9ba0-024e14449321,0
0,908 S. University,Unit # 2,966f24ad-d469-11ef-8b4b-02814898e98b,407356de-234f-11ef-8b4b-02814898e98b,69114635-612a-11ed-9528-0a5c5a1a7776,0
0,908 S. University,Unit # 3,97640031-d469-11ef-8b4b-02814898e98b,407356de-234f-11ef-8b4b-02814898e98b,69114635-612a-11ed-9528-0a5c5a1a7776,0
0,908 S. University,Unit # 4,98454211-d469-11ef-8b4b-02814898e98b,407356de-234f-11ef-8b4b-02814898e98b,69114635-612a-11ed-9528-0a5c5a1a7776,0
0,908 S. University,Unit # 6,6acf0564-612a-11ed-9528-0a5c5a1a7776,58805f70-299c-11ef-8b4b-02814898e98b,69114635-612a-11ed-9528-0a5c5a1a7776,0
0,908 S. University,Unit # 6,6adf71e5-612a-11ed-9528-0a5c5a1a7776,58805f70-299c-11ef-8b4b-02814898e98b,69114635-612a-11ed-9528-0a5c5a1a7776,0
0,908 S. University,Unit # 6,6df878e7-612a-11ed-9528-0a5c5a1a7776,58805f70-299c-11ef-8b4b-02814898e98b,69114635-612a-11ed-9528-0a5c5a1a7776,0
0,908 S. University,Unit # 7,6b017d5b-612a-11ed-9528-0a5c5a1a7776,58805f70-299c-11ef-8b4b-02814898e98b,69114635-612a-11ed-9528-0a5c5a1a7776,0
0,908 S. University,Unit # 7,6b13527e-612a-11ed-9528-0a5c5a1a7776,58805f70-299c-11ef-8b4b-02814898e98b,69114635-612a-11ed-9528-0a5c5a1a7776,0
0,908 S. University,Unit # 7,6b24e2f6-612a-11ed-9528-0a5c5a1a7776,58805f70-299c-11ef-8b4b-02814898e98b,69114635-612a-11ed-9528-0a5c5a1a7776,0
0,908 S. University,Unit # 8,9ba58ee3-d469-11ef-8b4b-02814898e98b,407356de-234f-11ef-8b4b-02814898e98b,69114635-612a-11ed-9528-0a5c5a1a7776,0
0,908 S. University,Unit # 9,9c82740f-d469-11ef-8b4b-02814898e98b,407356de-234f-11ef-8b4b-02814898e98b,69114635-612a-11ed-9528-0a5c5a1a7776,0
0,908 S. University,Unit # 10,9d44c90c-d469-11ef-8b4b-02814898e98b,58805f70-299c-11ef-8b4b-02814898e98b,69114635-612a-11ed-9528-0a5c5a1a7776,0
0,908 S. University,Unit # 11,9e8a0ef7-d469-11ef-8b4b-02814898e98b,407356de-234f-11ef-8b4b-02814898e98b,69114635-612a-11ed-9528-0a5c5a1a7776,0
0,908 S. University,Unit # 12,9fac09ec-d469-11ef-8b4b-02814898e98b,58805f70-299c-11ef-8b4b-02814898e98b,69114635-612a-11ed-9528-0a5c5a1a7776,0
0,908 S. University,Unit # 13,a091b8e0-d469-11ef-8b4b-02814898e98b,407356de-234f-11ef-8b4b-02814898e98b,69114635-612a-11ed-9528-0a5c5a1a7776,0
0,908 S. University,Unit # 15,a24d19e7-d469-11ef-8b4b-02814898e98b,407356de-234f-11ef-8b4b-02814898e98b,69114635-612a-11ed-9528-0a5c5a1a7776,0
0,908 S. University,Unit # 16,a32c92d8-d469-11ef-8b4b-02814898e98b,407356de-234f-11ef-8b4b-02814898e98b,69114635-612a-11ed-9528-0a5c5a1a7776,0
0,908 S. University,Unit # 1,a41f05e5-d469-11ef-8b4b-02814898e98b,c74f31ec-1e90-11ef-8b4b-02814898e98b,69114635-612a-11ed-9528-0a5c5a1a7776,0
0,908 S. University,Unit # 5,6d9da5ed-612a-11ed-9528-0a5c5a1a7776,407356de-234f-11ef-8b4b-02814898e98b,69114635-612a-11ed-9528-0a5c5a1a7776,0
0,908 S. University,Unit # 5,6dafa075-612a-11ed-9528-0a5c5a1a7776,407356de-234f-11ef-8b4b-02814898e98b,69114635-612a-11ed-9528-0a5c5a1a7776,0
0,908 S. University - 14.3,Unit # 14,a18a6cd6-d469-11ef-8b4b-02814898e98b,963ee5b5-d469-11ef-8b4b-02814898e98b,69114635-612a-11ed-9528-0a5c5a1a7776,0
0,910 Hovey,Unit 103,d6823c9a-22ff-11eb-9ba0-024e14449321,b53c5d74-2501-11ef-8b4b-02814898e98b,182e4699-22ff-11eb-9ba0-024e14449321,0
0,910 Hovey,Unit 103,d73062ac-22ff-11eb-9ba0-024e14449321,b53c5d74-2501-11ef-8b4b-02814898e98b,182e4699-22ff-11eb-9ba0-024e14449321,0
0,910 Hovey,Unit 103,d7f717e8-22ff-11eb-9ba0-024e14449321,b53c5d74-2501-11ef-8b4b-02814898e98b,182e4699-22ff-11eb-9ba0-024e14449321,0
0,910 Hovey Ave,Unit 101,c84bf5fe-822e-11f0-8b4b-02814898e98b,b53c5d74-2501-11ef-8b4b-02814898e98b,182e4699-22ff-11eb-9ba0-024e14449321,0
0,910 Hovey Ave,Unit 102,d2f2eba1-22ff-11eb-9ba0-024e14449321,b53c5d74-2501-11ef-8b4b-02814898e98b,182e4699-22ff-11eb-9ba0-024e14449321,0
0,910 Hovey Ave,Unit 102,d3b15246-22ff-11eb-9ba0-024e14449321,b53c5d74-2501-11ef-8b4b-02814898e98b,182e4699-22ff-11eb-9ba0-024e14449321,0
0,910 Hovey Ave,Unit 102,d453ecd6-22ff-11eb-9ba0-024e14449321,b53c5d74-2501-11ef-8b4b-02814898e98b,182e4699-22ff-11eb-9ba0-024e14449321,0
0,910 Hovey Ave,Unit 102,d516ad5f-22ff-11eb-9ba0-024e14449321,b53c5d74-2501-11ef-8b4b-02814898e98b,182e4699-22ff-11eb-9ba0-024e14449321,0
0,910 Hovey Ave,Unit 104,c9595ad4-822e-11f0-8b4b-02814898e98b,b53c5d74-2501-11ef-8b4b-02814898e98b,182e4699-22ff-11eb-9ba0-024e14449321,0
0,910 Hovey Ave,Unit 105,dd320136-22ff-11eb-9ba0-024e14449321,b53c5d74-2501-11ef-8b4b-02814898e98b,182e4699-22ff-11eb-9ba0-024e14449321,0
0,910 Hovey Ave,Unit 105,dc62cc07-22ff-11eb-9ba0-024e14449321,b53c5d74-2501-11ef-8b4b-02814898e98b,182e4699-22ff-11eb-9ba0-024e14449321,0
0,910 Hovey Ave,Unit 105,de92231d-22ff-11eb-9ba0-024e14449321,b53c5d74-2501-11ef-8b4b-02814898e98b,182e4699-22ff-11eb-9ba0-024e14449321,0
0,910 Hovey Ave,Unit 107,e12afb61-22ff-11eb-9ba0-024e14449321,b53c5d74-2501-11ef-8b4b-02814898e98b,182e4699-22ff-11eb-9ba0-024e14449321,0
0,910 Hovey Ave,Unit 107,e1f0f2e2-22ff-11eb-9ba0-024e14449321,b53c5d74-2501-11ef-8b4b-02814898e98b,182e4699-22ff-11eb-9ba0-024e14449321,0
0,910 Hovey Ave,Unit 107,e2c18c22-22ff-11eb-9ba0-024e14449321,b53c5d74-2501-11ef-8b4b-02814898e98b,182e4699-22ff-11eb-9ba0-024e14449321,0
0,910 Hovey Ave,Unit 108,ca8b3022-822e-11f0-8b4b-02814898e98b,b53c5d74-2501-11ef-8b4b-02814898e98b,182e4699-22ff-11eb-9ba0-024e14449321,0
0,910 Hovey Ave,Unit 109,cadb464a-822e-11f0-8b4b-02814898e98b,b53c5d74-2501-11ef-8b4b-02814898e98b,182e4699-22ff-11eb-9ba0-024e14449321,0
0,910 Hovey Ave,Unit 110,ea7445b2-22ff-11eb-9ba0-024e14449321,b53c5d74-2501-11ef-8b4b-02814898e98b,182e4699-22ff-11eb-9ba0-024e14449321,0
0,910 Hovey Ave,Unit 110,eaecab13-22ff-11eb-9ba0-024e14449321,b53c5d74-2501-11ef-8b4b-02814898e98b,182e4699-22ff-11eb-9ba0-024e14449321,0
0,910 Hovey Ave,Unit 110,eb609c15-22ff-11eb-9ba0-024e14449321,b53c5d74-2501-11ef-8b4b-02814898e98b,182e4699-22ff-11eb-9ba0-024e14449321,0
0,910 Hovey Ave,Unit 111,eca44e1e-22ff-11eb-9ba0-024e14449321,b53c5d74-2501-11ef-8b4b-02814898e98b,182e4699-22ff-11eb-9ba0-024e14449321,0
0,910 Hovey Ave,Unit 111,ed6bfd2a-22ff-11eb-9ba0-024e14449321,b53c5d74-2501-11ef-8b4b-02814898e98b,182e4699-22ff-11eb-9ba0-024e14449321,0
0,910 Hovey Ave,Unit 111,ee5a5151-22ff-11eb-9ba0-024e14449321,b53c5d74-2501-11ef-8b4b-02814898e98b,182e4699-22ff-11eb-9ba0-024e14449321,0
0,910 Hovey Ave,Unit 112,efd683d3-22ff-11eb-9ba0-024e14449321,b53c5d74-2501-11ef-8b4b-02814898e98b,182e4699-22ff-11eb-9ba0-024e14449321,0
0,910 Hovey Ave,Unit 112,f08060d1-22ff-11eb-9ba0-024e14449321,b53c5d74-2501-11ef-8b4b-02814898e98b,182e4699-22ff-11eb-9ba0-024e14449321,0
0,910 Hovey Ave,Unit 112,f156c7bf-22ff-11eb-9ba0-024e14449321,b53c5d74-2501-11ef-8b4b-02814898e98b,182e4699-22ff-11eb-9ba0-024e14449321,0
0,911 Franklin Ave,Unit 1,f284a566-22ff-11eb-9ba0-024e14449321,28955e5b-2352-11ef-8b4b-02814898e98b,18508e7c-22ff-11eb-9ba0-024e14449321,0
0,911 Franklin Ave,Unit 1,f30a2ddc-22ff-11eb-9ba0-024e14449321,28955e5b-2352-11ef-8b4b-02814898e98b,18508e7c-22ff-11eb-9ba0-024e14449321,0
0,911 Franklin Ave,Unit 2,cca66bbc-822e-11f0-8b4b-02814898e98b,28955e5b-2352-11ef-8b4b-02814898e98b,18508e7c-22ff-11eb-9ba0-024e14449321,0
0,911 Franklin Ave,Unit 3,f559a44c-22ff-11eb-9ba0-024e14449321,eb8dd341-1e91-11ef-8b4b-02814898e98b,18508e7c-22ff-11eb-9ba0-024e14449321,0
0,911 Franklin Ave,Unit 4,f644f018-22ff-11eb-9ba0-024e14449321,28955e5b-2352-11ef-8b4b-02814898e98b,18508e7c-22ff-11eb-9ba0-024e14449321,0
0,911 Franklin Ave,Unit 4,f6b85234-22ff-11eb-9ba0-024e14449321,28955e5b-2352-11ef-8b4b-02814898e98b,18508e7c-22ff-11eb-9ba0-024e14449321,0
0,911 Franklin Ave,Unit 5,f7a8c4ae-22ff-11eb-9ba0-024e14449321,28955e5b-2352-11ef-8b4b-02814898e98b,18508e7c-22ff-11eb-9ba0-024e14449321,0
0,911 Franklin Ave,Unit 5,f859b70c-22ff-11eb-9ba0-024e14449321,28955e5b-2352-11ef-8b4b-02814898e98b,18508e7c-22ff-11eb-9ba0-024e14449321,0
0,911 Franklin Ave,Unit 6,cdbd06c3-822e-11f0-8b4b-02814898e98b,28955e5b-2352-11ef-8b4b-02814898e98b,18508e7c-22ff-11eb-9ba0-024e14449321,0
0,911 Franklin Ave,Unit 7,cdffc031-822e-11f0-8b4b-02814898e98b,eb8dd341-1e91-11ef-8b4b-02814898e98b,18508e7c-22ff-11eb-9ba0-024e14449321,0
0,911 Franklin Ave,Unit 8,ce59e37d-822e-11f0-8b4b-02814898e98b,28955e5b-2352-11ef-8b4b-02814898e98b,18508e7c-22ff-11eb-9ba0-024e14449321,0
0,912 Hovey,Unit 204,cccae38e-d468-11ef-8b4b-02814898e98b,3652dce8-273b-11ef-8b4b-02814898e98b,189d6bdd-22ff-11eb-9ba0-024e14449321,0
0,912 Hovey - 209.2,Unit 209,d555bff7-d468-11ef-8b4b-02814898e98b,c6563e07-d468-11ef-8b4b-02814898e98b,189d6bdd-22ff-11eb-9ba0-024e14449321,0
0,912 Hovey Ave,Unit 201,c68fb8aa-d468-11ef-8b4b-02814898e98b,3652dce8-273b-11ef-8b4b-02814898e98b,189d6bdd-22ff-11eb-9ba0-024e14449321,0
0,912 Hovey Ave,Unit 202,c85ae29e-d468-11ef-8b4b-02814898e98b,3652dce8-273b-11ef-8b4b-02814898e98b,189d6bdd-22ff-11eb-9ba0-024e14449321,0
0,912 Hovey Ave,Unit 203,ca085938-d468-11ef-8b4b-02814898e98b,3652dce8-273b-11ef-8b4b-02814898e98b,189d6bdd-22ff-11eb-9ba0-024e14449321,0
0,912 Hovey Ave,Unit 205,ceb287be-d468-11ef-8b4b-02814898e98b,3652dce8-273b-11ef-8b4b-02814898e98b,189d6bdd-22ff-11eb-9ba0-024e14449321,0
0,912 Hovey Ave,Unit 207,d18ecbd0-d468-11ef-8b4b-02814898e98b,3652dce8-273b-11ef-8b4b-02814898e98b,189d6bdd-22ff-11eb-9ba0-024e14449321,0
0,912 Hovey Ave,Unit 208,d31f12e9-d468-11ef-8b4b-02814898e98b,3652dce8-273b-11ef-8b4b-02814898e98b,189d6bdd-22ff-11eb-9ba0-024e14449321,0
0,912 Hovey Ave,Unit 210,d6cf015c-d468-11ef-8b4b-02814898e98b,c65a18ea-d468-11ef-8b4b-02814898e98b,189d6bdd-22ff-11eb-9ba0-024e14449321,0
0,912 Hovey Ave,Unit 211,d8483e1a-d468-11ef-8b4b-02814898e98b,3652dce8-273b-11ef-8b4b-02814898e98b,189d6bdd-22ff-11eb-9ba0-024e14449321,0
0,912 Hovey Ave,Unit 212,da0666c9-d468-11ef-8b4b-02814898e98b,3652dce8-273b-11ef-8b4b-02814898e98b,189d6bdd-22ff-11eb-9ba0-024e14449321,0
0,915 Morgan Street ,,baa1d48f-3769-11f1-8b4b-02814898e98b,\N,bd042298-2e0b-11f1-8b4b-02814898e98b,0
0,917 W. Market,Unit 1,1ee1801c-2300-11eb-9ba0-024e14449321,a586f203-19e5-11ef-8b4b-02814898e98b,18d12159-22ff-11eb-9ba0-024e14449321,0
0,917 W. Market ,Unit 2,1fbb65b9-2300-11eb-9ba0-024e14449321,a586f203-19e5-11ef-8b4b-02814898e98b,18d12159-22ff-11eb-9ba0-024e14449321,0
0,917 W. Market ,Unit 3,20cb258a-2300-11eb-9ba0-024e14449321,a586f203-19e5-11ef-8b4b-02814898e98b,18d12159-22ff-11eb-9ba0-024e14449321,0
0,917 W. Market,Unit 4,222fb414-2300-11eb-9ba0-024e14449321,f5b3746f-19e8-11ef-8b4b-02814898e98b,18d12159-22ff-11eb-9ba0-024e14449321,0
0,917 W. Market,Unit 5,22f11d97-2300-11eb-9ba0-024e14449321,a586f203-19e5-11ef-8b4b-02814898e98b,18d12159-22ff-11eb-9ba0-024e14449321,0
0,917 W. Market,Unit 6,23b74e76-2300-11eb-9ba0-024e14449321,a586f203-19e5-11ef-8b4b-02814898e98b,18d12159-22ff-11eb-9ba0-024e14449321,0
0,917 W. Market,Unit 7,24c3258c-2300-11eb-9ba0-024e14449321,a586f203-19e5-11ef-8b4b-02814898e98b,18d12159-22ff-11eb-9ba0-024e14449321,0
0,917 W. Market,Unit 8,25b494d3-2300-11eb-9ba0-024e14449321,f5b3746f-19e8-11ef-8b4b-02814898e98b,18d12159-22ff-11eb-9ba0-024e14449321,0
0,917 W. Market,Unit 9,27a7fc6c-2300-11eb-9ba0-024e14449321,a586f203-19e5-11ef-8b4b-02814898e98b,18d12159-22ff-11eb-9ba0-024e14449321,0
0,917 W. Market,Unit 10,286f43fb-2300-11eb-9ba0-024e14449321,f5b3746f-19e8-11ef-8b4b-02814898e98b,18d12159-22ff-11eb-9ba0-024e14449321,0
0,917 W. Market,Unit 11,28fa0c77-2300-11eb-9ba0-024e14449321,f5b3746f-19e8-11ef-8b4b-02814898e98b,18d12159-22ff-11eb-9ba0-024e14449321,0
0,917 W. Market,Unit 12,296e647c-2300-11eb-9ba0-024e14449321,f5b3746f-19e8-11ef-8b4b-02814898e98b,18d12159-22ff-11eb-9ba0-024e14449321,0
0,918 N. Fell,,03348f47-57a1-11ec-a39e-0683fa8b8728,\N,0306da17-57a1-11ec-a39e-0683fa8b8728,0
0,92 Yotzonot Dr,\N,2c385a75-2300-11eb-9ba0-024e14449321,\N,18ed959f-22ff-11eb-9ba0-024e14449321,0
0,920 W. Hovey,Unit 1,2ce916ae-2300-11eb-9ba0-024e14449321,012ca992-24f0-11ef-8b4b-02814898e98b,1910e73f-22ff-11eb-9ba0-024e14449321,0
0,920 W. Hovey,Unit 1,2d789221-2300-11eb-9ba0-024e14449321,012ca992-24f0-11ef-8b4b-02814898e98b,1910e73f-22ff-11eb-9ba0-024e14449321,0
0,920 W. Hovey,Unit 1,2ddc8363-2300-11eb-9ba0-024e14449321,012ca992-24f0-11ef-8b4b-02814898e98b,1910e73f-22ff-11eb-9ba0-024e14449321,0
0,920 W. Hovey,Unit 2,cf607c06-822e-11f0-8b4b-02814898e98b,012ca992-24f0-11ef-8b4b-02814898e98b,1910e73f-22ff-11eb-9ba0-024e14449321,0
0,920 W. Hovey,Unit 3,cfadbcb6-822e-11f0-8b4b-02814898e98b,012ca992-24f0-11ef-8b4b-02814898e98b,1910e73f-22ff-11eb-9ba0-024e14449321,0
0,920 W. Hovey,Unit 4,341d2a05-2300-11eb-9ba0-024e14449321,012ca992-24f0-11ef-8b4b-02814898e98b,1910e73f-22ff-11eb-9ba0-024e14449321,0
0,920 W. Hovey,Unit 4,348eea08-2300-11eb-9ba0-024e14449321,012ca992-24f0-11ef-8b4b-02814898e98b,1910e73f-22ff-11eb-9ba0-024e14449321,0
0,920 W. Hovey,Unit 4,34eb0757-2300-11eb-9ba0-024e14449321,012ca992-24f0-11ef-8b4b-02814898e98b,1910e73f-22ff-11eb-9ba0-024e14449321,0
0,920 W. Hovey,Unit 5,35b8e9c6-2300-11eb-9ba0-024e14449321,012ca992-24f0-11ef-8b4b-02814898e98b,1910e73f-22ff-11eb-9ba0-024e14449321,0
0,920 W. Hovey,Unit 5,364c5a03-2300-11eb-9ba0-024e14449321,012ca992-24f0-11ef-8b4b-02814898e98b,1910e73f-22ff-11eb-9ba0-024e14449321,0
0,920 W. Hovey,Unit 5,36e68a1a-2300-11eb-9ba0-024e14449321,012ca992-24f0-11ef-8b4b-02814898e98b,1910e73f-22ff-11eb-9ba0-024e14449321,0
0,920 W. Hovey,Unit 6,37cb7709-2300-11eb-9ba0-024e14449321,012ca992-24f0-11ef-8b4b-02814898e98b,1910e73f-22ff-11eb-9ba0-024e14449321,0
0,920 W. Hovey,Unit 6,38734b6e-2300-11eb-9ba0-024e14449321,012ca992-24f0-11ef-8b4b-02814898e98b,1910e73f-22ff-11eb-9ba0-024e14449321,0
0,920 W. Hovey,Unit 6,39158ec2-2300-11eb-9ba0-024e14449321,012ca992-24f0-11ef-8b4b-02814898e98b,1910e73f-22ff-11eb-9ba0-024e14449321,0
0,920 W. Hovey,Unit 7,3a0d8bd5-2300-11eb-9ba0-024e14449321,012ca992-24f0-11ef-8b4b-02814898e98b,1910e73f-22ff-11eb-9ba0-024e14449321,0
0,920 W. Hovey,Unit 7,3a1e546f-2300-11eb-9ba0-024e14449321,012ca992-24f0-11ef-8b4b-02814898e98b,1910e73f-22ff-11eb-9ba0-024e14449321,0
0,920 W. Hovey,Unit 7,3a86635b-2300-11eb-9ba0-024e14449321,012ca992-24f0-11ef-8b4b-02814898e98b,1910e73f-22ff-11eb-9ba0-024e14449321,0
0,920 W. Hovey,Unit 3,3196cc93-2300-11eb-9ba0-024e14449321,012ca992-24f0-11ef-8b4b-02814898e98b,1910e73f-22ff-11eb-9ba0-024e14449321,0
0,920 W. Hovey,Unit 3,3239867f-2300-11eb-9ba0-024e14449321,012ca992-24f0-11ef-8b4b-02814898e98b,1910e73f-22ff-11eb-9ba0-024e14449321,0
0,920 W. Hovey,Unit 3,32d098b6-2300-11eb-9ba0-024e14449321,012ca992-24f0-11ef-8b4b-02814898e98b,1910e73f-22ff-11eb-9ba0-024e14449321,0
0,920 W. Hovey,Unit 2,2edb8e80-2300-11eb-9ba0-024e14449321,012ca992-24f0-11ef-8b4b-02814898e98b,1910e73f-22ff-11eb-9ba0-024e14449321,0
0,920 W. Hovey,Unit 2,2fa760dc-2300-11eb-9ba0-024e14449321,012ca992-24f0-11ef-8b4b-02814898e98b,1910e73f-22ff-11eb-9ba0-024e14449321,0
0,920 W. Hovey,Unit 2,3003951d-2300-11eb-9ba0-024e14449321,012ca992-24f0-11ef-8b4b-02814898e98b,1910e73f-22ff-11eb-9ba0-024e14449321,0
0,920 W. Hovey,Unit 1,3c579fed-7975-11f1-b937-029b59f61d5d,198860b4-7975-11f1-b937-029b59f61d5d,d999bd6e-7974-11f1-b937-029b59f61d5d,0
0,920 W. Hovey ,Unit 2,54dcb471-7975-11f1-b937-029b59f61d5d,198860b4-7975-11f1-b937-029b59f61d5d,d999bd6e-7974-11f1-b937-029b59f61d5d,0
0,920 W. Hovey,Unit 3,6f5b45ca-7975-11f1-b937-029b59f61d5d,198860b4-7975-11f1-b937-029b59f61d5d,d999bd6e-7974-11f1-b937-029b59f61d5d,0
0,920 W. Hovey ,Unit 4,7da8f5b6-7975-11f1-b937-029b59f61d5d,198860b4-7975-11f1-b937-029b59f61d5d,d999bd6e-7974-11f1-b937-029b59f61d5d,0
0,920 W. Hovey ,Unit 5,90e3d8cf-7975-11f1-b937-029b59f61d5d,198860b4-7975-11f1-b937-029b59f61d5d,d999bd6e-7974-11f1-b937-029b59f61d5d,0
0,920 W. Hovey ,Unit 6,9d5de9bb-7975-11f1-b937-029b59f61d5d,198860b4-7975-11f1-b937-029b59f61d5d,d999bd6e-7974-11f1-b937-029b59f61d5d,0
0,920 W. Hovey ,Unit 7,a9e2099e-7975-11f1-b937-029b59f61d5d,198860b4-7975-11f1-b937-029b59f61d5d,d999bd6e-7974-11f1-b937-029b59f61d5d,0
0,94 Yotzonot Dr,\N,3c05a69f-2300-11eb-9ba0-024e14449321,\N,192ccbf3-22ff-11eb-9ba0-024e14449321,0
0,96 Yotzonot Dr,\N,bff82968-22ff-11eb-9ba0-024e14449321,\N,19519020-22ff-11eb-9ba0-024e14449321,0
0,98 E. Locust,Unit 1,3e89b434-d468-11ef-8b4b-02814898e98b,ebcd7d2a-2cc7-11ef-8b4b-02814898e98b,198d7440-22ff-11eb-9ba0-024e14449321,0
0,98 E. Locust,Unit 2,40125358-d468-11ef-8b4b-02814898e98b,ebcd7d2a-2cc7-11ef-8b4b-02814898e98b,198d7440-22ff-11eb-9ba0-024e14449321,0
0,98 E. Locust,Unit 3,41fd9b46-d468-11ef-8b4b-02814898e98b,f4ec00a4-1e94-11ef-8b4b-02814898e98b,198d7440-22ff-11eb-9ba0-024e14449321,0
0,98 E. Locust,Unit 4,43198d78-d468-11ef-8b4b-02814898e98b,f4ec00a4-1e94-11ef-8b4b-02814898e98b,198d7440-22ff-11eb-9ba0-024e14449321,0
0,98 E. Locust,Unit 5,44582983-d468-11ef-8b4b-02814898e98b,ebcd7d2a-2cc7-11ef-8b4b-02814898e98b,198d7440-22ff-11eb-9ba0-024e14449321,0
0,98 E. Locust,Unit 6,45c4255d-d468-11ef-8b4b-02814898e98b,ebcd7d2a-2cc7-11ef-8b4b-02814898e98b,198d7440-22ff-11eb-9ba0-024e14449321,0
0,98 E. Locust,Unit 7,4780509b-d468-11ef-8b4b-02814898e98b,f4ec00a4-1e94-11ef-8b4b-02814898e98b,198d7440-22ff-11eb-9ba0-024e14449321,0
0,98 E. Locust,Unit 8,48669631-d468-11ef-8b4b-02814898e98b,f4ec00a4-1e94-11ef-8b4b-02814898e98b,198d7440-22ff-11eb-9ba0-024e14449321,0
0,98 W. Cypress,,ebf1ae39-22ff-11eb-9ba0-024e14449321,\N,19c9dcb2-22ff-11eb-9ba0-024e14449321,0
0,98 W. Locust,Unit 9,d18415c6-822e-11f0-8b4b-02814898e98b,472c8154-1e98-11ef-8b4b-02814898e98b,19e3f669-22ff-11eb-9ba0-024e14449321,0
0,98 W. Locust,Unit 9,d18523f6-822e-11f0-8b4b-02814898e98b,472c8154-1e98-11ef-8b4b-02814898e98b,19e3f669-22ff-11eb-9ba0-024e14449321,0
0,98 Yotzonot Dr,,f9534b5c-22ff-11eb-9ba0-024e14449321,\N,1a12e689-22ff-11eb-9ba0-024e14449321,0
0,99 W. Cherry,Unit 6,132f8487-2301-11eb-9ba0-024e14449321,ecfa5094-24db-11ef-8b4b-02814898e98b,1bbd51d9-22ff-11eb-9ba0-024e14449321,0
0,99 W. Cherry,Unit 9,19616736-2301-11eb-9ba0-024e14449321,db707e44-24e4-11ef-8b4b-02814898e98b,1bbd51d9-22ff-11eb-9ba0-024e14449321,0
0,99 W. Cherry,Unit 12,1fce8a6a-2301-11eb-9ba0-024e14449321,ecfa5094-24db-11ef-8b4b-02814898e98b,1bbd51d9-22ff-11eb-9ba0-024e14449321,0
0,99 W. Cherry,Unit 16,28401bdf-2301-11eb-9ba0-024e14449321,db707e44-24e4-11ef-8b4b-02814898e98b,1bbd51d9-22ff-11eb-9ba0-024e14449321,0
0,99 W. Cherry,Unit 20,30c2962d-2301-11eb-9ba0-024e14449321,ecfa5094-24db-11ef-8b4b-02814898e98b,1bbd51d9-22ff-11eb-9ba0-024e14449321,0
0,99 W. Cherry,Unit 1,f5bcea70-d468-11ef-8b4b-02814898e98b,db707e44-24e4-11ef-8b4b-02814898e98b,1bbd51d9-22ff-11eb-9ba0-024e14449321,0
0,99 W. Cherry,Unit 2,f7af4a53-d468-11ef-8b4b-02814898e98b,db707e44-24e4-11ef-8b4b-02814898e98b,1bbd51d9-22ff-11eb-9ba0-024e14449321,0
0,99 W. Cherry,Unit 8,fd7067a0-d468-11ef-8b4b-02814898e98b,db707e44-24e4-11ef-8b4b-02814898e98b,1bbd51d9-22ff-11eb-9ba0-024e14449321,0
0,99 W. Cherry,Unit 15,00cfcec5-d469-11ef-8b4b-02814898e98b,db707e44-24e4-11ef-8b4b-02814898e98b,1bbd51d9-22ff-11eb-9ba0-024e14449321,0
0,99 W. Phoenix - 1,Unit 1,fdde75dd-22ff-11eb-9ba0-024e14449321,ce9749da-1e9c-11ef-8b4b-02814898e98b,1a545701-22ff-11eb-9ba0-024e14449321,0
0,99 W. Phoenix - 6,Unit 6,05e087b4-2300-11eb-9ba0-024e14449321,ce9749da-1e9c-11ef-8b4b-02814898e98b,1a545701-22ff-11eb-9ba0-024e14449321,0
0,99 W. Phoenix - 7,Unit 7,07863bd7-2300-11eb-9ba0-024e14449321,ce9749da-1e9c-11ef-8b4b-02814898e98b,1a545701-22ff-11eb-9ba0-024e14449321,0
0,99 W. Phoenix - 8,Unit 8,099f7918-2300-11eb-9ba0-024e14449321,ce9749da-1e9c-11ef-8b4b-02814898e98b,1a545701-22ff-11eb-9ba0-024e14449321,0
0,Christopher Way - Christopher Way Garage #1,,7152c830-84da-11ef-8b4b-02814898e98b,\N,1b8ecc5f-22ff-11eb-9ba0-024e14449321,0
0,Christopher Way - Christopher Way Garage #2,,78e8f775-84da-11ef-8b4b-02814898e98b,\N,1b8ecc5f-22ff-11eb-9ba0-024e14449321,0
0,Christopher Way - Christopher Way Garage #3,,7f5aae14-84da-11ef-8b4b-02814898e98b,\N,1b8ecc5f-22ff-11eb-9ba0-024e14449321,0
0,Christopher Way - Christopher Way Garage #4,,86398f3d-84da-11ef-8b4b-02814898e98b,\N,1b8ecc5f-22ff-11eb-9ba0-024e14449321,0
0,Christopher Way - Christopher Way Garage #5,,8dab67d9-84da-11ef-8b4b-02814898e98b,\N,1b8ecc5f-22ff-11eb-9ba0-024e14449321,0
0,Christopher Way - Christopher Way Garage #6,,9409b236-84da-11ef-8b4b-02814898e98b,\N,1b8ecc5f-22ff-11eb-9ba0-024e14449321,0
0,Christopher Way - Christopher Way Garage #7,,9d8d6eba-a369-11ef-8b4b-02814898e98b,\N,1b8ecc5f-22ff-11eb-9ba0-024e14449321,0
0,Christopher Way - Christopher Way Garage #8,,4d601d56-3b29-11f0-8b4b-02814898e98b,\N,1b8ecc5f-22ff-11eb-9ba0-024e14449321,0
0,Christopher Way - Christopher Way Garage A,,1173348a-84d9-11ef-8b4b-02814898e98b,\N,1b8ecc5f-22ff-11eb-9ba0-024e14449321,0
0,Christopher Way - Christopher Way Garage B,,5da7eb98-84d9-11ef-8b4b-02814898e98b,\N,1b8ecc5f-22ff-11eb-9ba0-024e14449321,0
0,Christopher Way - Christopher Way Garage C,,643e64df-84d9-11ef-8b4b-02814898e98b,\N,1b8ecc5f-22ff-11eb-9ba0-024e14449321,0
0,Christopher Way - Christopher Way Garage D,,6a66ce64-84d9-11ef-8b4b-02814898e98b,\N,1b8ecc5f-22ff-11eb-9ba0-024e14449321,0
0,Christopher Way - Christopher Way Garage E,,70589eb7-84d9-11ef-8b4b-02814898e98b,\N,1b8ecc5f-22ff-11eb-9ba0-024e14449321,0
0,Christopher Way - Christopher Way Garage F,,7600b01b-84d9-11ef-8b4b-02814898e98b,\N,1b8ecc5f-22ff-11eb-9ba0-024e14449321,0
0,Christopher Way - Christopher Way Garage G,,7f591aae-84d9-11ef-8b4b-02814898e98b,\N,1b8ecc5f-22ff-11eb-9ba0-024e14449321,0
0,Christopher Way - Christopher Way Garage H,,8efe6443-84d9-11ef-8b4b-02814898e98b,\N,1b8ecc5f-22ff-11eb-9ba0-024e14449321,0
0,Christopher Way - Christopher Way Garage I,,953c0c02-84d9-11ef-8b4b-02814898e98b,\N,1b8ecc5f-22ff-11eb-9ba0-024e14449321,0
0,Christopher Way - Christopher Way Garage J,,c2b1edfe-84d9-11ef-8b4b-02814898e98b,\N,1b8ecc5f-22ff-11eb-9ba0-024e14449321,0
0,Christopher Way - Christopher Way Garage K,,c9570257-84d9-11ef-8b4b-02814898e98b,\N,1b8ecc5f-22ff-11eb-9ba0-024e14449321,0
0,Christopher Way - Christopher Way Garage L,,d12ad2e0-84d9-11ef-8b4b-02814898e98b,\N,1b8ecc5f-22ff-11eb-9ba0-024e14449321,0
0,Christopher Way - Christopher Way Garage M,,dde68b92-84d9-11ef-8b4b-02814898e98b,\N,1b8ecc5f-22ff-11eb-9ba0-024e14449321,0
0,Christopher Way - Christopher Way Garage N,,e3f805ac-84d9-11ef-8b4b-02814898e98b,\N,1b8ecc5f-22ff-11eb-9ba0-024e14449321,0
0,Christopher Way - Christopher Way Garage O,,ec7bfcbc-84d9-11ef-8b4b-02814898e98b,\N,1b8ecc5f-22ff-11eb-9ba0-024e14449321,0
0,Christopher Way - Christopher Way Garage P,,f6c21811-84d9-11ef-8b4b-02814898e98b,\N,1b8ecc5f-22ff-11eb-9ba0-024e14449321,0
0,Christopher Way - Christopher Way Garage Q,,ffbbe9c7-84d9-11ef-8b4b-02814898e98b,\N,1b8ecc5f-22ff-11eb-9ba0-024e14449321,0
0,Christopher Way - Christopher Way Garage R,,07713254-84da-11ef-8b4b-02814898e98b,\N,1b8ecc5f-22ff-11eb-9ba0-024e14449321,0
0,Christopher Way - Christopher Way Garage S,,0ed22aff-84da-11ef-8b4b-02814898e98b,\N,1b8ecc5f-22ff-11eb-9ba0-024e14449321,0
0,Christopher Way - Christopher Way Garage T,,1a6d2371-84da-11ef-8b4b-02814898e98b,\N,1b8ecc5f-22ff-11eb-9ba0-024e14449321,0
0,Christopher Way - Christopher Way Garage U,,2103dc33-84da-11ef-8b4b-02814898e98b,\N,1b8ecc5f-22ff-11eb-9ba0-024e14449321,0
0,Christopher Way - Christopher Way Garage V,,298492a6-84da-11ef-8b4b-02814898e98b,\N,1b8ecc5f-22ff-11eb-9ba0-024e14449321,0
0,Christopher Way - Christopher Way Garage W,,2f05e2ab-84da-11ef-8b4b-02814898e98b,\N,1b8ecc5f-22ff-11eb-9ba0-024e14449321,0
0,Christopher Way - Christopher Way Garage X,,414d76c7-84da-11ef-8b4b-02814898e98b,\N,1b8ecc5f-22ff-11eb-9ba0-024e14449321,0
0,Christopher Way - Christopher Way Garage Y,,4910325a-84da-11ef-8b4b-02814898e98b,\N,1b8ecc5f-22ff-11eb-9ba0-024e14449321,0
0,Garage #34,,0f9b10d6-0b53-11ec-a39e-0683fa8b8728,\N,1cb7475c-22ff-11eb-9ba0-024e14449321,0
0,Garage #55,Unit 7,b6a7a3f4-2301-11eb-9ba0-024e14449321,\N,1cb7475c-22ff-11eb-9ba0-024e14449321,0
0,Garage #6,,b65703de-2301-11eb-9ba0-024e14449321,\N,1cb7475c-22ff-11eb-9ba0-024e14449321,0
